isoCode,name_en,name_pt,name_fr,name_it,name_es,flagUrl,description_en,description_pt,description_fr,description_it,description_es,capital,largestCity,population,areaKm2,densityKm2,government,officialLanguage,demonym,gdp,hdi,currency,timeZone,callingCode,internetTld
"AD","Andorra","Andorra","Andorre","Andorra","Andorra","https://en.wikipedia.org/wiki/Special:FilePath/Flag_of_Andorra.svg?width=250","Andorra, officially the Principality of Andorra, is a landlocked country on the Iberian Peninsula, in the eastern Pyrenees in southwestern Europe, bordered by France to the north and Spain to the south. Believed to have been created by Charlemagne, Andorra was ruled by the count of Urgell until 988, when it was transferred to the Diocese of Urgell. Andorra was formed as a polity by a charter in 1278, being a lordship within the Principality of Catalonia until 1715. It is currently headed by two co-princes: the Bishop of Urgell in Catalonia, Spain, and the president of France. Its capital and largest city is Andorra la Vella.","Andorra é a sexta menor nação da Europa, com uma área de 468 km² e uma população de aproximadamente 77 281 habitantes. Os andorranos são um grupo étnico românico de ascendência originalmente catalã. Andorra é o 16.º menor país do mundo em terra e o 11.º menor país em população. Sua capital, Andorra-a-Velha, é a capital mais alta da Europa, a uma altitude de 1 023 m acima do nível do mar. A língua oficial do país é o catalão, embora espanhol e francês também sejam comumente falados.","LAndorre, en forme longue la principauté d'Andorre, est un État d'Europe du Sud et, selon certaines définitions, d'Europe de l'Ouest, en fait d'Europe du Sud-Ouest. Bordée par l'Espagne et la France, et située dans le massif des Pyrénées, elle est principalement constituée de montagnes élevées.","Dal punto di vista dell'ordinamento dello Stato Andorra è una diarchia: dal 1278, anno di sua istituzione, è infatti retta da due principi a pari rango: il capo della diocesi di Urgell, che ereditò i diritti su Andorra dei conti di Urgell, e il presidente della repubblica francese, successore dei sovrani di Francia, a loro volta riassegnatari dei diritti dei conti di Foix.","Andorra, oficialmente el Principado de Andorra, es un microestado soberano sin litoral ubicado en el suroeste de Europa, entre la comunidad autónoma de Cataluña y la región de Occitania, en el límite de la península ibérica. Se constituye en Estado independiente, de derecho, democrático y social, cuya forma de gobierno es el coprincipado parlamentario, única en el mundo. Su territorio está organizado en siete parroquias, con una población total de a 31 de diciembre de 2025. Su capital y núcleo más poblado es Andorra la Vieja.","Andorra la Vella","Andorra la Vella","89752","468","191.8","Unitary parliamentary constitutional|co-principality","Catalan","Andorran","3.897","0.913","Euro|(|€|)","+01:00","+376",".ad"
"AE","United Arab Emirates","Emirados Árabes Unidos","Émirats arabes unis","Emirati Arabi Uniti","Emiratos Árabes Unidos","https://en.wikipedia.org/wiki/Special:FilePath/Flag_of_the_United_Arab_Emirates.svg?width=250","The United Arab Emirates, also known simply as the Emirates, is a country in West Asia, situated at the eastern end of the Arabian Peninsula. It is a federal semi-constitutional monarchy made up of seven emirates, with Abu Dhabi serving as its national capital. The UAE borders Oman to the east and northeast, and Saudi Arabia to the south and southwest. It shares maritime borders with Saudi Arabia, Qatar, and Iran in the Persian Gulf, and with Oman in the Gulf of Oman. In 2024, the UAE had an estimated population of over 11 million. Dubai is the country's largest city. Islam is the state religion. Arabic is the official language while English remains the most spoken language and the language of business.","Antes de 1971, os Emirados Árabes Unidos eram conhecidos como Estados da Trégua, em referência a uma trégua do século XIX entre o Reino Unido e vários xeques árabes. O nome Costa Pirata também foi utilizado em referência aos emirados que ocupam a região do século XVIII até o início do século XX. O sistema político dos Emirados Árabes Unidos, baseado na constituição de 1971, dispõe de vários órgãos ligados intrinsecamente. O islamismo é a religião oficial e o idioma árabe, a língua oficial.","Les Émirats arabes unis sont un État fédéral, créé en 1971, situé au Moyen-Orient entre le golfe Persique et le golfe d'Oman. Ils réunissent sept émirats : Abou Dabi, Ajman, Charjah, Dubaï, Fujaïrah, Ras el Khaïmah et Oumm al Qaïwaïn. La capitale fédérale est Abou Dabi, mais la plus grande ville est Dubaï.","Gli Emirati Arabi Uniti, ufficialmente Stato degli Emirati Arabi Uniti, sono un Paese arabo del Medio Oriente situato nel sud-est della penisola arabica, in Asia occidentale, che confina con l'Oman a sud-est, con l'Arabia Saudita a sud-ovest ed è bagnato dal Golfo Persico a nord. Lo Stato è composto da sette emirati: Abu Dhabi, ʿAjmān, Dubai, Fujaira, Ra's al-Khayma, Sharja e Umm al-Qaywayn.","El petróleo es la principal fuente de ingresos y el componente esencial de su PIB. Los Emiratos Árabes Unidos son la 30.ª economía por volumen de PIB y en cuanto al índice de desarrollo humano, elaborado por Naciones Unidas, fueron situados en el puesto n.º 42 entre 188 países en 2016.","Abu Dhabi","Dubai","11027129","83600","132","Federal|semi-presidential|elective|semi-constitutional monarchy","Arabic","Emirati","621.546","0.94","Emirati dirham|(|)","+04:00","+971",".ae|امارات."
"AF","Afghanistan","Afeganistão","Afghanistan","Afghanistan","Afganistán","https://en.wikipedia.org/wiki/Special:FilePath/Flag_of_Taliban.svg?width=250","Afghanistan, officially the Islamic Emirate of Afghanistan, is a landlocked country located at the crossroads of Central and South Asia. It is bordered by Pakistan to the east and south, Iran to the west, Turkmenistan to the northwest, Uzbekistan to the north, Tajikistan to the northeast, and China to the northeast and east. Occupying 652864 of land, the country is predominantly mountainous with plains in the north and the southwest, which are separated by the Hindu Kush mountain range. Kabul is the country's capital and largest city. Afghanistan's population is estimated to be between 35 and 50 million.","O território do Afeganistão foi um ponto essencial para a rota da seda e para a migração humana. Arqueólogos encontraram evidências de presença humana remontantes ao Paleolítico Médio. A civilização urbana pode ter começado entre e O país fica em uma localização geoestratégica importante que liga o Oriente Médio à Ásia Central e ao subcontinente indiano, tendo sido a casa de vários povos através dos tempos. A terra tem testemunhado muitas campanhas militares, desde a Antiguidade: as mais notáveis feitas por Alexandre o Grande, Chandragupta Máuria, Gêngis Cã, pela União Soviética e, mais recentemente, pelos Estados Unidos e OTAN. Também foi local de origem de várias dinastias locais como os Greco-bactrianos, Cuchanas, Safáridas, Gasnévidas, Gúridas, Timúridas, Mogóis e muitos outros que criaram seus próprios impérios.","LAfghanistan, en forme longue de facto lémirat islamique d'Afghanistan mais encore reconnu internationalement en tant que République Islamique d'Afghanistan, est un pays d'Asie du Sud ou d'Asie centrale sans accès à la mer entouré par l'Ouzbékistan au nord, la Chine et le Tadjikistan au nord-est, le Pakistan à l'est-sud-est, l’Iran à l'ouest et le Turkménistan au nord-ouest.","La situazione politica dell'Afghanistan è frammentata: il governo riconosciuto dall'intera comunità internazionale è quello della Repubblica Islamica dell'Afghanistan, che di fatto ha cessato di esistere dopo la caduta di Kabul del 2021. Da agosto dello stesso anno, il paese è de facto controllato dai talebani, che vi hanno instaurato un emirato, ufficialmente chiamato Emirato Islamico dell'Afghanistan. A luglio 2025, l'emirato è riconosciuto solamente dalla Russia.","La particular situación geográfica de Afganistán lo ha convertido en un lugar de encuentro de imperios y civilizaciones, así como un espacio de intercambio y comunicación de importantes polos culturales y comerciales; entre ellos destaca la Ruta de la Seda. Este hecho, así como su estructura tribal, hace difícil la definición de Afganistán como Estado a lo largo de la historia. En este contexto, el territorio recibió tres denominaciones principales en su evolución: Ariana,Jorasán y Afganistán en la Edad Moderna. La historia del territorio que ocupa hoy Afganistán es vasta, hay indicios de quienes habitaron estas tierras desde la época de la Prehistoria. Desde la Edad Antigua, pasando por la Edad Media, Edad Moderna y hasta la Edad Contemporánea ha sido parte de muchos imperios y reinos.","Kabul","Kabul","42500000","652864","64.4","Unitary|totalitarian|theocratic|Islamic|emirate","Pashto|Dari","Afghan","17.329","0.496","Afghani","+4:30","",".af"
"AL","Albania","Albânia","Albanie","Albania","Albania","https://en.wikipedia.org/wiki/Special:FilePath/Flag_of_Albania.svg?width=250","Albania, officially the Republic of Albania, is a country in Southeast Europe. It is located in the Balkans, on the Adriatic and Ionian Seas within the Mediterranean Sea, and shares land borders with Montenegro to the northwest, Kosovo to the northeast, North Macedonia to the east and Greece to the south. With an area of, it has a varied range of climatic, geological, hydrological and morphological conditions. Albania's landscapes range from rugged snow-capped mountains in the Albanian Alps and the Korab, Skanderbeg, Pindus and Ceraunian Mountains, to fertile lowland plains extending from the Adriatic and Ionian seacoasts. Tirana is the capital and largest city in the country, followed by Durrës, Vlorë, and Shkodër.","Situada na borda ocidental da península Balcânica, limita-se ao norte com o Montenegro, a nordeste com o Kosovo, a leste com Macedônia do Norte e Grécia e ao sul e oeste com o Mar Adriático, do outro lado do qual se encontra a Itália. A língua oficial é o albanês. Segundo dados de 2011, cerca de 53% da população da Albânia vive em zonas urbanas, e 47% em zonas rurais. Em 2012, existiam na Albânia aproximadamente 120 000 automóveis.","L', en forme longue la, est une république située en Europe du Sud, dans la partie occidentale de la péninsule des Balkans. Elle possède une façade maritime à l'ouest, donnant sur la mer Adriatique et la mer Ionienne ; l'Italie est distante de quatre-vingts kilomètres via le canal d'Otrante. L'Albanie possède également des frontières communes avec le Monténégro au nord-ouest, avec le Kosovo au nord-est, avec la Macédoine du Nord à l'est, et avec la Grèce au sud-est.","LAlbania, ufficialmente Repubblica d'Albania, è uno Stato dell'Europa meridionale e orientale, situato nella penisola balcanica. Confina a nord-ovest con il Montenegro, a nord-est con il Kosovo, a est con la Macedonia del Nord e a sud con la Grecia. Le sue coste si affacciano sul Mar Adriatico e sullo Ionio. Il paese, con i suoi confini, ha una superficie di e una popolazione di circa 2 milioni e 750 mila abitanti. La capitale è Tirana.","El actual territorio albanés fue, en diversos momentos de su historia, parte de la provincia romana de Dalmacia, de Macedonia y de Mesia Superior. La república moderna consiguió su independencia tras el colapso del Imperio otomano en Europa como resultado de las guerras de los Balcanes, desarrolladas entre los años 1912 y 1913. Albania declaró su independencia en 1912 y esta fue reconocida al año siguiente. A partir de entonces, el país se constituyó como principado, república y reino hasta que fue invadida por tropas italianas en 1939. Italia fundó la Gran Albania, que en 1943 pasó a ser protectorado nazi. En 1944 se creó una democracia popular comunista bajo el liderazgo de Enver Hoxha y el Partido del Trabajo de Albania, que gobernaron el país hasta la disolución de la república socialista y la fundación de la República de Albania en 1991.","Tirana","Tirana","2335930","28748","81.3","Unitary parliamentary republic","Albanian","Albanian","33.33","0.81","Lek","+1","+355",".al"
"AM","Armenia","Arménia","Arménie","Armenia","Armenia","https://en.wikipedia.org/wiki/Special:FilePath/Flag_of_Armenia.svg?width=250","Armenia, officially the Republic of Armenia, is a landlocked country in the Armenian highlands of West Asia.","Em área, era a menor república integrante da União Soviética. A Arménia configura-se num Estado unitário, multipartidário, democrático, com uma antiga herança histórica e cultural. Historicamente, foi a primeira nação a adotar o cristianismo como religião de Estado, em 301. O país é constitucionalmente um Estado laico, tendo a fé cristã uma grande identificação com o povo. A Fé Bahá’í está presente no país desde o final do século 19 apos a chegada dos primeiros pioneiros Cavalheiros de Bahá’u’lláh.","LArménie, en forme longue la république d'Arménie, est un État-nation unitaire, démocratique et multipartite.","LArmenia, ufficialmente Repubblica di Armenia, è uno Stato dell'Asia occidentale, situato nel Caucaso meridionale; la capitale è Erevan.","Armenia, oficialmente la República de Armenia, es un país sin salida al mar localizado en Eurasia. Cultural, histórica y políticamente Armenia se considera como parte de Europa del Este. Comparte frontera al oeste con Turquía, al norte con Georgia, al este con Azerbaiyán, y al sur con Irán y el exclave azerbaiyano de Najicheván.","Yerevan","Yerevan","3100100","29743","104.2","Unitary parliamentary republic","Armenian","Armenian","31.873","0.811","Dram|(|֏|)","+4","+374",".am|.հայ"
"AO","Angola","Angola","Angola","Angola","Angola","https://en.wikipedia.org/wiki/Special:FilePath/Flag_of_Angola.svg%3C!--_DO_NOT_add_the_proposed_flag%3B_you_WILL_be_reverted_and_warned!_--%3E?width=250","Angola, officially the Republic of Angola, is a country on the western coast of Southern Africa. It is the second-largest Portuguese-speaking country after Brazil in both total area and population and is the seventh-largest country in Africa. It is bordered by Namibia to the south, the Democratic Republic of the Congo to the north, Zambia to the east, and the Atlantic Ocean to the west. Angola has an exclave province, the province of Cabinda, that borders the Republic of the Congo and the Democratic Republic of the Congo. The capital and most populous city is Luanda.","O território angolano tem sido habitado desde tempos pré-históricos, inicialmente por povos Khoisan. A partir do século IX, a migração bantu terá alcançado a região, com os povos bantus dominando gradualmente o território. Entre estes, destacaram-se os Ambundos, os Congos, os Lunda-Chokwe, os Ovimbundos, e os Herero. A presença portuguesa iniciou-se no, com a chegada de Diogo Cão em 1482, e intensificou-se com Paulo Dias de Novais em 1575, que fundou a cidade de São Paulo de Luanda. Durante mais de quatro séculos, Angola foi uma colónia portuguesa, embora o controlo efectivo do interior só tenha ocorrido no, após a Conferência de Berlim.","L’Angola est un État du sud-ouest de l'Afrique, limitrophe de la république démocratique du Congo au nord et au nord-est, de la république du Congo au nord-ouest, de la Zambie à l'est-sud-est et de la Namibie au sud.","LAngola, ufficialmente Repubblica dell'Angola, è uno Stato situato sulla costa occidentale dell'Africa meridionale. È il settimo stato africano per estensione e confina a nord con la Repubblica Democratica del Congo, a est con lo Zambia, a sud con la Namibia e a ovest si affaccia sull'oceano Atlantico. Fa parte del territorio nazionale anche l'exclave di Cabinda situata al confine fra Repubblica Democratica del Congo e Repubblica del Congo. La capitale e maggiore città è Luanda.","Los portugueses estuvieron presentes en diversos puntos de la costa que hoy pertenece a Angola desde el e interactuaron de diversas maneras con los nativos. La presencia portuguesa se afianzó en el con su penetración hacia el interior del territorio y su ocupación efectiva para considerarla una colonia de los europeos, tal y como se estipuló en la conferencia de Berlín de 1884/85. La consolidación de la colonización no se produjo sino hasta la década de 1920, después del sometimiento del pueblo mbunda y el secuestro de su rey, Mwene Mbandu Kapova I.","Luanda","Luanda","36604681","1246700","29.4","Unitary|presidential republic","Portuguese","Angolan","113.34","0.616","Angolan kwanza","+1","+244",".ao"
"AR","Argentina","Argentina","Argentine","Argentina","Argentina","https://en.wikipedia.org/wiki/Special:FilePath/Flag_of_Argentina.svg?width=250","Argentina, officially the Argentine Republic, is a country in the Southern Cone of South America. It covers an area of 2780085, making it the second-largest country in South America after Brazil, the fourth-largest country in the Americas, and the eighth-largest country in the world. Argentina shares the bulk of the Southern Cone with Chile to the west, and is also bordered by Bolivia and Paraguay to the north, Brazil to the northeast, Uruguay and the South Atlantic Ocean to the east, and the Drake Passage to the south. Argentina is a federal state subdivided into twenty-three provinces, and one autonomous city, which is the federal capital and largest city of the nation, Buenos Aires. The provinces and the capital have their own constitutions, but exist under a federal system. Argentina claims sovereignty over the Falkland Islands, South Georgia and the South Sandwich Islands, the Southern Patagonian Ice Field, and a part of Antarctica.","Argentina ( oficialmente República Argentina, é o segundo maior país da América do Sul em território e o terceiro em termos de população, constituída como uma federação de 23 províncias e uma cidade autônoma, Buenos Aires, capital do país. É o oitavo maior país do mundo em área territorial e o maior entre as nações de língua espanhola, embora México, Colômbia e Espanha, que possuem menor território, sejam mais populosos.","LArgentine, en forme longue la République argentine, est un pays d'Amérique du Sud partageant ses frontières avec le Chili à l'ouest, la Bolivie et le Paraguay au nord, le Brésil et l'Uruguay au nord-est, et enfin l'océan Atlantique à l'est et au sud. Son territoire américain continental couvre une grande partie du Cône Sud.","LArgentina, ufficialmente Repubblica Argentina, è una repubblica federale, situata nella parte meridionale del Sud America. Il suo territorio è suddiviso in 23 province e una città autonoma, Buenos Aires, che è la capitale del Paese e sede del governo federale, nella cui area metropolitana è concentrato un terzo della popolazione del paese. Con una superficie di 2 791 812 km², è il più esteso paese di lingua spagnola nel mondo, il secondo Stato più esteso dell'America Latina dopo il Brasile, il quarto del continente americano dopo il Canada, gli Stati Uniti e il Brasile e l'ottavo più esteso del mondo.","Argentina, oficialmente República Argentina, es un país soberano ubicado en el extremo sur y sudeste de América del Sur. Adopta la forma de gobierno democrática, federal, representativa y republicana. Se constituye como un país federal descentralizado, compuesto por veintitrés provincias más la Ciudad Autónoma de Buenos Aires, designada como capital federal.","Buenos Aires","Buenos Aires","46735004","2780085","16.81","Federal|presidential republic","Spanish","Argentine|Argentinian|Argentinean","688.378","0.865","Argentine peso|(|$|)","– 03:00","+54",".ar"
"AT","Austria","Áustria","Autriche","Austria","Austria","https://en.wikipedia.org/wiki/Special:FilePath/Flag_of_Austria.svg?width=250","Austria, formally the Republic of Austria, is a landlocked country in Central Europe, lying in the Eastern Alps. It is a federation of nine states, of which the capital Vienna is the most populous city and state. Austria is bordered by Germany to the northwest, the Czech Republic to the north, Slovakia to the northeast, Hungary to the east, Slovenia and Italy to the south, and Switzerland and Liechtenstein to the west. The country occupies an area of 83879 and has a population of about 9.2 million.","As origens da Áustria remetem-se ao tempo do Império Romano, quando o Reino Nórico, de origem celta, foi conquistado pelos romanos por volta de 15 a.C. e, mais tarde, tornou-se Nórica, uma província romana, em meados do século I d.C., em uma área que abrangia a maior parte da Áustria atual. Em 788 d.C., o rei franco Carlos Magno conquistou a área e introduziu o cristianismo. Sob a dinastia nativa dos Habsburgo, o país tornou-se uma das grandes potências da Europa. Em 1867, o Império Austríaco uniu-se à Hungria, formando assim a Áustria-Hungria.","LAutriche, en forme longue la république d'Autriche, est un État fédéral d'Europe centrale, sans accès à la mer. Pays montagneux, il est entouré, dans le sens des aiguilles d'une montre, par l'Allemagne et la Tchéquie au nord, la Slovaquie et la Hongrie à l'est, la Slovénie et l'Italie au sud, et par la Suisse et le Liechtenstein à l'ouest. Sa capitale est Vienne, la plus grande ville du pays.","LAustria, ufficialmente Repubblica d'Austria, è uno Stato dell'Europa centrale delle Alpi orientali, membro dell'Unione europea. Repubblica semipresidenziale federale composta da nove Länder, confina con Svizzera e Liechtenstein a ovest, Slovenia e Italia a sud, Ungheria a est, Slovacchia a nord-est, Germania e Repubblica Ceca a nord.","Sus orígenes se remontan al año 976, cuando se estableció como marca del Sacro Imperio Romano Germánico. Tras el ascenso al trono de la casa de Habsburgo en 1278, se convirtió en una parte fundamental del imperio, siendo finalmente el lugar de origen de los sacros emperadores. Tras la disolución del Sacro Imperio como consecuencia de las guerras napoleónicas, Austria se convirtió en un imperio independiente. De ahí, tras la fallida Revolución húngara de 1848, el Estado fue reorganizado para dar origen a Austria-Hungría. Finalmente, la Monarquía de los Habsburgo fue disuelta en 1918 como consecuencia de la Primera Guerra Mundial.","Vienna","Vienna","9219113","83879","109.9","Federal|semi-presidential republic","German","Austrian","623.719","0.93","Euro|(|€|)","+1","+43",".at"
"AU","Australia","Austrália","Australie","Australia","Australia","https://en.wikipedia.org/wiki/Special:FilePath/Flag_of_Australia_(converted).svg?width=250","Australia, officially the Commonwealth of Australia, is a country comprising the mainland of the Australian continent, the island of Tasmania and numerous smaller islands. It has a land area of, making it the sixth-largest country in the world, and is the world's flattest and driest inhabited continent. It is a megadiverse country, and its size gives it a wide variety of landscapes and climates, including deserts in the interior and tropical rainforests along the coast.","Durante cerca de 40 000 anos antes da colonização europeia iniciada no final do século XVIII, o continente australiano e a Tasmânia eram habitadas por cerca de 250 nações individuais de aborígenes. Após visitas esporádicas de pescadores do norte e pela descoberta europeia por parte de exploradores holandeses em 1606, a metade oriental da Austrália foi reivindicada pelos britânicos em 1770 e inicialmente colonizada por meio do transporte de presos para a colônia de Nova Gales do Sul, fundada em 26 de janeiro de 1788. Nas décadas seguintes, os britânicos exploraram e empreenderam a conquista colonial do resto da Austrália. A sua expansão levou ao conflito com os 300 000 a 1 milhão de australianos aborígenes, que tentaram resistir à sua despossessão. A população aumentou de forma constante nos anos seguintes, o continente foi explorado e, durante o século XIX, outros cinco grandes territórios autogovernados foram estabelecidos.","LAustralie, en forme longue le Commonwealth d'Australie, est un pays d'Océanie, situé entre les océans Pacifique et Indien. Elle comprend la partie continentale du continent australien, l'île de Tasmanie ainsi que de nombreuses petites îles. Elle est entourée par l'Indonésie, le Timor oriental et la Papouasie-Nouvelle-Guinée au nord, les îles Salomon, le Vanuatu et la Nouvelle-Calédonie au nord-est et la Nouvelle-Zélande au sud-est. L'État le plus proche de l'Australie est la Papouasie-Nouvelle-Guinée, toutes deux séparées par le détroit de Torrès, large en son point le plus étroit de seulement.","LAustralia, ufficialmente Commonwealth dell'Australia, è uno Stato dell'Oceania. È il sesto paese del mondo per estensione e il più grande del continente. Ha una popolazione di oltre 25 milioni di abitanti, quasi interamente residenti sulle coste.","Australia, oficialmente, la Mancomunidad de Australia, es un país soberano que abarca la Australia continental, la isla de Tasmania y numerosas islas menores. Con una superficie de, Australia es el país más grande de Oceanía y el sexto más grande del mundo. Asimismo, es el continente habitado más plano y más seco, con los suelos menos fértiles. Es un país megadiverso, y su tamaño le confiere una gran variedad de paisajes y climas, con desiertos en el centro, selvas tropicales en el noreste y cordilleras en el sureste.","Canberra","Sydney|Melbourne","27724744","7688287","7692024","Federal|parliamentary|constitutional monarchy","English","Australian|Aussie (colloquial)","2.124","0.958","Australian dollar|(|$|)","+8; +9.5; +10","+61",".au"
"AU","Nauru","Nauru","Nauru","Nauru","Nauru","https://en.wikipedia.org/wiki/Special:FilePath/Flag_of_Nauru.svg?width=250","Nauru, officially the Republic of Naoero, formerly known as Pleasant Island, is an island country and microstate in the South Pacific Ocean. It lies within the Micronesia subregion of Oceania, with its nearest neighbour being Banaba about to the east.","Povoado por pessoas da Micronésia e da Polinésia a cerca de 1000 a.C., foi anexada e reivindicada como colônia pelo Império Alemão no final do século XIX. Após a Primeira Guerra Mundial, Nauru se tornou um Mandato da Liga das Nações administrado pela Austrália, Nova Zelândia e Reino Unido. Durante a Segunda Guerra Mundial, foi ocupada pelas tropas japonesas e foi contornada pelo avanço dos Aliados no Pacífico. Após o fim da guerra, o país passou a ser tutelado pelas Nações Unidas. Nauru ganhou sua independência em 1968 e tornou-se membro da Comunidade do Pacífico em 1969.","Nauru, en forme longue la république de Nauru, est un État insulaire d'Océanie situé en Micronésie, dont la population est estimée à en 2022. C'est l'un des plus petits États du monde et, à partir de 1968, la plus petite république du monde.","Nauru è considerata la repubblica indipendente più piccola del mondo, sia per abitanti, sia per superficie, in quanto gli Stati più piccoli non hanno istituzioni repubblicane. È il più piccolo paese non europeo in termini di superficie. Nauru è uno degli Stati al mondo privi di una città capitale, anche se in genere si tende a identificarla con Yaren, che è il distretto maggiormente popolato, nonché sede del governo.","Limita al norte con los Estados Federados de Micronesia, al este con Kiribati, al sur con las Islas Salomón y al oeste con Papúa Nueva Guinea. A 4.000 kilómetros al suroeste se encuentra Australia. Es una isla de forma ovalada, elevada, escarpada en su orilla marina y con arenosas playas intercaladas con montículos coralinos en su orilla interior, y con una superficie de 21,3 km². Naurú es el estado soberano más pequeño de Oceanía y el tercero más pequeño del mundo, después de la Ciudad del Vaticano y el Principado de Mónaco, así como la república más pequeña del planeta.","Yaren|(|de facto|)","Denigomodu","12025","21","480","Unitary|parliamentary republic with an executive presidency|under a|non-partisan democracy","Nauruan","Nauruan","172","0.703","Australian dollar","UTC+12","+674",".nr"
"AU","Tuvalu","Tuvalu","Tuvalu","Tuvalu","Tuvalu","https://en.wikipedia.org/wiki/Special:FilePath/Flag_of_Tuvalu.svg?width=250","Tuvalu is an archipelagic country in the Polynesian sub-region of Oceania in the Pacific Ocean, about midway between Hawaii and Australia. It lies east-northeast of the Santa Cruz Islands, northeast of Vanuatu, southeast of Nauru, south of Kiribati, west of Tokelau, northwest of Samoa and Wallis and Futuna, and north of Fiji.","O atol de Funafuti, principal centro do arquipélago, é formado por mais de 30 ilhas. 92% da população é tuvaluana, já 8% é formada por outros grupos polinésios, principalmente os que vêm de Quiribáti.","Les Tuvalu, en forme longue lÉtat des Tuvalu, en tuvaluan Tuvalu, en anglais Tuvalu et State of Tuvalu, sont un État et un archipel polynésien, situés dans l'ouest de l'océan Pacifique Sud, au sud de l'équateur, à au sud-sud-est de l'atoll d'Arorae, la plus méridionale des îles Gilbert, et à au nord de Vanua Levu, aux îles Fidji. Il est indépendant depuis 1978.","Tuvalu, fino al 1978 Isole Ellice, è uno Stato insulare polinesiano composto da più isole e situato nell'Oceano Pacifico a metà strada tra le isole Hawaii e l'Australia. Gli arcipelaghi più vicini sono, da nord a ovest, le Kiribati, Tokelau, le Samoa, Wallis e Futuna, le Figi e le Isole Salomone. Comprende quattro isole coralline e cinque atolli con una superficie di appena 26 km² ed è il secondo Paese meno popolato al mondo, dopo la Città del Vaticano. Inoltre è il secondo membro più piccolo delle Nazioni Unite. In termini di grandezza fisica del territorio, Tuvalu è il quarto Stato più piccolo al mondo, più grande solo della Città del Vaticano, Monaco e Nauru.","Tuvalu, conocido como Islas Elice hasta 1978, es un país insular de Oceanía situado en la región de la Polinesia, en el océano Pacífico. Su capital es Vaiaku, situada en la isla de Fongafale, atolón de Funafuti, que además de ser el centro político y administrativo del país, concentra gran parte de la actividad económica y de la población.","Funafuti","Funafuti","10643","26.26","423","Unitary|parliamentary constitutional monarchy","Tuvaluan|English","Tuvaluan","6322023869","0.689","Tuvaluan dollar|Australian dollar","+12","+688",".tv"
"AZ","Azerbaijan","Azerbaijão","Azerbaïdjan","Azerbaigian","Azerbaiyán","https://en.wikipedia.org/wiki/Special:FilePath/Flag_of_Azerbaijan.svg?width=250","Azerbaijan, officially the Republic of Azerbaijan, is a transcontinental landlocked country at the boundary of Western Asia and Eastern Europe. It is a part of the South Caucasus region and is bounded by the Caspian Sea to the east, Russia's republic of Dagestan to the north, Georgia to the northwest, Turkey and Armenia to the west, and Iran to the south. Baku is the capital and largest city.","A República Democrática do Azerbaijão proclamou sua independência em 1918 e tornou-se a primeira república democrática cuja população é composta majoritariamente por muçulmanos e, ao mesmo tempo, secular. Além disso, foi a primeira nação de maioria muçulmana após o Egito a contar com óperas, teatros e universidades modernas. O país foi incorporado à União Soviética em 1920 como a República Socialista Soviética do Azerbaijão, e proclamou sua independência em outubro de 1991, antes da dissolução da união. Mais cedo, em setembro daquele ano, a disputada região de Alto Carabaque reafirmou sua disposição em se tornar um estado independente, como a República do Alto Carabaque. A região, efetivamente independente desde o início da Guerra do Alto Carabaque, é reconhecida internacionalmente como parte do Azerbaijão até que uma solução final para seu status seja encontrada.","L’Azerbaïdjan, en forme longue la république d'Azerbaïdjan, est un pays du Caucase situé sur la ligne de division entre l'Europe et l'Asie. Sa capitale est Bakou, sa langue officielle est l'azéri et sa monnaie le manat.","LAzerbaigian, talvolta riportato come Azerbaijan, ufficialmente Repubblica dell'Azerbaigian, è uno Stato della regione transcaucasica.","Azerbaiyán, oficialmente República de Azerbaiyán, es un país soberano de la región del Cáucaso, localizado entre Asia Occidental y Europa Oriental. Sin salida a ningún océano, limita al este con el mar Caspio, al norte con Rusia, al noroeste con Georgia, al oeste con Armenia y al sur con Irán. El exclave de Najicheván limita con Armenia al norte y al este, con Turquía al oeste y con Irán al suroeste.","Baku","Baku","10353296","86600","117","Unitary|semi-presidential republic|under an|authoritarian|hereditary dictatorship","Azerbaijani","Azerbaijani|Azeri","78.372","0.789","Manat","+4","+994",".az"
"BA","Bosnia and Herzegovina","Bósnia e Herzegovina","Bosnie-Herzégovine","Bosnia ed Erzegovina","Bosnia y Herzegovina","https://en.wikipedia.org/wiki/Special:FilePath/Flag_of_Bosnia_and_Herzegovina.svg?width=250","Bosnia and Herzegovina, often referred to as Bosnia-Herzegovina or simply Bosnia, is a country in Southeast Europe. Situated on the Balkan Peninsula, it borders Serbia to the east, Montenegro to the southeast, and Croatia to the north and southwest, with a coast on the Adriatic Sea in the south. Bosnia has a moderate continental climate with hot summers and cold, snowy winters. Its geography is largely mountainous, particularly in the central and eastern regions, which are dominated by the Dinaric Alps. Herzegovina, the smaller, southern region, has a Mediterranean climate and is mostly mountainous. Sarajevo is the capital and the largest city.","A região é habitada desde pelo menos o Paleolítico Superior, com assentamentos humanos permanentes que remontam às culturas neolíticas de Butmir, Kakanj e Vučedol. Após a chegada dos primeiros indo-europeus, a região foi povoada por várias civilizações ilírias e celtas. A maior parte da Bósnia moderna foi incorporada à província romana da Dalmácia em meados do Os ancestrais dos povos eslavos do sul modernos chegaram entre os séculos VI e IX. No, o Banato da Bósnia foi estabelecido como a primeira política independente da Bósnia. Gradualmente, evoluiu e se expandiu para o Reino da Bósnia, que se tornou o estado mais poderoso dos Balcãs ocidentais no. O Império Otomano anexou a região em 1463 e introduziu o islamismo. Do final do até a Primeira Guerra Mundial, o país foi anexado à monarquia austro-húngara. No período entre guerras, a Bósnia e Herzegovina fazia parte do Reino da Iugoslávia. Após a Segunda Guerra Mundial, recebeu o status de república plena na recém-formada República Socialista Federativa da Iugoslávia. Em 1992, após o desmembramento da Iugoslávia, a república proclamou sua independência. Isso foi seguido pela Guerra da Bósnia, que durou até o final de 1995 e terminou com a assinatura do Acordo de Dayton.","La Bosnie-Herzégovine, parfois dite Bosnie-et-Herzégovine, est un État d'Europe du Sud appartenant à la région des Balkans. Elle est entourée par la Croatie au nord, à l'ouest et au sud, la Serbie à l'est et le Monténégro au sud. Elle dispose d'une ouverture large d'une vingtaine de kilomètres sur la mer Adriatique. En 2023, le pays compte. Depuis les années 2000, le nombre d'habitants diminue.","La Bosnia ed Erzegovina, comunemente indicata anche come Bosnia-Erzegovina e a volte chiamata con la sineddoche Bosnia, è uno Stato dell'Europa situato nei Balcani occidentali.","En 1992, la antigua República Socialista de Bosnia y Herzegovina obtuvo su independencia como República de Bosnia y Herzegovina, como una de las seis unidades federales constituyentes de la antigua Yugoslavia surgida al final de la Primera Guerra Mundial, y tras la guerra de Bosnia quedó constituida como república federal, según los términos de los Acuerdos de Dayton, que preveían su administración tutelada por un alto representante elegido por el Consejo de la Unión Europea. Su estructura es descentralizada y dividida en dos entidades: la Federación de Bosnia y Herzegovina y la República Srpska. Por el momento, no existe una fecha prevista para el fin del protectorado europeo sobre Bosnia y Herzegovina y la recuperación de su plena soberanía.","Sarajevo","Sarajevo","3412000","51209","61","Federal|parliamentary|directorial republic","","Bosnian|Herzegovinian","36.77","0.804","Convertible mark","+01","+387",".ba"
"BB","Barbados","Barbados","Barbade","Barbados","Barbados","https://en.wikipedia.org/wiki/Special:FilePath/File%3AFlag_of_Barbados.svg?width=250","Barbados is an island nation in the Caribbean located in the Atlantic Ocean. It is part of the Lesser Antilles of the West Indies and is the southern and easternmost island of the Caribbean region. It lies on the boundary of the South American and Caribbean plates. Its capital and largest city is Bridgetown.","Habitada pelo povo caraíbas desde o século XIII, e antes por outros ameríndios, os navegadores espanhóis tomaram posse de Barbados no final do século XV e reivindicaram a Coroa de Castela. Ele apareceu pela primeira vez em um mapa espanhol em 1511. O Império Português reivindicou a ilha entre 1532 e 1536, mas depois a abandonou em 1620, sendo os seus únicos vestígios a introdução de javalis para um bom abastecimento de carne sempre que a ilha era visitada. Um navio inglês, o Olive Blossom, chegou a Barbados em 14 de maio de 1625; seus homens tomaram posse da ilha em nome do rei Jaime I. Em 1627, os primeiros colonos permanentes chegaram da Inglaterra, e Barbados se tornou uma colônia inglesa e posteriormente britânica. Durante este período, a colônia operou com uma economia de plantação, contando com a mão de obra de africanos escravizados que trabalhavam nas plantações da ilha. O tráfico de escravos para a ilha continuou até ser proibido pela Lei do Comércio de Escravos de 1807, com a emancipação final da população escravizada em Barbados ocorrendo durante um período de cinco anos após a Lei de Abolição da Escravatura de 1833.","La Barbade est un micro-État insulaire situé en mer des Caraïbes, à proximité de la limite de celle-ci avec l'océan Atlantique, soit à environ trois kilomètres au large de la pointe la plus orientale de l'île.","Barbados è uno Stato insulare, facente parte delle Piccole Antille, situato geograficamente in America centrale, sul confine tra il mar dei Caraibi e l'oceano Atlantico. L'isola occupa una superficie di, ed è principalmente pianeggiante, con alcune modeste colline nell'entroterra. La capitale è Bridgetown e la lingua ufficiale è l'inglese.","Barbados es un país insular de las Antillas cuya forma de gobierno es una república parlamentaria compuesta por once parroquias. Está ubicado en las Antillas Menores, al noreste del territorio continental de Venezuela, justo al este de Santa Lucía y San Vicente y las Granadinas. Su capital y ciudad más poblada es Bridgetown. Fue colonizado por los británicos y forma parte de la Mancomunidad de Naciones.","Bridgetown","Bridgetown","281998","439","660","Unitary parliamentary republic","English","Bajan","6.22","0.811","Barbadian dollar","−04:00","+1",".bb"
"BD","Bangladesh","Bangladesh","Bangladesh","Bangladesh","Bangladés","https://en.wikipedia.org/wiki/Special:FilePath/Flag_of_Bangladesh.svg?width=250","Bangladesh, officially the People's Republic of Bangladesh, is a country in South Asia. It is the eighth-most populous country in the world and among the most densely populated with a population of almost 176 million within an area of 148461. Bangladesh shares land borders with India to the north, west, and east, and Myanmar to the southeast. It has a coastline along the Bay of Bengal to its south and is separated from Bhutan and Nepal by the Siliguri Corridor, and from China by the Indian state of Sikkim to its north. Dhaka, the capital and largest city, is the nation's political, financial, and cultural centre. Chittagong is the second-largest city and the busiest port of the country.","​","Le Bangladesh, en forme longue la république populaire du Bangladesh, est un pays sud-asiatique. Situé au nord du golfe du Bengale, quasiment enclavé dans l'Inde, il a une petite frontière commune avec la Birmanie.","Il Bangladesh, ufficialmente Repubblica Popolare del Bangladesh, è uno Stato dell'Asia meridionale. Confina su tutti i lati con l'India con l'eccezione di un piccolo tratto, nell'estremo sud-est, in cui confina con il Myanmar; a sud è bagnato dal golfo del Bengala.","Bangladés o Bangladesh, oficialmente República Popular de Bangladés es un país soberano ubicado en Asia del Sur. Su territorio se encuentra rodeado casi por completo por la India, a excepción de una pequeña franja al sureste donde limita con Birmania. Geográficamente, el país se sitúa en el terreno fértil del delta del Ganges, por lo que está sujeto a las inundaciones anuales provocadas por los monzones y los ciclones. Junto con la provincia india de Bengala Occidental, constituye la región etnolingüística de Bengala. De hecho, en bengalí, el nombre «Bangladesh» significa «país de Bengala».","Dhaka","Dhaka","175423000","148460","1165","Unitary parliamentary republic","Bengali","Bangladeshi","510.705","0.685","Taka|(|৳|)","+6","+880",".bd|.বাংলা"
"BF","Burkina Faso","Burquina Fasso","Burkina Faso","Burkina Faso","Burkina Faso","https://en.wikipedia.org/wiki/Special:FilePath/Flag_of_Burkina_Faso.svg?width=250","Burkina Faso is a landlocked country in West Africa. After independence it was called the Republic of Upper Volta from 1958 to 1984. It was renamed Burkina Faso by then-president Thomas Sankara. Its citizens are known as Burkinabes, and its capital and largest city is Ouagadougou.","A região noroeste do país foi povoada entre e por caçadores-coletores. Assentamentos agrícolas apareceram entre e O cerne do que é atualmente o Burquina Fasso foi composto principalmente pelos Reinos Mossis. Estes reinos Mossi se tornariam um protetorado francês em 1896. No final do, como consequência da Corrida a África no continente, a região do atual Burquina foi ocupada e anexada pela França, condição que se manteve até 1960 quando recuperou sua independência da potência colonial europeia.","Le Burkina Faso, « patrie des intègres » ou « patrie de l'intégrité » (Burkina se traduisant par « intégrité, honneur » en mooré et Faso se traduisant par « terre ou patrie » en dioula, anciennement république de Haute-Volta, est un pays d'Afrique de l'Ouest. Sans accès à la mer, il est entouré de six pays : le Niger à l'est-nord-est, le Bénin à l'est-sud-est, le Togo au sud-est, le Ghana au sud, la Côte d'Ivoire au sud-ouest et le Mali au nord-ouest. Sa capitale politique, Ouagadougou, est située au centre du pays. Sa capitale économique, Bobo-Dioulasso, est située dans les Hauts Bassins, dans le sud-ouest du pays.","Il Burkina Faso, fino al 1984 Alto Volta, è uno Stato indipendente dell'Africa occidentale privo di sbocchi sul mare. Ha una superficie di e confina con il Mali a nord, il Niger a est, il Benin a sud-est, il Togo e il Ghana a sud e la Costa d'Avorio a sud-ovest. La sua capitale è Ouagadougou e la sua forma di governo è una repubblica semipresidenziale il cui capo dello Stato, eletto ogni cinque anni, è anche responsabile dell'esecutivo. I suoi abitanti si chiamano burkinabé, in italiano termine invariato in genere e numero. La popolazione totale stimata è di poco più di 21,5 milioni di persone.","Se independizó de Francia el 5 de agosto de 1960. Después de protestas estudiantiles y sindicales, el primer presidente del país, Maurice Yaméogo, fue depuesto en un golpe de Estado en 1966, encabezado por Sangoulé Lamizana. Su gobierno coincidió con una sequía y hambruna en el Sahel, y fue depuesto en un golpe de Estado en 1980, dirigido por Saye Zerbo. Al encontrar nuevamente la resistencia de los sindicatos, el Gobierno de Zerbo fue derrocado por otro golpe de Estado de 1982, encabezado por Jean-Baptiste Ouédraogo.","Ouagadougou","Ouagadougou","22489126","274223","86","Unitary|semi-presidential republic|under a|military junta","Mooré|Dyula|Fula|Bissa","Burkinabé","27.0625","0.459","West African CFA franc","±00:00","+226",".bf"
"BG","Bulgaria","Bulgária","Bulgarie","Bulgaria","Bulgaria","https://en.wikipedia.org/wiki/Special:FilePath/Flag_of_Bulgaria.svg?width=250","Bulgaria, officially the Republic of Bulgaria, is a country in Southeast Europe. It is situated on the eastern portion of the Balkans directly south of the Danube river and west of the Black Sea. Bulgaria is bordered by Greece and Turkey to the south, Serbia and North Macedonia to the west, and Romania across the Danube river to the north. It covers a territory of, making it the tenth largest within the European Union and the sixteenth-largest country in Europe by area. Sofia is the nation's capital and largest city; other major cities include Plovdiv, Varna, and Burgas.","Uma das primeiras sociedades nas terras da atual Bulgária foi a cultura neolítica de Karanovo, que remonta a Na Antiguidade, a região tornou-se um campo de batalha para os trácios, persas, celtas e gregos macedônios até que foi conquistada pelo Império Romano em O Império Romano do Oriente, ou Império Bizantino, perdeu alguns desses territórios para uma horda búlgara invasora no final do. Os búlgaros fundaram o primeiro estado búlgaro unificado em 681, que dominou a maioria da Península Balcânica e influenciou significativamente as culturas eslavas, desenvolvendo a escrita cirílica. O primeiro Império Búlgaro durou até o início do, quando o imperador bizantino Basílio II conquistou e desmantelou-o. Uma revolta búlgara de sucesso em 1185 estabeleceu um Segundo Império Búlgaro que atingiu seu ápice sob João Asen II. Depois de inúmeras guerras exaustivas e lutas feudais, o Segundo Império Búlgaro se desintegrou em 1396 e seus territórios ficaram sob domínio otomano por quase cinco séculos.","La Bulgarie, en forme longue la république de Bulgarie, est un pays d'Europe du Sud-Est situé dans les Balkans, et qui fait partie de l’Union Européenne depuis 2007. Elle est bordée par la mer Noire à l'est, par la Grèce et la Turquie au sud, au nord par le Danube et la Roumanie, à l'ouest par la Serbie et la Macédoine du Nord. Sa capitale est Sofia.","Confina con il mar Nero a est, con la Grecia e la Turchia a sud, con la Serbia e la Macedonia del Nord a ovest e con la Romania a nord, da cui è divisa dal fiume Danubio. Con una superficie di la Bulgaria è il 14º Stato europeo per estensione. La sua posizione l'ha resa nel corso della storia un importante incrocio per varie civiltà ed è infatti il luogo di ritrovamento di alcuni dei più antichi artefatti metallurgici, religiosi e culturali al mondo. La lunghezza complessiva dei confini bulgari è di 2 245 km, di cui 1 181 terrestri, 686 fluviali e 378 costieri. La rete stradale della Bulgaria è lunga 36 720 km, la rete ferroviaria ne ha invece 4 300.","Bulgaria, oficialmente República de Bulgaria, es uno de los veintisiete Estados soberanos que forman la Unión Europea. Está situado en Europa Oriental, Europa meridional, y Europa del Sudeste. Limita con Rumania al norte, Serbia y Macedonia del Norte al oeste, con Grecia y Turquía al sur, y con el mar Negro al este.","Sofia","Sofia","6423207","110993.6","58.07","Unitary parliamentary republic","Bulgarian","Bulgarian","117.007","0.845","Euro|(|€|)","+2","+359",".bg|.бг"
"BH","Bahrain","Bahrein","Bahreïn","Bahrein","Baréin","https://en.wikipedia.org/wiki/Special:FilePath/Flag_of_Bahrain.svg?width=250","Bahrain, officially the Kingdom of Bahrain, is an island country in the eastern part of Arabian Peninsula in West Asia. Situated near the western shore of the Persian Gulf, the country comprises a small archipelago of 33 natural islands and an additional 50 artificial islands, centered on Bahrain Island, which makes up around 80 percent of the country's landmass. Bahrain is situated between Qatar and the northeastern coast of Saudi Arabia, to which it is connected by the King Fahd Causeway. The population is 1,588,670 as of 2024, of whom 739,736 are Bahraini nationals, and 848,934 are expatriates. Bahrain spans some 760 and is the third-smallest nation in Asia after Maldives and Singapore. The capital and largest city is Manama.","O Barém é o local da antiga civilização de Dilmum. A ilha é famosa desde a antiguidade por sua pesca de pérolas, que foram consideradas as melhores do mundo no século XIX. O Barém foi uma das primeiras áreas a se converter ao Islã, durante a vida de Maomé em 628. Após um período de domínio árabe, o Barém foi governado pelo Império Português de 1521 a 1602, após a conquista pelo xá Abas I do Império Safávida. Em 1783, o clã Bani Oteba capturou o Barém de Nácer Almadecur e desde então tem sido governado pela família real Al Khalifa, com Ahmed al Fateh como o primeiro emir do Barém.","Bahreïn a été l'un des lieux emblématiques de la civilisation antique de Dilmun, avant de tomber sous les dominations successives des empires parthe et sassanide. La région est convertie à l'islam en 628, ce qui en fait l'un des premiers pays musulmans. Après une période de domination par les Arabes, Bahreïn est occupé par les Portugais en 1521, avant d'être conquise par le Chah de l'Empire perse des Séfévides en 1602. En 1783, la tribu arabe Bani Utbah, venue du centre de la péninsule Arabique, s'empare de l'île et le pays est depuis dirigé par la famille royale Al Khalifa. À la fin du, Bahreïn devient un protectorat britannique, et ce n'est qu'en 1971, à la suite du retrait britannique de la région à la fin des, que Bahreïn déclare son indépendance. Le pays se constitue en royaume sous l'impulsion de l'émir Hamed ben Issa al-Khalifa, qui devient le roi. Le système politique est une monarchie.","Il Bahrein o Bahrain, ufficialmente Regno del Bahrein, è un piccolo Stato sviluppato su un arcipelago di 33 isole vicino alle coste dell'Arabia Saudita, nel Golfo Persico. La capitale è Manama e la lingua ufficiale è l'arabo.","El país se asienta en un archipiélago cuya mayor isla, Baréin, tiene 55 km de largo por 18 km de ancho. Al oeste se encuentra Arabia Saudita, país al que está conectado por un moderno puente de 26 km llamado Calzada del Rey Fahd. Al sureste se encuentra la península de Catar, país del que lo separa el golfo de Baréin y al que se espera que en un futuro no muy lejano lo comunique otro puente. En 2024 la población estimada de Baréin era de 1,61 millones de habitantes, de los cuales aproximadamente la mitad eran extranjeros.","Manama","Manama","1501635","786.8","1864","Unitary|semi-constitutional monarchy|under an authoritarian government","Arabic","Bahraini","49.19","0.899","Bahraini dinar","+3","+973",".bh"
"BI","Burundi","Burundi","Burundi","Burundi","Burundi","https://en.wikipedia.org/wiki/Special:FilePath/Flag_of_Burundi.svg?width=250","Burundi, officially the Republic of Burundi, is a landlocked country in East Africa. It is located in the Great Rift Valley at the junction between the African Great Lakes region and Southeast Africa, with a population of over 14 million people. It is bordered by Rwanda to the north, Tanzania to the east and southeast, and the Democratic Republic of the Congo to the west; Lake Tanganyika lies along its southwestern border. The political capital city is Gitega and the economic capital and largest city is Bujumbura.","O Burundi continua sendo principalmente uma sociedade rural, com apenas 13,4% da população vivendo em áreas urbanas em 2019. A densidade populacional de cerca de 315 hab./km quadrado é a segunda maior da África Subsaariana. Aproximadamente 85% da população são de origem étnica hútu, 15% são tútsis e menos de 1% são tuá. As línguas mais faladas no país são o kirundi, o francês e o inglês, sendo o kirundi reconhecido oficialmente como a língua nacional.","Le Burundi, en forme longue la république du Burundi, est un pays d'Afrique de l'Est sans accès à la mer mais possédant un grand rivage sur le lac Tanganyika, situé dans la région des Grands Lacs et bordé à l'ouest par la république démocratique du Congo, au nord par le Rwanda et à l'est et au sud par la Tanzanie.","Il Burundi, ufficialmente Repubblica del Burundi, è uno Stato africano dalla superficie di.","Los pueblos twa, tutsi y hutu son los más antiguos de Burundi, han ocupado el país desde su formación hace cinco siglos. Burundi fue gobernado como un reino por el pueblo tutsi durante más de doscientos años. Sin embargo, al inicio del, Alemania y Bélgica ocuparon la región, y Burundi y Ruanda se convirtieron en una colonia europea conocida como Ruanda-Urundi.","Gitega|Bujumbura","Bujumbura","14151540","27834","565","Unitary dominant-party|presidential republic|under an|authoritarian|dictatorship","Kirundi|French|English","Burundian","6.75","0.439","Burundian franc","+2","+257",".bi"
"BN","Brunei","Brunei","Brunei","Brunei","Brunéi","https://en.wikipedia.org/wiki/Special:FilePath/Flag_of_Brunei.svg?width=250","Brunei, officially Brunei Darussalam, is a country in Southeast Asia, situated on the northern coast of the island of Borneo. Apart from its coastline on the South China Sea, it is completely surrounded by the Malaysian state of Sarawak, with its territory bifurcated by the Sarawak district of Limbang. Brunei is the only sovereign state entirely on Borneo; the remainder of the island is divided between its multi-landmass neighbours of Malaysia and Indonesia., the country had a population of 466,330, of whom approximately 64,409 resided in the capital and largest city of Bandar Seri Begawan. Its official language is Malay, and Sunni Islam is the state religion of the country, although other religions are nominally tolerated. The government of Brunei is an absolute monarchy ruled by the Sultan, and it implements a fusion of English common law and jurisprudence inspired by Islam, including sharia.","As reivindicações oficiais da história nacional do Brunei podem traçar suas origens ao, quando era um estado sujeito chamado P'o-li, na Sumatra, centro do Império Serivijaia. Ele mais tarde se tornou um Estado vassalo de Java, centro do império Majapait. Brunei se tornou um sultanato, no, sob o recém-convertido sultão islâmico Xá Maomé.","Brunei ou Brunéi, en forme longue Brunei Darussalam ou Brunéi Darussalam, est un micro-État situé dans le nord de l’île de Bornéo, en Asie du Sud-Est. Il partage l'île avec la Malaisie et l’Indonésie. Son territoire, coupé en deux parties, est bordé par la mer de Chine méridionale et totalement enclavé dans l'État malaisien de Sarawak. Depuis 1968, il est dirigé par le sultan Hassanal Bolkiah.","Il Brunei, ufficialmente denominato Stato del Brunei, Dimora della Pace, è una monarchia assoluta di stampo islamico situata sull'isola del Borneo, nel Sud-est asiatico. Con l'eccezione della costa affacciata sul Mar Cinese Meridionale, confina completamente con la Malesia, ed è uno dei paesi membri dell'ASEAN. La capitale è Bandar Seri Begawan.","Brunéi es uno de los cincuenta y un países que componen el continente asiático. Su capital y ciudad más poblada es Bandar Seri Begawan.","Bandar Seri Begawan","Bandar Seri Begawan","458600","5765","72.11","Unitary|Islamic|absolute monarchy","Malay","Bruneian","1601.2025202522202","0.837","Brunei dollar","+8","+673",".bn"
"BO","Bolivia","Bolívia","Bolivie","Bolivia","Bolivia","https://en.wikipedia.org/wiki/Special:FilePath/Flag_of_Bolivia.svg?width=250","Bolivia, officially the Plurinational State of Bolivia, is a landlocked country located in central South America. Its geography primarily consists of an Andean region to the west and tropical lowlands to the east and north. The country has a diverse environment, including the vast Amazonian plain, the Gran Chaco, temperate valleys, the high-altitude Altiplano plateau, snow-capped peaks, and mountains, encompassing a wide range of climates and biomes across its regions and cities. It includes part of the Pantanal, the largest tropical wetland in the world, along its eastern border. Bolivia is bordered by Brazil to the north and east, Paraguay to the southeast, Argentina to the south, Chile to the southwest, and Peru to the west. The seat of government is La Paz, which contains the executive, legislative, and electoral branches of government, while the constitutional capital is Sucre, the seat of the judiciary. While most population and urban centers lie in the Andean region, the largest city and principal industrial center is Santa Cruz de la Sierra, located in the eastern tropical lowlands.","Antes da colonização europeia, a região andina boliviana fazia parte do Império Inca — o maior império da era pré-colombiana. O Império Espanhol invadiu e conquistou essa região no século XVI. Durante a maior parte do período colonial espanhol, este território era chamado Alto Peru ou Charcas e encontrava-se sob a administração do Vice-Reino do Peru, que abrangia a maioria das colônias espanholas sul-americanas. Após declarar independência em 1809, dezesseis anos de guerras se seguiram antes do estabelecimento da república, instituída por Simón Bolívar, em 6 de agosto de 1825. Desde então, o país tem passado por períodos de instabilidade política, ditaduras e problemas econômicos.","La Bolivie, en forme longue lÉtat plurinational de Bolivie, est un pays d'Amérique du Sud sans accès à la mer entouré par le Brésil au nord-est, le Paraguay au sud-est, l'Argentine au sud, le Chili au sud-ouest et le Pérou au nord-ouest. La capitale administrative est La Paz, la capitale constitutionnelle est Sucre.","La Bolivia, ufficialmente Stato Plurinazionale della Bolivia, è uno Stato dell'America meridionale, situato nel centro del continente. La sua superficie è di km². Secondo il censimento svolto nel 2012 contava abitanti. Confina a nord, nord-est e a est con il Brasile, a nord-ovest con il Perù, a sud con l'Argentina, a sud-est con il Paraguay e a sud-ovest con il Cile. La Bolivia ha come capitale costituzionale e giudiziaria Sucre, e come centro legislativo e governativo La Paz. Stato senza sbocco al mare, nel 2010 ha stretto un accordo con il vicino Perù, grazie al quale ha ottenuto per 99 anni l'uso del porto di Ilo.","Bolivia, oficialmente el Estado Plurinacional de Bolivia, es un país soberano ubicado en el oeste de América del Sur, miembro de la Comunidad Andina,constituido políticamente como un Estado social plurinacional, unitario, descentralizado y con autonomías. El país está organizado en nueve departamentos, ciento doce provincias. La capital oficial es Sucre, que alberga al órgano judicial, mientras que la sede de Gobierno es la ciudad de La Paz, que ejerce como capital de facto y que alberga a los órganos ejecutivo, legislativo y electoral. La ciudad más poblada es Santa Cruz de la Sierra.","Sucre","Santa Cruz","11365333","1098581","10.4","Unitary|presidential republic","Spanish|Quechua|Aymara|Guarani|Other indigenous languages","Bolivian","80.74","0.733","Boliviano","−04:00","+591",".bo"
"BR","Brazil","Brasil","Brésil","Brasile","Brasil","https://en.wikipedia.org/wiki/Special:FilePath/Flag_of_Brazil.svg?width=250","Brazil, officially the Federative Republic of Brazil, is the largest country in South America. It is also the world's fifth-largest country by area and the seventh-largest by population, with over 213 million people. Brazil is a federation composed of 26 states and a Federal District, which hosts the capital, Brasília. Its most populous city is São Paulo, followed by Rio de Janeiro. Brazil has the largest Lusophone population in the world and is the only Portuguese-speaking country in the Americas, where it is the official language.","Brasil, oficialmente República Federativa do Brasil, e o sétimo em população. É o único país na América onde se fala majoritariamente a língua portuguesa e o maior país lusófono do planeta, além de ser uma das nações mais multiculturais e etnicamente diversas, em decorrência da forte imigração oriunda de variados locais do mundo. Sua atual constituição, promulgada em 1988, concebe o Brasil como uma república federativa presidencialista,","Le Brésil, en forme longue la république fédérative du Brésil, est le plus grand État d'Amérique latine. Désigné comme pays-continent, le Brésil est le cinquième plus grand pays de la planète, derrière la Russie, le Canada, les États-Unis et la Chine. Avec une superficie de, le pays occupe la moitié de la superficie de l'Amérique du Sud, partageant des frontières avec l'Uruguay et l'Argentine au sud, le Paraguay au sud-sud-ouest, la Bolivie à l'ouest-sud-ouest, le Pérou à l'ouest, la Colombie à l'ouest-nord-ouest, le Venezuela au nord-ouest, le Guyana au nord-nord-ouest, le Suriname et la France au nord, soit la plupart des pays du continent sauf le Chili et l'Équateur.","Il Brasile, ufficialmente Repubblica Federale del Brasile, è uno Stato sovrano situato nell'America meridionale. Con una superficie di kmq, è il Paese più vasto del Sudamerica, il terzo del Continente Americano, dopo il Canada e gli Stati Uniti e il quinto del mondo, mentre con abitanti, oltreché ad essere il settimo stato più popoloso del mondo davanti al Bangladesh, è anche lo stato lusofono più popoloso, lo Stato più popoloso del Sudamerica e il secondo Stato del Continente Americano dopo gli Stati Uniti e davanti al Messico, oltreché ad essere lo Stato cattolico più popoloso. Si affaccia sull'Oceano Atlantico a est con circa di costa e confina a nord con il dipartimento francese d'oltremare della Guyana francese, il Suriname, la Guyana e il Venezuela, a nord-ovest con la Colombia, a ovest con il Perù e la Bolivia, a sud-ovest con il Paraguay e l'Argentina, e a sud con l'Uruguay.","Brasil, oficialmente República Federativa de Brasil,","Brasília","São Paulo","213421037","8510346","23.8","Federal|presidential republic","Portuguese","Brazilian","2.636","0.786","Real","−02:00 to −05:00","+55",".br"
"BS","The Bahamas","Bahamas","Bahamas","Bahamas","Bahamas","https://en.wikipedia.org/wiki/Special:FilePath/Flag_of_the_Bahamas.svg?width=250","The Bahamas, officially the Commonwealth of The Bahamas, is an archipelagic country in the Caribbean located within the Lucayan Archipelago in the Atlantic Ocean. The country comprises 700 islands, and more than 2,500 cays in the Atlantic Ocean, located north of Cuba and north-west of the island of Hispaniola and the Turks and Caicos Islands, southeast of the US state of Florida and east of the Florida Keys. The capital and largest city is Nassau on the island of New Providence. The Royal Bahamas Defence Force describes the Bahamas' territory as encompassing of ocean space.","As Bahamas ou Baamas, oficialmente Comunidade das Bahamas","Les Bahamas, en forme longue le Commonwealth des Bahamas, sont un pays anglophone et un royaume du Commonwealth situé au sud-est de la Floride.","Le Bahamas o Bahama, ufficialmente Commonwealth delle Bahamas, sono uno Stato insulare dell'America centrale costituito da un arcipelago corallino di 700 isole e isolette alcune delle quali disabitate, situate nell'Oceano Atlantico, a est della Florida, a nord di Cuba e del resto dei Caraibi, e a ovest della dipendenza britannica delle Isole Turks e Caicos. Le Bahamas sono un'ex colonia della Gran Bretagna e fanno parte del Commonwealth delle nazioni; la lingua ufficiale è l'inglese.","Bahamas, oficialmente la Mancomunidad de las Bahamas, es un país insular, y uno de los 13 países que forman la América Insular o Islas del Caribe, uno de los 35 del continente americano. Su capital y ciudad más poblada es Nasáu, situada en la isla de Nueva Providencia. Por su ubicación externa al Mar Caribe, Bahamas es uno de los grupos insulares de la región que no pertenecen a una unidad geográfica antillana, denominadas Antillas Mayores y Antillas Menores.","Nassau","Nassau","398165","13880","39.8","Unitary parliamentary|constitutional monarchy","English","Bahamian","14.39","0.82","Bahamian dollar","−05:00","+1",".bs"
"BT","Bhutan","Butão","Bhoutan","Bhutan","Bután","https://en.wikipedia.org/wiki/Special:FilePath/Flag_of_Bhutan.svg?width=250","Bhutan, officially the Kingdom of Bhutan, is a landlocked country in South Asia, located in the Eastern Himalayas, bordering China to the north and northwest and India to the south and southeast. With a population of over 800,000 and a territory of 38394, Bhutan ranks 133rd in land area and 160th in population. It is a democratic constitutional monarchy with a King as the head of state and a prime minister as the head of government. The Je Khenpo is the head of the state religion, Vajrayana Buddhism.","O Butão existia como uma manta de retalhos de pequenos feudos em guerra até o início do, quando o lama e líder militar Shabdrung Ngawang Namgyal, fugindo da perseguição religiosa no Tibete, unificou a área cultivada e uma identidade distinta butanesa. Mais tarde, no início do, o Butão entrou em contato com o Império Britânico e manteve fortes relações bilaterais com a Índia sobre a sua independência. Em 2006, baseado em uma pesquisa global, a revista BusinessWeek avaliou o Butão o país mais feliz na Ásia e o oitavo país mais feliz do mundo.","Le Bhoutan, en forme longue le royaume du Bhoutan, est un pays d'Asie du Sud, sans accès à la mer. Il est situé dans l'Est de la chaîne de l'Himalaya, enclavé entre l'Inde au sud, à l'est et à l'ouest-sud-ouest, avec laquelle il partage de frontières terrestres, et la Chine au nord et à l'ouest-nord-ouest, avec de frontières. Plus à l'ouest, il est séparé du Népal par l'État indien du Sikkim, et plus au sud il est séparé du Bangladesh par les États indiens d'Assam et du Bengale-Occidental. Sa capitale et sa plus grande ville est Thimphou.","Il Bhutan o Butan, ufficialmente Druk Yul e dal resto del mondo chiamato Regno del Bhutan, è un piccolo stato himalayano dell'Asia meridionale, localizzato nella catena himalayana. La capitale è Thimphu. Confinante a nord con la Cina e a sud con l'India, il Bhutan è una monarchia costituzionale dal 2007; il sovrano è Jigme Khesar Namgyel Wangchuck. La lingua ufficiale è lo dzongkha. Il Bhutan, inoltre è chiamato ""Paese della Felicità""","Las accidentadas montañas de Bután y sus densos bosques la hicieron casi inasequible para el mundo exterior durante mucho tiempo, y los gobernantes del país reforzaban este aislamiento prohibiendo la llegada de extranjeros hasta bien entrado el. Los orígenes del país se remontan al siglo de nuestra era, con la introducción del budismo por los tibetanos y la expansión de su imperio hacia el territorio que hoy en día es Bután. Hasta el siglo la población del territorio estuvo siempre en continuas guerras, pero el jefe tibetano Shabdrung Ngawang Namgyal unificó los valles de Bután en un solo Estado y comenzó a extender el territorio. Ngawang Namgyal derrotó tres invasiones tibetanas, subyugó escuelas religiosas rivales, codificó el sistema legal Tsa Yig y estableció un ogobierno de administradores teócratas y civiles. Namgyal se convirtió en el primer Shabdrung Rinpoche y sus sucesores actuaron como los líderes espirituales de Bután, tal y como lo hacía el Dalái Lama en el Tíbet.","Thimphu","Thimphu","727145","38395","20.4","Unitary parliamentary|semi-constitutional monarchy","Dzongkha","Bhutanese","3771.20252025","0.698","Ngultrum|Indian rupee","+06","+975",".bt"
"BW","Botswana","Botswana","Botswana","Botswana","Botsuana","https://en.wikipedia.org/wiki/Special:FilePath/Flag_of_Botswana.svg?width=250","Botswana, officially the Republic of Botswana, is a landlocked country in Southern Africa. Botswana is topographically flat, with approximately 70% of its territory being a part of the Kalahari Desert. It is bordered by South Africa to the south and southeast, Namibia to the west and north, Zambia to the north, and Zimbabwe to the northeast. With a population of slightly over 2.4 million people and a comparable land area to France, Botswana is one of the most sparsely populated countries in the world. While it is not enshrined by statutory law, Botswana is de facto the nation state of the Batswana people, who constitute nearly 80% of the population while legally undistinguished Kalanga people, who account for another 11%, are the single largest ethnic minority.","O relevo de Botsuana é plano e sua superfície é coberta em até 70% pelo deserto de Calaári. Faz fronteira com a África do Sul a sul e sudeste, com a Namíbia a oeste e ao norte e com o Zimbábue a nordeste. Sua fronteira com a Zâmbia ao norte, perto de Kazungula, não é bem definida, mas uma curta faixa de aproximadamente 750 metros, ao longo do rio Zambeze, com travessia feita por ferry-boat, é comumente usada para marcar a fronteira com este país.","Le Botswana, terme tswana signifiant « pays des Tswanas » du nom de l'ethnie principale, en forme longue la république du Botswana, en tswana Lefatshe la Botswana, est un pays d'Afrique australe sans accès à la mer, entouré de l'Afrique du Sud au sud et sud-est, de la Namibie à l'ouest, de la Zambie au nord et du Zimbabwe au nord-est. Sa capitale est Gaborone. Les habitants s'appellent les Botswanais.","Il Botswana, ufficialmente Repubblica del Botswana è uno Stato indipendente dell'Africa meridionale.","Geográficamente el país se extiende sobre terreno llano, con un 70 % de su superficie cubierta por el desierto de Kalahari. Limita al norte con Zambia, al este con Zimbabue, al sur con Sudáfrica y al oeste y al norte con Namibia.","Gaborone","Gaborone","2359609","581730","4.1","Unitary|parliamentary republic with an executive presidency","English","Batswana (plural)|Motswana (singular)","20.71","0.731","Pula","+2","+267",".bw"
"BY","Belarus","Bielorrússia","Biélorussie","Bielorussia","Bielorrusia","https://en.wikipedia.org/wiki/Special:FilePath/Flag_of_Belarus.svg?width=250","Belarus, officially the Republic of Belarus, is a landlocked country in Eastern Europe. It is bordered by Russia to the east and northeast, Ukraine to the south, Poland to the west, and Lithuania and Latvia to the northwest. Belarus spans an area of with a population of 9.1 million. The country has a hemiboreal climate and is administratively divided into six regions. Minsk is the capital and largest city; it is administered separately as a city with special status.","Até o, as terras que atualmente formam a Bielorrússia pertenceram a diversos países, incluindo o Principado de Polotsk, o Grão-Ducado da Lituânia, o Império Russo e a Comunidade Polaco-Lituana. Como consequência da Revolução Russa, a Bielorrússia se tornou uma das repúblicas constituintes da União Soviética desde sua formação, e passou a se chamar República Socialista Soviética Bielorrussa. A unificação final das terras bielorrussas se deu em 1939, quando o território que pertencia à Segunda República Polonesa se uniu à RSSB. O país foi devastado durante a Segunda Guerra Mundial, durante a qual a Bielorrússia perdeu cerca de um terço de sua população e mais da metade de seus recursos econômicos; a república foi reestruturada nos anos do pós-guerra. Devido ao impacto do conflito no país, a RSSB tornou-se um dos membros fundadores da Organização das Nações Unidas, juntamente com a República Socialista Soviética Ucraniana e a própria URSS.","La Biélorussie ou le Bélarus, en forme longue la république de Biélorussie ou la république du Bélarus, est un pays d'Europe orientale sans accès à la mer, bordé par la Lettonie au nord, par la Russie au nord-est et à l'est, par l'Ukraine au sud, par la Pologne à l'ouest, et par la Lituanie au nord-ouest.","La Bielorussia, formalmente Repubblica di Bielorussia, in passato chiamata anche Russia Bianca, è uno Stato che si trova nell'Europa orientale. Confina a ovest con Polonia e Lituania, a est con la Russia, a sud con l'Ucraina e a nord con la Lettonia; è uno Stato senza sbocco al mare con corsi d'acqua navigabili.","Bielorrusia, oficialmente la República de Belarús, es un país soberano sin litoral situado en Europa Oriental y que formó parte de la Unión Soviética hasta 1991. Limita al norte con Lituania y Letonia, al este con Rusia, al sur con Ucrania y al oeste con Polonia. Su capital y ciudad más poblada es Minsk.","Minsk","Minsk","9109280","207600","43.9","Unitary|semi-presidential republic|under an|authoritarian|dictatorship","Belarusian|Russian","Belarusian","102.042","0.824","Belarusian ruble","+3","+375",".by|.бел"
"BZ","Belize","Belize","Belize","Belize","Belice","https://en.wikipedia.org/wiki/Special:FilePath/Flag_of_Belize.svg?width=250","Belize is a country on the north-eastern coast of Central America. It is bordered by Mexico to the north, the Caribbean Sea to the east, and Guatemala to the west and south. It also shares a maritime boundary with Honduras to the southeast. Part of the Caribbean region, Belize is a member of the Caribbean Community and the Commonwealth Caribbean, the historical British West Indies.","A civilização maia expandiu-se para a área do Belize entre 1500 a.C. e 300 d.C., tendo prosperado até cerca de 1200. O contacto europeu iniciou-se entre 1502 e 1504, quando Cristóvão Colombo navegou ao longo do Golfo de Honduras. A exploração europeia foi iniciada por colonos ingleses em 1638. Tanto a Espanha como a Grã-Bretanha reivindicaram o território até que os britânicos derrotaram os espanhóis na Batalha de St. George's Caye. Tornou-se uma colónia britânica em 1840 e uma colónia da Coroa em 1862. Belize alcançou a independência do Reino Unido em 21 de setembro de 1981. É o único país da América Central continental que é um reino da Commonwealth, tendo o Rei Carlos III como monarca e chefe de Estado, representado por um governador-geral.","Le Belize ou Bélize est un royaume du Commonwealth dont le territoire est situé en Amérique centrale, au sud-est du Mexique et au nord-est du Guatemala.","Il Belize è uno Stato indipendente dell'America centro-settentrionale che si estende per con una popolazione di 422 086 abitanti. La sua capitale è Belmopan, nel distretto di Cayo.","Belice es un país soberano de América ubicado en el extremo noreste de América Central y en la región del Caribe. Limita al norte con México y al sur y oeste con Guatemala. El golfo de Honduras lo separa del país homónimo. La capital es la ciudad de Belmopán y la ciudad más poblada es la Ciudad de Belice, que sirvió como capital hasta el año 1961, cuando la destrucción causada por el huracán Hattie obligó al gobierno a trasladar la capital a la entonces comunidad planeada de Belmopán, fundada en 1960. Es el único país de América Central cuyo idioma oficial es el inglés y con una forma de gobierno organizada en una monarquía constitucional parlamentaria, donde el rey del Reino Unido ejerce como jefe de Estado y es representado en el país por un gobernador general.","Belmopan","Belize City","397483","22966","17.31","Unitary|parliamentary constitutional monarchy","English","Belizean","3.488","0.721","Belize dollar","−06:00","+501",".bz"
"CA","Canada","Canadá","Canada","Canada","Canadá","https://en.wikipedia.org/wiki/Special:FilePath/Flag_of_Canada_(Pantone).svg?width=250","Canada is a country in North America. Its ten provinces and three territories extend from the Atlantic Ocean to the Pacific Ocean and northward into the Arctic Ocean, making it the second-largest country by total area, with the longest coastline of any country. Its border with the United States is the longest international land border. The country is characterized by a wide range of both meteorologic and geological regions. With a population of over 41 million, it has widely varying population densities, with the majority residing in its urban areas and large areas being sparsely populated. Its capital is Ottawa and its three largest metropolitan areas are Toronto, Montreal, and Vancouver.","Canadá é um país que ocupa grande parte da América do Norte e se estende desde o oceano Atlântico, a leste, até o oceano Pacífico, a oeste. Ao norte o país é limitado pelo oceano Ártico. É o segundo maior país do mundo em área total, superado apenas pela Rússia, e a sua fronteira comum com os Estados Unidos, no sul e no noroeste, é a mais longa fronteira terrestre do mundo.","Le Canada est un pays d'Amérique septentrionale constitué de dix provinces et de trois territoires.","Secondo Stato al mondo per estensione dopo la Russia, il Canada confina con il territorio degli Stati Uniti d'America, quelli continentali a sud, in buona parte lungo la linea del 49º parallelo Nord, e con lo stato dell'Alaska a nord-ovest quasi interamente lungo il 141º meridiano Ovest: si tratta del confine terrestre tra due Stati più lungo del mondo. L'altro confine della nazione è con il Regno di Danimarca sull' Isola Hans che è il confine terrestre internazionale più settentrionale del mondo e il terzo confine terrestre più breve tra due Stati. Il Canada è lo Stato più esteso del mondo per estensione costiera.","Canadá es un país soberano ubicado en América del Norte, cuya forma de gobierno es la monarquía parlamentaria federal. Su territorio está organizado en diez provincias y tres territorios. Su capital es la ciudad de Ottawa y su ciudad más poblada es Toronto, seguida por Montreal y Vancouver.","Ottawa","Toronto","41575585","9093507","4.2","Federal|parliamentary constitutional monarchy","English|French","Canadian","2.507","0.939","Canadian dollar","−3.5 to −7","+1",".ca"
"CD","Democratic Republic of the Congo","República Democrática do Congo","République démocratique du Congo","Repubblica Democratica del Congo","República Democrática del Congo","https://en.wikipedia.org/wiki/Special:FilePath/Flag_of_the_Democratic_Republic_of_the_Congo.svg?width=250","The Democratic Republic of the Congo, also known as the DR Congo, Congo-Kinshasa, or simply the Congo, and formerly named Zaire, is a country in Central Africa. By land area, it is the second-largest country in Africa and the eleventh-largest in the world. With a population of about 124 million people, the Democratic Republic of the Congo is the fourth-most populous country in Africa and the most populous Francophone country in the world. French is the official and most widely spoken language. There are over 200 indigenous languages, of which Lingala is the most widely spoken. The capital, largest city, and economic center is Kinshasa. The DRC is bordered by the Republic of the Congo, the Cabinda exclave of Angola, and the South Atlantic Ocean to the west; the Central African Republic and South Sudan to the north; Uganda, Rwanda, Burundi, and Tanzania to the east; and Zambia and Angola to the south. Centered on the Congo Basin, most of the DRC's terrain is covered by dense rainforests and is crossed by many rivers. The east and southeast are mountainous.","Após o Sudão do Sul se separar do Sudão em 2011, passou a ser o segundo maior país da África em área — superado apenas pela Argélia. Faz fronteira a norte com a República Centro-Africana e com o Sudão do Sul, a leste com Uganda, Ruanda, Burundi e a Tanzânia, a leste e a sul com a Zâmbia, a sul com Angola e a oeste com o oceano Atlântico, com o enclave de Cabinda e com o Congo.","Le Congo, en forme longue la république démocratique du Congo, aussi appelée plus simplement RDC, RD Congo ou de manière informelle Congo-Kinshasa, est un pays d'Afrique centrale. C'est le quatrième pays le plus peuplé d'Afrique, ainsi que le pays francophone le plus peuplé.","Il nord del Paese è una delle più grandi aree di foresta equatoriale al mondo; la zona orientale costeggia il grande rift est-africano, area di montagne, di colline, di grandi laghi, ma anche di vulcani. Il Sud e la zona centrale, area di savana alberata, forma un altopiano ricco di minerali. Nella parte estrema a ovest, in una quarantina di chilometri a nord della foce del fiume Congo si sviluppa la costa sull'oceano Atlantico.","Situado en la región ecuatorial de África, este país comprende gran parte de la cuenca del río Congo, extendiéndose hasta la región de los grandes lagos. Limita con la República Centroafricana y Sudán del Sur al norte, Uganda, Ruanda, Burundi y Tanzania al este, Zambia y Angola al sur, y la República del Congo al oeste. Tiene acceso al mar a través de una estrecha franja de 37km de costa, siguiendo el río Congo hasta el golfo de Guinea. El nombre Congo encuentra su origen en los nativos bakongo, asentados en las riberas del río Nzadi o Zaire, rebautizado en portugués como río Congo.","Kinshasa","Kinshasa","124388160","2345409","48","Unitary|semi-presidential republic","French","Congolese","79.12","0.522","Congolese franc","+1 to +2","+243",".cd"
"CF","Central African Republic","República Centro-Africana","République centrafricaine","Repubblica Centrafricana","República Centroafricana","https://en.wikipedia.org/wiki/Special:FilePath/Flag_of_the_Central_African_Republic.svg?width=250","The Central African Republic is a landlocked country located in Central Africa. It is bordered by Chad to the north, Sudan to the northeast, South Sudan to the east, the Democratic Republic of the Congo to the south, the Republic of the Congo to the southwest, and Cameroon to the west. The Central African Republic covers a land area of about 620000. As of 2024, it has a population of 5,357,744, consisting of about 80 ethnic groups. Having been a French colony under the name Ubangi-Shari, French is its official language, with Sango, a Ngbandi-based creole language, as the national and co-official language. Its capital and largest city is Bangui, which is on the southern border with the Democratic Republic of the Congo.","A maior parte da República Centro-Africana consiste em savanas, mas o país também inclui uma zona Saaral-sudanesa no norte e uma zona de floresta equatorial no sul. Dois terços do país estão na bacia do rio Ubangui, enquanto o terço restante está localizado na bacia do Chari, que desemboca no Lago Chade.","La République centrafricaine, communément appelée la ou le Centrafrique, encore désignée de manière informelle par le sigle RCA, est un État d'Afrique centrale, dont la population est estimée à environ en 2023, pour une superficie d'environ. Le pays est enclavé par le Tchad au Nord, le Soudan au Nord-est, le Soudan du Sud à l'Est, la république démocratique du Congo au Sud, la république du Congo au Sud-Ouest et le Cameroun à l'Ouest. Le pays est membre de l'Union africaine, de la Communauté économique et monétaire de l'Afrique centrale, de la Communauté économique des États de l'Afrique centrale et de la Communauté des États sahélo-sahariens. Le pays vient de sortir fragilisé de plus de deux décennies de crises militaro-politiques. Il se classe au sur 191 au classement des indices du capital humain et de développement humain en 2022.","La Repubblica Centrafricana è uno Stato dell'Africa Centrale, la cui capitale è Bangui. La repubblica confina a nord con il Ciad, a nord-est con il Sudan, a est con il Sudan del Sud, a sud con la Repubblica Democratica del Congo, a sud-ovest con la Repubblica del Congo e a ovest con il Camerun; è uno Stato senza sbocco al mare.","El territorio de República Centroafricana ha estado habitado durante milenios, sin embargo, las fronteras actuales del país fueron establecidas por Francia, que a finales del estableció una colonia llamada Oubangui-Chari, dado que la mayor parte de su territorio se encontraba entre las cuencas de los ríos Ubangi y Chari. Se convirtió en un territorio semiautónomo de la Comunidad Francesa en 1958 y en una nación independiente el 13 de agosto de 1960, tomando su nombre actual. Después de la independencia, República Centroafricana fue liderada por una serie de gobiernos autocráticos hasta 1993, cuando se dieron las primeras elecciones democráticas multipartidistas y donde Ange-Félix Patassé fue elegido presidente. Patassé fue destituido en un golpe de Estado liderado por el general François Bozizé en 2003. La primera guerra civil centroafricana estalló en 2004 y, a pesar de un tratado de paz en 2007 y otro en 2011, una segunda guerra civil comenzó en 2012.","Bangui","Bangui","5513282","622984","8.6","Unitary|presidential republic","French|Sango","Central African","3.71","0.414","Central African CFA franc","+01:00","+236",".cf"
"CG","Republic of the Congo","República do Congo","République du Congo","Repubblica del Congo","República del Congo","https://en.wikipedia.org/wiki/Special:FilePath/Flag_of_the_Republic_of_the_Congo.svg?width=250","The Republic of the Congo, also known as Congo-Brazzaville, the Congo Republic or simply Congo, is a country located on the western coast of Central Africa to the west of the Congo River. It is bordered to the west by Gabon, to the northwest by Cameroon, to the northeast by the Central African Republic, to the southeast by the Democratic Republic of the Congo, to the south by the Angolan exclave of Cabinda, and to the southwest by the Atlantic Ocean.","A região foi dominada por povos bantos há pelo menos 3.000 anos, que construíram laços comerciais que levavam à bacia do rio Congo. O Congo fazia parte da colônia francesa da África Equatorial. A República do Congo foi fundada em 28 de novembro de 1958, mas conquistou a independência da França apenas em 1960. Foi um estado marxista-leninista de 1969 a 1992, sob o nome de República Popular do Congo. O Estado soberano realiza eleições multipartidárias desde 1992, embora um governo eleito democraticamente tenha sido deposto na Guerra Civil de 1997.","Le Congo, en forme longue la république du Congo, est un pays d'Afrique centrale, situé de part et d'autre de l'équateur. Ses voisins sont le Gabon à l'ouest, le Cameroun au nord-nord-ouest, la République centrafricaine au nord-nord-est, la république démocratique du Congo au nord-est, au sud-est et au sud, ainsi que le Cabinda au sud-ouest. Le pays s’étend sur du nord au sud et d'est en ouest.","La Repubblica del Congo è uno Stato dell'Africa centrale e un'ex-colonia francese. Dal 1969 al 1992 fu denominata Repubblica Popolare del Congo. La capitale è Brazzaville.","Limita al norte con Camerún y la República Centroafricana, al sur y al este con la República Democrática del Congo, al oeste con Gabón y al suroeste con el océano Atlántico y un enclave angoleño.","Brazzaville","Brazzaville","6228784","342000","19","Unitary|semi-presidential republic|under an|authoritarian|dictatorship","French","Congo","15.281","0.649","Central African CFA franc","+1","+242",".cg"
"CH","Liechtenstein","Liechtenstein","Liechtenstein","Liechtenstein","Liechtenstein","https://en.wikipedia.org/wiki/Special:FilePath/Flag_of_Liechtenstein.svg?width=250","Liechtenstein, officially the Principality of Liechtenstein, is a doubly landlocked country in the Central European Alps. A microstate, It is located between Austria to the east and north-east and Switzerland to the north-west, west and south.","Desde o século XV, faz divisa praticamente do mesmo território comandado pela mesma família, a Casa de Liechtenstein. Tornou-se independente do Sacro Império Romano-Germânico quando este foi desmembrado, em 1806. Desde tempos imemoriais, a língua falada no país é o alemão.","Le Liechtenstein, en forme longue la principauté du Liechtenstein ou Principauté de Liechtenstein, est un pays alpin d'Europe centrale, sans accès à la mer, bordé par la Suisse à l'ouest et au sud et par l'Autriche à l'est et au nord. Sa superficie est de, avec une population estimée à un peu plus de. Sa capitale est Vaduz et sa plus grande ville est Schaan. En 2017, selon The World Factbook, le Liechtenstein possède l'un des plus hauts PIB par habitant. Le pays a également l'un des taux de chômage les plus bas au monde. Le Liechtenstein est le plus petit et le plus riche des pays germanophones.","Con una superficie di è il sestultimo Paese del mondo per estensione. La sua lingua ufficiale è il tedesco, parlata in diglossia con una sua variante alemanna.","Liechtenstein, oficialmente Principado de Liechtenstein, es un micro-Estado centroeuropeo sin litoral cuya forma de gobierno es la monarquía constitucional, ubicado entre Suiza y Austria en la orilla oriental del Rin. El idioma oficial es el alemán, pero en la vida cotidiana se habla principalmente el dialecto alemánico, con variaciones claramente locales. La capital es Vaduz y su ciudad más poblada es Schaan.","Vaduz","Schaan","41237","160.5","249","Unitary parliamentary semi-|constitutional monarchy|with elements of a|direct democracy","German","Liechtensteiner","8.288","0.938","Swiss franc","+01:00","+423",".li"
"CH","Switzerland","Suíça","Suisse","Svizzera","Suiza","https://en.wikipedia.org/wiki/Special:FilePath/Flag_of_Switzerland_(Pantone).svg?width=250","Switzerland, officially the Swiss Confederation, is a landlocked country located at the intersection of Central, Western, and Southern Europe. It is bordered by Germany to the north, France to the west, Austria and Liechtenstein to the east, and Italy to the south. Switzerland is geographically divided among the Swiss Alps, the Swiss Plateau, and the Jura Mountains; the Alps cover most of the country's territory, whereas the majority of its 9 million people are concentrated on the plateau, which hosts many of the largest cities and economic centres, including Zurich, Geneva, Basel, Bern, Lausanne, Winterthur, and Lucerne.","A Suíça é um país sem costa marítima cujo território é dividido geograficamente entre o Jura, o Planalto Suíço e os Alpes, somando uma área de km². A população suíça é de aproximadamente 9 milhões de habitantes e concentra-se principalmente no planalto, onde estão localizadas as maiores cidades do país. Entre elas estão as duas cidades globais e centros económicos de Zurique e Genebra. A Suíça é um dos países mais ricos do mundo relativamente ao PIB per capita calculado em 97 mil dólares americanos em 2025. e a Suíça com o segundo melhor índice de qualidade de vida, em 2023.","La Suisse, en forme longue la Confédération suisse, est un État fédéral d'Europe centrale et de l'Ouest, formé de, avec Berne pour capitale de facto.","La Svizzera, ufficialmente Confederazione Svizzera o Confederazione Elvetica, è uno Stato federale dell'Europa centrale, composto da 26 cantoni autonomi di cui 6 sono semicantoni. È un Paese alpino senza sbocco sul mare, il cui territorio è geograficamente suddiviso tra il massiccio del Giura, l'Altipiano e le Alpi svizzere, e occupa una superficie di oltre. Confina a nord con la Germania, a est con l'Austria e il Liechtenstein, a sud con l'Italia e a ovest con la Francia.","Suiza, oficialmente la Confederación Suiza, es un país sin salida al mar ubicado en Europa central y que cuenta con una población de habitantes. Suiza es un Estado federal con 26 cantones y cuenta con cuatro idiomas oficiales: alemán, francés, italiano y romanche.","de jure|);|Bern|(|de facto|)","Zurich","9154242","41291","207","Federal|assembly-independent|directorial republic","German|(62%),|French|(23%),|Italian|(8%),|Romansh","or elvetico/elvetica","1.147","0.97","Swiss franc","+1","+41",".ch|.swiss"
"CI","Ivory Coast","Costa do Marfim","Côte d'Ivoire","Costa d'Avorio","Costa de Marfil","https://en.wikipedia.org/wiki/Special:FilePath/Flag_of_C%C3%B4te_d'Ivoire.svg?width=250","Ivory Coast, also known as Côte d'Ivoire italic=no and officially as the Republic of Côte d'Ivoire, is a country on the southern coast of West Africa. Its capital, Yamoussoukro, is located in the centre of the country, while Abidjan is its largest city and economic centre. It borders Guinea to the northwest, Liberia to the west, Mali to the north, Burkina Faso to the northeast, Ghana to the east, and the Atlantic Ocean's Gulf of Guinea to the south. With 31.5 million inhabitants in 2024, Ivory Coast is the third-most populous country in West Africa after Ghana and Nigeria. In total, there are around 78 languages spoken in Ivory Coast.","Em Portugal, denomina-se ebúrneo, marfinês, costa-marfinês ou ainda costa-marfinense a quem é natural da Costa do Marfim. No Brasil, é marfinense. O governo marfinês solicitou à comunidade internacional em outubro de 1985 que o país seja designado apenas pelo nome francês Côte d'Ivoire e vários países e organizações internacionais acataram. No entanto, em português o país é comumente designado pelo seu nome original Costa do Marfim, já que a região foi batizada por exploradores portugueses. O mesmo ocorrendo em outras línguas, como Ivory Coast em inglês e Elfenbeinküste em alemão.","La Côte d'Ivoire, en forme longue la république de Côte d'Ivoire. D'une superficie de, elle est bordée au nord-ouest par le Mali, au nord-est par le Burkina Faso, à l'est par le Ghana, au sud-ouest par le Liberia, à l'Ouest par la Guinée et au sud par l'océan Atlantique. La population est estimée à en 2021.","La Costa d'Avorio, ufficialmente Repubblica della Costa d'Avorio, è uno Stato indipendente dell'Africa occidentale.","Costa de Marfil, oficialmente República de Costa de Marfil, es un país ubicado en África occidental. Su capital política es Yamusukro, aunque Abiyán, la ciudad más poblada, concentra la mayoría de las instituciones gubernamentales y constituye el principal centro económico y financiero del país.","Yamoussoukro","Abidjan","31500000","322462","97.7","Unitary|presidential republic","French","Ivorian|Ivory Coasters","79.43","0.582","West African CFA franc","±00:00","+225",".ci"
"CL","Chile","Chile","Chili","Cile","Chile","https://en.wikipedia.org/wiki/Special:FilePath/Flag_of_Chile.svg?width=250","Chile, officially the Republic of Chile, is a country in western South America. It is the southernmost country in the world and the closest to Antarctica, extending along a narrow strip of land between the Andes Mountains and the Pacific Ocean. According to the 2024 census, Chile had an enumerated population of 18.5 million. The country covers a territorial area of 756102, sharing borders with Peru to the north, Bolivia to the northeast, Argentina to the east, and the Drake Passage to the south. It also administers several Pacific islands, including Juan Fernández, Isla Salas y Gómez, Desventuradas, and Easter Island, and claims about 1250000 of Antarctica as the Chilean Antarctic Territory. The capital and largest city is Santiago, and the official and national language is Spanish.","Chile, oficialmente República do Chile, é um país localizado na América do Sul que ocupa uma longa e estreita faixa costeira encravada entre a cordilheira dos Andes e o Oceano Pacífico. Faz fronteira ao norte com o Peru, a nordeste com a Bolívia, a leste com a Argentina e a Passagem de Drake, a ponta mais meridional do país. O Pacífico forma toda a fronteira oeste do país, com um litoral que se estende por 6435 km. Com quase 20 milhões de habitantes, o Chile compreende alguns territórios ultramarinos, como o Arquipélago Juan Fernández, as Ilhas Desventuradas, a ilha Sala y Gómez e a ilha de Páscoa, sendo que as duas últimas estão localizadas na Polinésia. O Chile reclama a soberania de quadrados de território na Antártida. É um dos dois únicos países da América do Sul que não têm uma fronteira comum com o Brasil, junto com o Equador.","Le Chili, en forme longue la république du Chili, est un pays d’Amérique du Sud partageant ses frontières avec le Pérou et la Bolivie au nord et avec l’Argentine au nord-est, à l'est et au sud-est. Tout son territoire forme une étroite bande continentale allant du désert d'Atacama, au nord, jusqu'au cap Horn, au sud, étant exclusivement bordé par l'océan Pacifique sur sa façade ouest. L'île de Pâques, située à à l'ouest de Valparaíso dans l'océan Pacifique, fait partie du Chili depuis 1888. De même, le Chili possède depuis 1935 l'archipel Juan Fernández situé à environ à l'ouest du pays abritant la célèbre île Robinson Crusoé. La superficie totale du pays est de. La capitale du Chili est Santiago. Les autres villes importantes sont le grand port maritime de Valparaíso, la célèbre station balnéaire de Viña del Mar et la ville industrielle d'Antofagasta. Punta Arenas est la plus grande ville des terres australes du continent américain.","Il Cile, ufficialmente Repubblica del Cile, è uno Stato situato nell'estremo sud-ovest del continente americano. Ha come capitale Santiago del Cile.","Chile, oficialmente República de Chile, es un Estado soberano ubicado en el extremo sudoeste de América del Sur. Adopta la forma de gobierno republicana, democrática, presidencialista y unitaria. Su capital y ciudad más poblada es Santiago.","Santiago","Santiago","19629588","756101.96","24","Unitary|presidential republic","Spanish","Chilean","407.85","0.878","Chilean peso","−3, −4, −6","+56",".cl"
"CN","China","China","Chine","Cina","República Popular China","https://en.wikipedia.org/wiki/Special:FilePath/Flag_of_the_People's_Republic_of_China.svg?width=250","China, officially the People's Republic of China, is a country in East Asia. It is the world's second-most populous country after India, with a population exceeding 1.4 billion, across an area of, making it the third-largest country by area.","República Popular da China, também conhecida simplesmente como China, é o maior país da Ásia Oriental e o segundo país mais populoso do mundo, com mais de 1,4 bilhão de habitantes, quase um quinto da população da Terra, superado apenas pela Índia. É uma república popular socialista unipartidária. Na constituição, descreve-se como um sistema multipartidário de cooperação e consulta política sob a liderança do Partido Comunista da China e como uma ""ditadura democrática popular liderada pela classe trabalhadora e baseada na aliança de trabalhadores e camponeses"". Tem jurisdição sobre vinte e duas províncias, cinco regiões autônomas, quatro municípios e duas Regiões Administrativas Especiais com relativa autonomia. A capital da RPC é Pequim.","La Chine, en forme longue la république populaire de Chine, également appelée de manière informelle Chine populaire et Chine communiste, est un pays d'Asie de l'Est. Avec plus de d'habitants, soit environ un sixième de la population mondiale, elle est, en 2023, le deuxième pays le plus peuplé du monde, après l'Inde. La principale partie de la population se trouve à l'est du pays. Elle compte six agglomérations de plus de dix millions d'habitants : la capitale Pékin, Shanghai, Chongqing, Tianjin, Canton et Shenzhen, ainsi que plus de trente villes d'au moins deux millions d'habitants. Avec une superficie de selon l'ONU ou de selon The World Factbook, la Chine est également le plus grand pays d'Asie orientale et le troisième ou quatrième plus grand pays du monde par la superficie. La Chine s'étend des côtes de l'océan Pacifique au Pamir et aux Tian Shan, et du désert de Gobi à l'Himalaya et au nord de la péninsule indochinoise.","La Cina è una repubblica popolare in cui il potere è esercitato dal Partito Comunista Cinese. Il governo ha sede nella capitale Pechino ed esercita la propria sovranità su ventidue province, cinque regioni autonome, quattro municipalità direttamente controllate e due regioni amministrative speciali parzialmente autonome.","La República Popular China, mayormente conocida como China, es un país soberano de Asia Oriental con capital en Pekín. Es el segundo país más poblado del mundo. Es la primera economía mundial en PIB por paridad de poder adquisitivo,y la segunda a precios corrientes, tras Estados Unidos. Se constituye como un Estado socialista de partido hegemónico gobernado por el Partido Comunista de China. Está dividida en veintidós provincias, cinco regiones autónomas, cuatro municipios bajo jurisdicción central y dos regiones administrativas especiales, que son Hong Kong y Macao. Asimismo, reclama la provincia de Taiwán, que es controlada por la República de China con un estatus político de la isla controvertido después del fin de la guerra civil china, cuando sirvió de refugio a los nacionalistas del Kuomintang.","Beijing","Shanghai","1404890000","9596961","146.39","Unitary|communist state","Standard Chinese","Chinese","20.852","0.797","Renminbi","+8","+86|+852|+853",".cn|.中国|.中國|.hk|.香港|.mo|.澳门|.澳門"
"CO","Colombia","Colômbia","Colombie","Colombia","Colombia","https://en.wikipedia.org/wiki/Special:FilePath/Flag_of_Colombia.svg?width=250","Colombia, officially the Republic of Colombia, is a country located in South America, with insular regions in North America. Colombia's mainland is bordered by the Caribbean Sea to the north, Venezuela to the east, Brazil to the southeast, Peru and Ecuador to the south and southwest, the Pacific Ocean to the west, and Panama to the northwest. Colombia is divided into 32 departments. The Capital District of Bogotá is the country's largest city hosting the main financial and cultural hub. Other urban areas include Medellín, Cali, Barranquilla, Cartagena, Bucaramanga, Pereira, Santa Marta, Cúcuta, Ibagué, Villavicencio and Manizales. It covers an area of 1,141,748 square kilometers and has a population of around 52 million. Its rich cultural heritage—including language, religion, cuisine, and art—reflects its history as a colony, fusing cultural elements brought by immigration from Europe and the Middle East, with those brought by the African diaspora, as well as with those of Indigenous civilizations that predate colonization. Spanish is the official language, although Creole, English and 64 other languages are recognized regionally.","O país é etnicamente muito diverso e a interação entre os descendentes dos primeiros habitantes indígenas, colonos espanhóis, africanos trazidos como escravos e imigrantes do século XX vindos da Europa e do Oriente Médio produziu um rico patrimônio cultural. Isso também foi influenciado pela geografia bastante variada da Colômbia. A maioria dos centros urbanos estão localizados nos Andes, mas o território colombiano também abrange a floresta amazônica, pastagens tropicais e os litorais do Caribe e do Pacífico. Ecologicamente, a Colômbia é um dos 17 países megadiversos do mundo.","La Colombie, en forme longue la république de Colombie est une république unitaire d'Amérique du Sud comprenant. Le pays est situé dans le Nord-Ouest du continent sud-américain ; il est bordé à l'ouest par l'océan Pacifique, au nord-ouest par le Panama, au nord par la mer des Caraïbes, au nord-est par le Venezuela, au sud-est par le Brésil, au sud par le Pérou et au sud-ouest par l'Équateur. La Colombie est le grand pays par sa superficie et le en Amérique du Sud. Avec plus de d'habitants, la Colombie est le le plus peuplé du monde et le de tous les pays de langue espagnole après le Mexique. La Colombie est une moyenne puissance, la grande économie d'Amérique latine, et la en Amérique du Sud. La production de café, de fleurs, d'émeraudes, de charbon et de pétrole forme le principal secteur de l'économie colombienne.","La Colombia, formalmente Repubblica di Colombia, è uno Stato della regione nord-occidentale dell'America meridionale, la cui superficie è di 1 141 748 km². Delimitata a est da Venezuela e Brasile, a sud da Perù ed Ecuador e a nord-ovest da Panama, dal Mar dei Caraibi a nord e dal Pacifico a ovest, è l'unico paese sudamericano ad affacciarsi sui due oceani che bagnano il continente; fanno parte della Colombia anche le isole dell'arcipelago di San Andrés, Providencia e Santa Catalina; è il sesto Paese più esteso dell'America ed il quarto per popolazione. La capitale è Bogotà.","Colombia, oficialmente República de Colombia, es un país soberano situado en la región noroccidental de América del Sur. Se constituye en un Estado unitario, social y democrático de derecho, cuya forma de gobierno es de república presidencialista; con dos cámaras legislativas, cuyos miembros son elegidos por sufragio directo, voluntario y secreto, con cuatro años de mandato. Su capital y ciudad más poblada es Bogotá. Es una república organizada políticamente en treinta y dos departamentos descentralizados y el Distrito Capital de Bogotá, sede del Gobierno Nacional.","Bogotá","Bogotá","52695952","1141748","46.15","Unitary|presidential republic","Spanish","Colombian","539.53","0.788","Colombian peso","−5","+57",".co"
"CR","Costa Rica","Costa Rica","Costa Rica","Costa Rica","Costa Rica","https://en.wikipedia.org/wiki/Special:FilePath/Flag_of_Costa_Rica.svg?width=250","Costa Rica, officially the Republic of Costa Rica, is a country in Central America. It borders Nicaragua to the north, the Caribbean Sea to the northeast, Panama to the southeast, and the Pacific Ocean to the southwest, sharing a maritime border with Ecuador to the south of Cocos Island. It has a population of around five million in a land area of nearly ; the capital and largest city is San José, home to around 350,000 residents and two million people in the surrounding metropolitan area.","A Costa Rica era pouco habitada por povos indígenas antes de passar a fazer parte do Império Espanhol no século XVI. Permaneceu como uma colônia periférica do império até a independência, como parte do curto Primeiro Império Mexicano, seguido pela entrada nas Províncias Unidas da América Central, da qual declarou formalmente a independência em 1847. Desde então, a Costa Rica permaneceu entre as nações mais estáveis, prósperas e progressistas da América Latina. Após a breve Guerra Civil Costarriquenha, o país aboliu permanentemente seu exército em 1949, tornando-se um dos poucos países soberanos sem forças armadas permanentes.","Le Costa Rica, en forme longue la république du Costa Rica, en espagnol República de Costa Rica, est une république unitaire d'Amérique centrale ayant un régime présidentiel.","La Costa Rica o Costarica, ufficialmente Repubblica di Costa Rica, è uno Stato dell'America centrale. Includendo l'area insulare si estende per chilometri quadrati e ha una popolazione di abitanti. La capitale San José conta abitanti.","Costa Rica, oficialmente República de Costa Rica, es un Estado soberano organizado como una república presidencialista unitaria compuesta por 7 provincias. Ubicado en América Central, posee un territorio con un área total de 51,179 km². Limita con Nicaragua al norte, el mar Caribe al este, Panamá al sureste y el océano Pacífico al oeste. En cuanto a los bordes marítimos, colinda con Nicaragua, Colombia, Panamá y Ecuador. Cuenta con 5,451 355 habitantes. Su capital, centro político y económico es San José, y su idioma oficial es el español. Su punto más austral es la Isla del Coco.","San José","San José","5160700","51179.92","220","Unitary|presidential republic","Spanish","Costa Rican|Tico(a)","102.591","0.833","Costa Rican colón","−6","+506",".cr|.co.cr"
"CU","Cuba","Cuba","Cuba","Cuba","Cuba","https://en.wikipedia.org/wiki/Special:FilePath/Flag_of_Cuba.svg?width=250","Cuba, officially the Republic of Cuba, is an island country in the Caribbean. It comprises the eponymous main island as well as 4,195 islands, islets, and cays. Situated at the convergence of the Caribbean Sea, Gulf of Mexico, and Atlantic Ocean, Cuba is located east of the Yucatán Peninsula, south of both Florida and the Bahamas, west of Hispaniola, and north of Jamaica and the Cayman Islands. Havana is the largest city and capital. Cuba is the third-most populous country in the Caribbean after Haiti and Dominican Republic, with about 10 million inhabitants. It is the largest country in the Caribbean by area. Culturally, Cuba is considered part of Latin America.","Cuba, oficialmente República de Cuba, é um país insular localizado no mar do Caribe, na América Central e Caribe. É um país que compreende a ilha de Cuba, bem como a Ilha da Juventude e vários arquipélagos menores. Cuba está localizada no norte do Caribe, onde o mar do Caribe, o Golfo do México e o Oceano Atlântico se encontram. Fica a leste da Península de Iucatã, a sul tanto do estado norte-americano da Flórida como das Bahamas, a oeste da Hispaniola, e a norte tanto da Jamaica como das Ilhas Caimão. Havana é a maior cidade e capital; outras grandes cidades incluem Santiago de Cuba e Camagüey. A área oficial da República de Cuba é de 109 884 km. A ilha principal de Cuba é a maior ilha de Cuba e do Caribe, com uma área de 104 338 km. Cuba é o segundo país mais populoso do Caribe, depois do Haiti, com mais de 11 milhões de habitantes.","Cuba, en forme longue la république de Cuba, est un État insulaire des Caraïbes formé de l'île de Cuba, de l'île de la Jeunesse et de cayes et îlots. Il est situé dans l'ouest des Grandes Antilles, à la confluence de la mer des Caraïbes, du golfe du Mexique et de l'océan Atlantique ; au nord-est des îles Caïmans ; au nord-ouest de la Jamaïque ; à l'est du Mexique ; au sud-est de la péninsule de Floride ; au sud-ouest des Bahamas ; à l'ouest d'Haïti et des îles Turques-et-Caïques.","Cuba, ufficialmente Repubblica di Cuba, è uno Stato insulare dell'America centrale, posto tra il mar dei Caraibi, il golfo del Messico e l'oceano Atlantico. A nord si trovano gli Stati Uniti e le Bahamas, a nord-est le Isole Turks e Caicos, a ovest il Messico, a sud le isole Cayman e la Giamaica, a sud-est Hispaniola.","Cuba, oficialmente República de Cuba, es un Estado soberano e insular ubicado en las Antillas del mar Caribe. El territorio está organizado en quince provincias y un municipio especial con La Habana como capital y ciudad más poblada.","Havana","Havana","9748007","110860","89.8","Communist state","Spanish","Cuban","252.063","0.762","Cuban peso","−05:00","+53",".cu"
"CV","Cape Verde","Cabo Verde","Cap-Vert","Capo Verde","Cabo Verde","https://en.wikipedia.org/wiki/Special:FilePath/Flag_of_Cape_Verde_(3-2).svg?width=250","Cape Verde, also referred to in English by its Portuguese name Cabo Verde, and known officially as the Republic of Cabo Verde, is an archipelagic country in the central Atlantic Ocean, off the coast of West Africa. It consists of ten volcanic islands with a combined land area of about 4,033 square kilometres. These islands lie between 600 and 850 kilometres west of Cap-Vert, the westernmost point of continental Africa, after which they are named. Cape Verde forms part of the Macaronesia ecoregion, along with the Azores, the Canary Islands, Madeira and the Savage Islands.","O arquipélago permaneceu desabitado até o século XV, quando exploradores portugueses colonizaram as ilhas, estabelecendo um dos primeiros assentamentos europeus nos trópicos. Sua posição estratégica conferiu-lhe um papel significativo no comércio transatlântico de escravos durante os séculos XVI e XVII; as ilhas experimentaram um rápido crescimento econômico impulsionado pelo comércio de produtos manufaturados, rum, tecidos para escravos africanos, marfim e ouro. Em meados do século XIX, o aumento da concorrência estrangeira, a seca persistente e o declínio do tráfico de escravos levaram à decadência econômica e à emigração; Cabo Verde recuperou-se gradualmente como um importante centro comercial e ponto de parada para as principais rotas marítimas.","Le Cap-Vert, officiellement Cabo Verde, en forme longue la république du Cap-Vert ou république de Cabo Verde et de la Mauritanie, il couvre une superficie d'environ. Praia, la capitale, se trouve à à l'ouest de la presqu'île du Cap-Vert, au Sénégal. L'archipel se divise en deux séries d'îles : au sud, les îles de Sotavento et au nord, les îles de Barlavento. L'île de Santiago comprend à elle seule plus de la moitié de la population du pays, et Praia est la plus grande ville du pays.","Capo Verde, ufficialmente Repubblica di Capo Verde, è uno Stato insulare dell'Africa occidentale; abitato da circa persone, ha come capitale Praia.","El archipiélago de Cabo Verde estuvo deshabitado hasta el, cuando los exploradores portugueses colonizaron las islas, estableciendo así uno de los primeros asentamientos europeos en los trópicos. Debido a que las islas de Cabo Verde se encontraban en una ubicación conveniente para desempeñar un papel en el comercio de esclavos en el Atlántico, Cabo Verde se volvió económicamente próspero durante los siglos y, atrayendo a comerciantes, corsarios y piratas. Las islas tuvieron un rápido crecimiento económico empujado por el comercio de bienes manufacturados, ron y ropa para esclavos africanos, marfil y oro. Se redujo económicamente en el debido a la supresión de la trata de esclavos en el Atlántico, combinado con una mayor competencia extranjera y sequías persistentes, y muchos de sus habitantes emigraron durante ese período. Sin embargo, Cabo Verde se recuperó económicamente en forma gradual al convertirse en un importante centro comercial y un útil punto de parada en las principales rutas marítimas.","Praia","Praia","491233","4033","130","Unitary|semi-presidential republic","Portuguese","Cape Verdean|or Cabo Verdean","2.598","0.668","Cape Verdean escudo","−01:00","+238",".cv"
"CZ","Czech Republic","Chéquia","Tchéquie","Repubblica Ceca","República Checa","https://en.wikipedia.org/wiki/Special:FilePath/Flag_of_the_Czech_Republic.svg?width=250","The Czech Republic, also known as Czechia and historically known as Bohemia, is a landlocked country in Central Europe. The country is bordered by Austria to the south, Germany to the west, Poland to the northeast, and Slovakia to the southeast. The Czech Republic has a hilly landscape that covers an area of 78871 with a mostly temperate continental and oceanic climate. The capital and largest city is Prague; other major cities and urban areas include Brno, Ostrava, Plzeň and Liberec.","Depois da Batalha de Mohács em 1526, o Reino da Boêmia foi gradualmente integrado na Monarquia de Habsburgo como uma de suas três partes principais, ao lado do Arquiducado da Áustria e o Reino da Hungria. A Revolta Boêmia, contra os Habsburgos católicos, levou à Guerra dos Trinta Anos, após a qual a monarquia consolidou sua regra, reimposta ao catolicismo, e adotou uma política de gradual germanização. Com a dissolução do Sacro Império Romano em 1806, o reino da Boêmia tornou-se parte do Império Austríaco. No século XIX, as terras checas tornaram-se a potência industrial da monarquia e do núcleo da República da Checoslováquia, que foi formada em 1918, após o colapso do Império Austro-Húngaro após a Primeira Guerra Mundial. Depois de 1933, a Checoslováquia permaneceu como a única democracia na Europa Central.","La Tchéquie, en forme longue la République tchèque, est un pays d'Europe centrale sans accès à la mer, entouré par la Pologne au nord-est, l'Allemagne au nord-ouest et à l'ouest, l'Autriche au sud et la Slovaquie à l'est-sud-est.","In senso orario da nord, confina con Polonia, Slovacchia, Austria e Germania. Il Paese è formato tre grandi regioni storiche: a ovest la Boemia, a est la Moravia e, nella parte centro-settentrionale, la Slesia ceca, parte della più ampia regione che si estende anche in Germania e Polonia.","La República Checa, también conocida como Chequia, es un país soberano de Europa Central sin litoral. Limita con Alemania al oeste, con Austria al sur, con Eslovaquia al este y con Polonia al norte. Su capital y mayor ciudad es Praga. La República Checa está formada por los territorios históricos de Bohemia y Moravia, además de una pequeña parte de Silesia. Es uno de los veintisiete Estados soberanos que forman la Unión Europea.","Prague","Prague","10915839","78871","133","Unitary parliamentary republic","Czech","Czech","432.597","0.915","Czech koruna","+1","+420",".cz"
"DJ","Djibouti","Djibuti","Djibouti","Gibuti","Yibuti","https://en.wikipedia.org/wiki/Special:FilePath/Flag_of_Djibouti.svg?width=250","Djibouti, officially the Republic of Djibouti, is a country in the Horn of Africa, bordered by Somalia to the south, Ethiopia to the southwest, Eritrea in the north, and the Red Sea and the Gulf of Aden to the east. The country has an area of 23201.13.","O país está localizado na África Oriental, mais precisamente a leste do golfo de Adem. O golfo, o mar Vermelho e o canal de Suez são acidentes geográficos que servem de acesso ao oceano Índico e ao mar Mediterrâneo. A contribuição dada pela localização do Djibuti foi a transformação da capital do mesmo nome, em um porto principal. De modo potencial, a importância dessa localização é estratégica. Apesar da livre passagem dos navios pela litoral do Djibuti, para uma nação poderosa tomar posse da área, a possibilidade seria o controle da navegação de navios entre o oceano Índico e o mar Mediterrâneo.","Djibouti, en forme longue la république de Djibouti est un État de la Corne de l'Afrique, situé sur la côte occidentale du golfe d'Aden. Le pays dispose aussi de de côtes sur la mer Rouge, depuis le Bab el Mandeb jusqu'à la frontière avec l'Érythrée. Il est limitrophe de la Somalie au sud-est, de l'Éthiopie au sud et à l'ouest, de l'Érythrée au nord et a, au travers du détroit Bab-el-Mandeb, une frontière maritime avec le Yémen. Sa population en 2022 est estimée à environ.","Il Gibuti, ufficialmente Repubblica di Gibuti, è uno Stato dell'Africa orientale posto all'estremità meridionale del Mar Rosso, presso lo stretto di Bab el-Mandeb, ed è situato nel Corno d'Africa. Il Gibuti confina con l'Eritrea a nord, l'Etiopia a ovest e a sud, con il Somaliland a sud-est. È bagnato dal Mar Rosso e dal golfo di Aden. Lo Yemen, nella penisola araba, è a soli dalla costa del Gibuti.","En la Edad Antigua el territorio de Yibuti era parte de Punt y en la Edad Media la zona fue cuna de los sultanatos de Adel e Ifat. A finales del se creó la colonia de la Somalia francesa como resultado de la firma de varios tratados firmados por los sultanes de Somalia y del pueblo afar con los franceses. La zona pasó a llamarse Territorio Francés de los Afars y de los Issas en 1967. Una década después el pueblo de Yibuti votó a favor de la independencia, lo que marcó la formación oficial de la República de Yibuti, que recibió el nombre de su capital. El país se unió a la ONU ese mismo año, el 20 de septiembre de 1977. A comienzos de los años 1990 las tensiones sobre la representación del gobierno condujeron a un conflicto armado que culminó en el año 2000 en un acuerdo para compartir el poder entre el partido gobernante y la oposición.","Djibouti City","Djibouti City","1066809","23200","46","Unitary|presidential republic|under a|hereditary dictatorship","Arabic|French","Djiboutian","3.873","0.513","Djiboutian franc","+3","+253",".dj"
"DK","Denmark","Dinamarca","Danemark (pays constitutif)","Danimarca","Dinamarca","https://en.wikipedia.org/wiki/Special:FilePath/Flag_of_Denmark.svg?width=250","Denmark is a Nordic country in Northern Europe. It is the metropole and most populous constituent of the Kingdom of Denmark, also known as the Danish Realm, a constitutionally unitary state that includes the autonomous territories of the Faroe Islands and Greenland in the north Atlantic Ocean. Metropolitan Denmark, consists of the northern Jutland peninsula and an archipelago of 406 islands. It is the southernmost of the Scandinavian countries, lying southwest of Sweden, south of Norway, and north of Germany, with which it shares a short border. Metropolitan Denmark is situated between the North Sea to the west and the Baltic Sea to the east.","Em 2013, o Reino da Dinamarca, incluindo as Ilhas Faroé e a Groenlândia, tinha um total de 1.419 ilhas com mais de 100 metros quadrados de área; 443 delas foram nomeadas e 78 são habitadas. Abrangendo uma área total de 43 943 quilômetros quadrados, a Dinamarca metropolitana consiste na parte norte da península da Jutlândia e em um arquipélago de 406 ilhas. Destas, a ilha mais populosa é a Zelândia, na qual está situada a capital e maior cidade, Copenhague, seguida por Funen, a Ilha da Jutlândia do Norte e Amager. A Dinamarca possui terras planas e aráveis, costas arenosas, baixas elevações e um clima temperado. Tinha uma população de 5.964.059, dos quais cerca de 800 mil vivem em Copenhaga. A Dinamarca exerce influência hegemônica no reino dinamarquês, devolvendo poderes para lidar com assuntos internos. O autogoverno foi estabelecido nas Ilhas Faroé em 1948 e na Groenlândia em 1979; este último obteve maior autonomia em 2009.","Le Danemark, aussi appelé « Danemark métropolitain », est, avec les Îles Féroé et le Groenland, l'un des trois pays constitutifs du royaume de Danemark.","La Danimarca, ufficialmente Regno di Danimarca, è uno Stato membro dell'Unione europea e lo Stato più piccolo e più meridionale della Scandinavia, anche se non appartenente alla penisola scandinava. È uno dei tre componenti del Reame danese, insieme alle Fær Øer e alla Groenlandia, che godono in diversa misura di una certa autonomia. La capitale è Copenaghen. Al 1º maggio 2025 la popolazione della Danimarca è risultata essere pari a abitanti.","Dinamarca es una de las tres naciones constituyentes del Reino de Dinamarca. Está ubicada en el norte de Europa y es el más meridional de los países nórdicos y también el de menor extensión. Es la metrópoli y parte constituyente más poblada del Reino de Dinamarca, un Estado unitario compuesto por los territorios de la propia Dinamarca, Groenlandia y las islas Feroe, en el Atlántico Norte. La Dinamarca metropolitana o continental se limita a la parte norte de la península de Jutlandia y un archipiélago de 407 islas, cuya capital y ciudad más poblada es Copenhague, en la isla de Selandia.","Copenhagen","Copenhagen","6001008","43094","139.25","Unitary parliamentary|constitutional monarchy","Danish","Dane","503.772","0.962","Danish krone","CET","+45",".dk"
"DM","Dominica","Dominica","Dominique (pays)","Dominica","Dominica","https://en.wikipedia.org/wiki/Special:FilePath/Flag_of_Dominica.svg?width=250","Dominica, officially the Commonwealth of Dominica, is an island country in the Caribbean. It is part of the Windward Islands chain in the Lesser Antilles archipelago in the Caribbean Sea. The capital, Roseau, is located on the western side of the island. Dominica's closest neighbours are two constituent territories of the European Union, both overseas departments of France: Guadeloupe to the northwest and Martinique to the south-southeast. Dominica comprises a land area of 750, and the highest point is Morne Diablotins, at in elevation. The population was 71,293 at the 2011 census.","A Dominica é alcunhada de ""Ilha Natureza das Caraíbas"" devido à sua beleza natural não alterada. É a ilha mais recente das Pequenas Antilhas, ainda apresentando atividade geotermal vulcânica, como evidenciado pela fonte termal Boiling Lake. A ilha apresenta ainda áreas luxuriantes de floresta tropical montanhosa, habitat de variadas espécies raras de fauna e flora. Existem algumas zonas xéricas nas zonas costeiras ocidentais, mas o interior é chuvoso. O papagaio-imperial, a ave nacional, está representado na bandeira. A economia dominiquense dependente fortemente do turismo, da agricultura e de impostos elevados.","La Dominique en forme longue le Commonwealth de la Dominique ou Commonwealth de Dominique, est un pays insulaire de la mer des Caraïbes situé dans l'archipel des Petites Antilles, entre les îles françaises des Saintes et de Marie-Galante au nord, et la Martinique au sud. Son nom kalinago est Wai'tu kubuli qui signifie « Son corps est grand ».","La Dominica, ufficialmente Commonwealth della Dominica, è uno Stato insulare del Mar dei Caraibi, Repubblica parlamentare all'interno del Commonwealth, la cui capitale è la città di Roseau. Appartenente all'arcipelago delle Piccole Antille, l'isola è situata a metà strada tra le isole della Guadalupa e quelle della Martinica. Contrariamente ad altre ex colonie della regione, la Dominica non è mai stata un reame del Commonwealth, con il monarca britannico come capo di Stato: divenne infatti una repubblica al momento dell'indipendenza.","Dominica, oficialmente la Mancomunidad de Dominica, es una isla y una república de América considerada un micro-Estado que forma parte de las Antillas Menores, en el mar Caribe. Se localiza, específicamente, entre los territorios franceses de ultramar de Guadalupe al norte y Martinica al sur y al este de la isla de Aves. Dominica comprende una superficie terrestre de 750 km², y el punto más alto es Morne Diablotins, a 1447 metros de altitud. La población era de 71.293 personas en el censo de 2011. Pertenece al Caribe anglófono.","Roseau","Roseau","71293","750","105","Unitary parliamentary republic","English","Dominican","4852","0.761","East Caribbean dollar","–4","+1",".dm"
"DO","Dominican Republic","República Dominicana","République dominicaine","Repubblica Dominicana","República Dominicana","https://en.wikipedia.org/wiki/Special:FilePath/Flag_of_the_Dominican_Republic.svg?width=250","The Dominican Republic is an island country on the eastern part of the Caribbean island of Hispaniola in the Greater Antilles of the Caribbean Sea in the North Atlantic Ocean. It shares a maritime border with Puerto Rico to the east and a land border with Haiti to the west, occupying the eastern five-eighths of Hispaniola which, along with Saint Martin, is one of only two islands in the Caribbean shared by two sovereign states. In the Antilles, the country is the second-largest country by area after Cuba at and the second most populous country after Haiti with approximately 11.4 million people in 2024, of whom 3.6 million reside in the metropolitan area of Santo Domingo, the capital city.","Os povos taínos habitam o que é hoje a República Dominicana desde o século VI. Cristóvão Colombo desembarcou na ilha em 1492 e formou no local o primeiro assentamento europeu permanente na América, a cidade São Domingos, a capital do país e a primeira capital do Império Espanhol no Novo Mundo. Depois de três séculos de domínio espanhol, com interferências de franceses e haitianos, o país tornou-se independente em 1821. O governante José Núñez de Cáceres pretendia que o país fosse parte da nação da Grã-Colômbia, mas ele foi rapidamente removido do governo pelo Haiti e por revoltas de escravos ""dominicanos"". Após a vitória na Guerra de Independência Dominicana em 1844, os dominicanos experimentaram um conflito interno ao longo de 72 anos e também um breve retorno ao domínio espanhol. A ocupação pelos Estados Unidos entre 1916–1924, em seguida, um período de 6 anos sob o governo Horacio Vásquez, e depois a ditadura de Rafael Trujillo, que durou até 1961. A guerra civil de 1965, a última, foi encerrada por uma intervenção liderada pelos Estados Unidos e seguida pelo governo autoritário de Joaquín Balaguer. Desde então, a República Dominicana se moveu em direção à democracia representativa","La République dominicaine est un pays situé sur l'île d'Hispaniola, dans l'archipel des Grandes Antilles, dans la région des Caraïbes. Elle occupe la partie orientale de l'île, partageant la frontière avec Haïti, faisant d'Hispaniola, avec Saint-Martin, une deuxième île des Antilles partagée par deux États souverains. La République dominicaine est le deuxième plus grand pays des Antilles par sa superficie avec, et le troisième par sa population, avec environ d'habitants dont environ vivent dans la zone métropolitaine de la capitale, Saint-Domingue. La langue officielle du pays est l'espagnol.","La Repubblica Dominicana è una repubblica presidenziale situata nei due terzi orientali dell'isola caraibica di Hispaniola, nelle Grandi Antille. Confina a ovest con la repubblica di Haiti ed è bagnata a nord dall'oceano Atlantico, a sud dal mar dei Caraibi e ad est dal canale della Mona, che la separa da Porto Rico. La capitale è Santo Domingo, la lingua ufficiale è lo spagnolo.","La República Dominicana es un país de América situado en el Caribe, ubicado en la zona central de las Antillas; ocupa la parte central y oriental de la isla La Española. Su capital y ciudad más poblada es Santo Domingo. Limita al norte con el océano Atlántico, al este con el canal de la Mona, al sur con el mar Caribe y al oeste con Haití, que es el otro país situado en La Española. Con es el segundo país más extenso de los países insulares caribeños, después de Cuba, y el tercero más poblado, después de Haití y Cuba. Forma parte del Caribe hispanófono.","Santo Domingo","Santo Domingo","11532151","48671","220","Unitary|presidential republic","Spanish","Dominican|Quisqueyan (colloquial)","138.34","0.776","Dominican peso","−04:00","+1",".do"
"DZ","Algeria","Argélia","Algérie","Algeria","Argelia","https://en.wikipedia.org/wiki/Special:FilePath/Flag_of_Algeria.svg?width=250","Algeria, officially the People's Democratic Republic of Algeria, is a country in the Maghreb region of North Africa. Spanning over 2381741, it is the largest country in Africa and the tenth largest in the world. It is bordered to the northeast by Tunisia; to the east by Libya; to the southeast by Niger; to the southwest by Mali, Mauritania, and Western Sahara; to the west by Morocco; and to the north by the Mediterranean Sea. With a population of over 47 million, Algeria is the tenth-most populous country in Africa. Its capital and largest city is Algiers.","Argélia, oficialmente República Argelina Democrática e Popular, é um país da África do Norte que faz parte do Magrebe. Sua capital é Argel, no norte do país, sendo a cidade mais populosa na costa do Mediterrâneo. Com uma superfície de, é o maior país da bacia do Mediterrâneo e o mais extenso de todo continente africano, após a divisão entre o Sudão e o Sudão do Sul. Partilha as suas fronteiras terrestres ao nordeste com a Tunísia, a leste com a Líbia, ao sul com o Níger e o Mali, a sudoeste com a Mauritânia e o território contestado do Saara Ocidental, e ao oeste com Marrocos.","LAlgérie, en forme longue la République algérienne démocratique populaire ou République algérienne démocratique et populaire, est un État souverain d’Afrique du Nord faisant partie du Maghreb. Sa capitale est Alger, la ville la plus peuplée du pays, dans le Nord, sur la côte méditerranéenne. L'Algérie partage plus de de frontières terrestres avec la Tunisie au nord-est, la Libye à l'est, le Niger au sud-est, le Mali au sud-ouest, la Mauritanie et le Sahara occidental à l'ouest, et enfin le Maroc au nord-ouest.","La capitale, Algeri, è eccentrica rispetto alla totalità del territorio essendo situata all'estremo nord; il suo nome identifica anche quello dell'intero Paese. La popolazione si divide fra arabi e berberi che hanno mantenuto la loro identità in seguito alla colonizzazione araba del Nordafrica.","Argelia es uno de los cincuenta y cuatro países que forman el continente africano. Constitucionalmente se define como país árabe, amazig y musulmán.Su capital y ciudad más poblada es Argel.","Algiers","Algiers","47400000","2381741","19","Unitary|semi-presidential republic","Arabic|Tamazight","Algerian","317.173","0.763","Algerian dinar","+1","+213",".dz|.الجزائر"
"EC","Ecuador","Equador","Équateur (pays)","Ecuador","Ecuador","https://en.wikipedia.org/wiki/Special:FilePath/Flag_of_Ecuador.svg?width=250","Ecuador, officially the Republic of Ecuador, is a country in northwestern South America, bordered by Colombia on the north, Peru on the east and south, and the Pacific Ocean on the west. It also includes the Galápagos Province which contains the Galápagos Islands in the Pacific, about west of the mainland. The country's capital is Quito, and the largest city is Guayaquil.","A principal língua falada no país é o espanhol. Entre os idiomas oficiais em comunidades nativas estão o quíchua, o shuar e onze outros idiomas. A sua capital e cidade mais populosa é a cidade de São Francisco de Quito, mas comumente conhecida como Quito, que foi declarada Patrimônio da Humanidade pela UNESCO em 1970, por ter o centro histórico mais bem preservado e menos alterado da América Latina. O porto principal e a segunda cidade mais populosa do país é Guayaquil, localizado na região costeira. O centro histórico de Cuenca, a terceira maior cidade do país, foi declarado Patrimônio Mundial em 1999, como um exemplo notável de uma cidade planejada, de estilo espanhol colonial, no interior da América.","LÉquateur, en forme longue la république de l'Équateur, est un pays d'Amérique du Sud, frontalier du Pérou au sud et à l'est et de la Colombie au nord-est, baigné à l'ouest par l'océan Pacifique.","LEcuador, ufficialmente Repubblica dell'Ecuador (; meno comunemente Equador e fino a inizio '900 anche Equatore, è una repubblica presidenziale del Sudamerica con un'estensione territoriale di e una popolazione di abitanti.","Ecuador, oficialmente República del Ecuador, es un país soberano ubicado en la región noroccidental de América del Sur. Está constituido como un Estado social, democrático, de derecho y plurinacional, cuya forma de gobierno es la de una república presidencialista, unitaria y descentralizada. Su capital es Quito, y su ciudad más poblada es Guayaquil. Es miembro de la Comunidad Andina y está organizado en veinticuatro provincias que a su vez se subdividen en cantones. Limita al norte con Colombia, al este y sur con Perú, y al oeste con el océano Pacífico. El cual lo separa del archipiélago de Colón o islas Galápagos por aproximadamente mil kilómetros de la costa continental, entre la península de Santa Elena y la isla San Cristóbal. Limita, así mismo, con Costa Rica por la frontera marítima de la región insular. La línea equinoccial o paralelo 0° atraviesa el país y divide los territorios continental e insular en dos, quedando así la mayor parte del territorio ecuatoriano en el hemisferio sur.","Quito","Guayaquil","17483326","283561","69","Unitary|presidential republic","Spanish","Ecuadorian","138.194","0.777","United States dollar","−5|−6","+593",".ec"
"EE","Estonia","Estónia","Estonie","Estonia","Estonia","https://en.wikipedia.org/wiki/Special:FilePath/Flag_of_Estonia.svg?width=250","Estonia, officially the Republic of Estonia, is a country in the Baltic region of Northern Europe. It is bordered to the north by the Gulf of Finland across from Finland, to the west by the Baltic Sea across from Sweden, to the south by Latvia, and to the east by Russia. The territory of Estonia consists of the mainland, the larger islands of Saaremaa and Hiiumaa, and over 2,300 other islands and islets on the east coast of the Baltic Sea. Its capital city of Tallinn, along with the city of Tartu, are the country's two largest urban areas. The Estonian language, of the Finnic family, is the official language and the first language of the majority of nearly 1.4 million people. Estonia is one of the least populous member states of the European Union.","A língua estoniana faz parte do grupo fino-úgrico, é próxima do finlandês e distantemente ligada ao húngaro, outras duas línguas pertencentes ao grupo fino-úgrico. Juntamente com o finlandês, o húngaro e o maltês, o estoniano forma o grupo de línguas oficiais da União Europeia que não é de origem indo-europeia.","L'Estonie, en forme longue la république d'Estonie, est un État souverain d'Europe du Nord.","LEstonia, nome ufficiale Repubblica d'Estonia, con capitale Tallinn, è una repubblica parlamentare situata nell'Europa nord-orientale, confinante a est con la Russia e a sud con la Lettonia e bagnata a nord e a ovest dal Mar Baltico. Le coste sono frastagliate e fronteggiate da un arcipelago di circa ottocento isole, la più grande delle quali è l'isola di Saaremaa.","Estonia, oficialmente República de Estonia, es uno de los veintisiete Estados soberanos que forman la Unión Europea, y el más pequeño de los tres países bálticos. Limita al sur con Letonia, al este con Rusia, al norte con el golfo de Finlandia y al oeste con el mar Báltico.","Tallinn","Tallinn","1362954","45335","30.3","Unitary parliamentary republic","Estonian","Estonian","4500.20252025","0.905","Euro|(|€|)","+02:00","+372",".ee"
"EG","Egypt","Egito","Égypte","Egitto","Egipto","https://en.wikipedia.org/wiki/Special:FilePath/Flag_of_Egypt.svg?width=250","Egypt, officially the Arab Republic of Egypt, is a country spanning the northeast corner of Africa and southwest corner of Asia via the Sinai Peninsula. It is bordered by the Mediterranean Sea to the north, Palestine and Israel to the northeast, the Red Sea to the east, Sudan and the Sahara to the south, and Libya to the west. The Gulf of Aqaba in the northeast separates Egypt from Jordan and Saudi Arabia. Cairo is the capital, largest city, and leading cultural centre, while Alexandria is the second-largest city and an important hub of industry and tourism. With over 107 million inhabitants, Egypt is the most populous country in the Arab world, third-most populous country in Africa, and 15th-most populated in the world.","O país tem uma das mais longas histórias entre qualquer outra nação, traçando sua herança até o VI ou Considerado um berço da civilização, o Egito Antigo viu alguns dos primeiros desenvolvimentos da escrita, agricultura, urbanização, religião organizada e governo central. Monumentos icônicos como a Necrópole de Gizé e sua Grande Esfinge, bem como as ruínas de Mênfis, Tebas, Carnaque e do Vale dos Reis, refletem este legado e continuam a ser um foco significativo de interesse científico, histórico e turístico. A longa e rica herança cultural do Egito é parte integrante de sua identidade nacional, que muitas vezes assimilou várias influências estrangeiras, como gregos, persas, romano, árabes, otomanos e núbios. O Egito foi um dos primeiros e importantes centros do cristianismo, mas foi amplamente islamizado no e continua sendo um país predominantemente muçulmano, embora com uma significativa minoria cristã.","LÉgypte, en forme longue la, est un pays transcontinental se trouvant en Afrique du Nord-Est et, pour la péninsule du Sinaï, en Asie de l'Ouest. Située sur la côte sud de la Méditerranée orientale, le bassin Levantin, le pays a des frontières terrestres avec la Libye à l'ouest, le Soudan au sud, la mer Rouge à l'est, et Israël et la bande de Gaza de la Palestine au nord-est. La capitale, ville la plus peuplée du pays, est Le Caire. L'Égypte est le troisième pays le plus peuplé d'Afrique derrière le Nigeria et l'Éthiopie et le pays arabe le plus peuplé. En 2026, le pays compte une population de. La surface du pays est largement recouverte par le Sahara et la population est fortement concentrée sur les rives du Nil.","Nel 1958 l'Egitto si unì alla Repubblica Araba di Siria per formare la Repubblica Araba Unita. Nel 1961, la Siria si distaccò dall'unione, ma l'Egitto mantenne il nome RAU fino al 31 dicembre 1971, quando adottò l'attuale denominazione.","Egipto, oficialmente la República Árabe de Egipto (جمهوريّة مصر العربيّة Jumhūrīyat Miṣr al-ʻArabīyah; Limita con Sudán al sur, con Libia al oeste, y al noreste con Israel y la Franja de Gaza. Al norte limita con el mar Mediterráneo y al este y sureste con el mar Rojo frente a Arabia Saudita.","Cairo","Cairo","107868296","1010408","106.8","Unitary|semi-presidential republic|under an|authoritarian|government","Arabic","Egyptian","429.645","0.754","Egyptian pound","+2","+20",".eg|مصر."
"ER","Eritrea","Eritreia","Érythrée","Eritrea","Eritrea","https://en.wikipedia.org/wiki/Special:FilePath/Flag_of_Eritrea.svg?width=250","Eritrea, officially the State of Eritrea, is a country in the Horn of Africa region of East Africa. Its capital and largest city is Asmara. The country is bordered by Ethiopia to the south, Sudan to the west, and Djibouti to the southeast. The northeastern and eastern parts of Eritrea have an extensive coastline along the Red Sea. The country has a total area of approximately 117600, and includes the Dahlak Archipelago and several of the Hanish Islands.","Eritreia é um país multi-étnico, com nove grupos étnicos reconhecidos em sua população. A maioria dos residentes falam línguas da família afro-asiática, seja das línguas semíticas etíopes ou dos ramos cuchíticos. Entre essas comunidades, os tigrínios constituem cerca de 55% da população, com o povo tigré constituindo cerca de 30% dos habitantes. Além disso, há várias minorias étnicas nilóticas de fala nilo-saariana. A maioria das pessoas no território adere ao cristianismo ou islamismo.","LÉrythrée, en forme longue lÉtat d'Érythrée est un État souverain situé en Afrique de l'Est. Il s'agit du pays le plus septentrional de la Corne de l'Afrique. Le pays a des frontières terrestres longues de avec Djibouti au sud-est, l'Éthiopie au sud et le Soudan à l'ouest, auxquelles s'ajoutent les frontières maritimes avec l'Arabie saoudite et le Yémen, en plus de celles avec Djibouti et le Soudan.","L'Eritrea è uno Stato multilingue e multiculturale, con due religioni prevalenti e nove gruppi etnici. Fu creata come entità politica nel 1890 con il nome di Colonia eritrea.","Eritrea, oficialmente el Estado de Eritrea, es un país situado al noreste de África. Limita al norte y al oeste con Sudán; al sur con Etiopía y Yibuti, y el este es bañado por el mar Rojo. Forman igualmente parte de Eritrea las islas Dahlak, un archipiélago de coral cercano a la costa de Massawa. Su nombre proviene de la antigua colonia italiana Eritrea, creada el 1 de enero de 1890, llamada así por el Mare Erythraeum a su vez del griego «erythros», que quiere decir «rojo». Se independizó en 1993 de Etiopía. Su capital y ciudad más poblada es Asmara.","Asmara","Asmara","4950000","120000","29","Unitary one-party|presidential republic|under a|totalitarian|dictatorship","","Eritrean","1.982","0.503","Nakfa","+03:00","+291",".er"
"ET","Ethiopia","Etiópia","Éthiopie","Etiopia","Etiopía","https://en.wikipedia.org/wiki/Special:FilePath/Flag_of_Ethiopia.svg?width=250","Ethiopia, officially the Federal Democratic Republic of Ethiopia, is a landlocked country located in the Horn of Africa region of East Africa. It shares borders with Eritrea to the north, Djibouti to the northeast, Somalia to the southeast, Kenya to the south, South Sudan to the west, and Sudan to the northwest. Ethiopia covers a land area of 1,104,300., it has around 138 million inhabitants, making it the 10th-most populous country in the world. The national capital and largest city, Addis Ababa, lies several kilometres west of the East African Rift that splits the country into the African and Somali tectonic plates.","Considerando que a maioria dos Estados africanos têm muito menos de um século de idade, a Etiópia foi um país independente continuadamente desde tempos passados. Um Estado monárquico que ocupou a maioria de sua história, a Dinastia Etíope, tem suas raízes no Quando o continente africano foi dividido entre as potências europeias na Conferência de Berlim, a Etiópia foi um dos dois únicos países que mantiveram sua independência. A nação foi uma dos três membros africanos da Liga das Nações, e após um breve período de ocupação italiana, o país tornou-se membro das Nações Unidas. Quando as outras nações africanas receberam sua independência após a Segunda Guerra Mundial, muitas delas adotaram cores da bandeira da Etiópia, e Adis Abeba tornou-se a sede de várias organizações internacionais focadas na África. Em 1974, a dinastia, liderada por Haile Selassie, foi deposta. Desde então, a Etiópia foi um Estado secular com variação nos sistemas governamentais. Hoje, a capital do país ainda é sede da União Africana e da Comissão Econômica das Nações Unidas para a África.","LÉthiopie, en forme longue la République fédérale démocratique d'Éthiopie est un pays d'Afrique de l'Est. Située sur la Corne de l'Afrique, l'Éthiopie a des frontières communes avec l'Érythrée au nord, la Somalie à l'est-sud-est, le Soudan au nord-ouest, le Soudan du Sud à l'ouest-sud-ouest, le Kenya au sud et la république de Djibouti au nord-est. Depuis l'indépendance de l'Érythrée en 1993, l'Éthiopie n'a plus d'accès à la mer.","LEtiopia, ufficialmente denominata Repubblica Federale Democratica d'Etiopia, è uno Stato dell'Africa orientale situato nel Corno d'Africa, con una popolazione di circa 121,4 milioni di abitanti e con capitale Addis Abeba.","Etiopía, oficialmente la República Democrática Federal de Etiopía, antiguamente conocida como Abisinia, es un país sin litoral situado en el Cuerno de África. y el duodécimo a nivel mundial, así como el país sin litoral más poblado del mundo.","Addis Ababa","Addis Ababa","138902185","1104300","92.7","Federal|parliamentary republic|under an|authoritarian|government","Amharic|Oromo|Somali|Tigrinya|Afar","Ethiopian","145.03","0.492","Birr","+3","+251",".et"
"EU","Belgium","Bélgica","Belgique","Belgio","Bélgica","https://en.wikipedia.org/wiki/Special:FilePath/Flag_of_Belgium.svg_%3C!--Please_do_not_replace_the_official_2%3A3_size_flag_by_the_more_commonly_used_civil_flag._Thank_you.--%3E?width=250","Belgium, officially the Kingdom of Belgium, is a country in Northwestern Europe. Situated in a coastal lowland region known as the Low Countries, it is bordered by the Netherlands to the north, Germany to the east, Luxembourg to the southeast, France to the south, and the North Sea to the west. Belgium covers an area of 30689 other major cities are Antwerp, Ghent, Charleroi, Liège, Bruges, Namur, and Leuven.","Ocupando a fronteira cultural entre a Europa germânica e a Europa latina, a Bélgica é basicamente constituída por dois grupos linguísticos: os flamengos, falantes do holandês, e os valões, que falam francês, além de um pequeno grupo de pessoas que falam a língua alemã. As duas maiores regiões da Bélgica são a região de língua holandesa de Flandres, no norte, com 59% da população e a região francófona da Valónia, no sul, habitada por 31% dos belgas. A Região de Bruxelas, oficialmente bilíngue, é um enclave de maioria francófona na região flamenga e tem 10% da população. Uma pequena comunidade de língua alemã existe no leste da Valónia. A diversidade linguística da Bélgica e conflitos políticos e culturais são refletidos na história política e no complexo sistema de governo do país.","La Belgique, en forme longue le royaume de Belgique, est un pays d'Europe de l'Ouest, bordé par la France, les Pays-Bas, l'Allemagne, le Luxembourg et la mer du Nord. La Belgique couvre une superficie de avec une population de au, soit une densité de. Politiquement, il s'agit d'une monarchie constitutionnelle fédérale à régime parlementaire. Sa capitale est Bruxelles ; les autres grandes villes sont Anvers, Gand, Charleroi, Liège, Bruges, Namur et Louvain.","Situato al confine tra l'Europa germanofona e l'area linguistica e culturale romanza, il Belgio è diviso in tre regioni. A settentrione le Fiandre, di lingua olandese, comprendono circa il 58% della popolazione totale. Nel mezzo è situata la regione della città di Bruxelles, la capitale, che è ufficialmente bilingue nonostante sia prevalentemente francofona, e nella quale risiede il 10% della popolazione.","Bélgica es un Estado multilingüístico con tres lenguas oficiales: el 57 % de su población, en la Región de Flandes principalmente, habla neerlandés, mientras que cerca del 42 % habla francés. Menos de un 1 % de los belgas vive en la Comunidad germanófona, donde hablan alemán, junto a la frontera al este del país. A menudo, esta diversidad lingüística lleva a severos conflictos políticos y culturales, muy parecidos a los de otros países bilingües, reflejándose en la organización territorial de Bélgica y en su historia política.","City of Brussels","City of Brussels","11867634","30689","385","Federal constitutional monarchy","Dutch|French|German","Belgian","776.73","0.951","Euro|(|€|)","+1","+32",".be"
"EU","Croatia","Croácia","Croatie","Croazia","Croacia","https://en.wikipedia.org/wiki/Special:FilePath/Flag_of_Croatia.svg?width=250","Croatia, officially the Republic of Croatia, is a country in Central and Southeast Europe, on the coast of the Adriatic Sea. It borders Slovenia to the northwest, Hungary to the northeast, Serbia to the east, Bosnia and Herzegovina and Montenegro to the southeast, and shares a maritime border with Italy to the west. The Croatian archipelago contains over 1,000 islands and islets, the largest overseas territory on the Adriatic Sea. Its capital, largest city and main cultural and economic centre is Zagreb. Major urban centers include Split, Rijeka, and Osijek. The country is composed of twenty counties spanning 56594 within four administrative regions. Croatia has a population of nearly 3.9 million.","Croácia, oficialmente República da Croácia, é um país europeu situado nos Balcãs que se limita ao norte com a Eslovénia e Hungria, a nordeste com a Sérvia, a leste com a Bósnia e Herzegovina e ao sul com Montenegro. É banhado a oeste pelo mar Adriático e possui uma fronteira marítima com a Itália, no golfo de Trieste.","La Croatie, en forme longue la république de Croatie, et, est un pays d'Europe centrale et du Sud. Sa capitale est Zagreb, la ville la plus peuplée du pays. Comptant environ quatre millions d'habitants, la Croatie est membre de l'Union européenne depuis le [[Procédure d'adhésion de la Croatie à l'Union européenne|]], de l'Organisation mondiale du commerce depuis 2000 et de l'Organisation du traité de l'Atlantique nord depuis 2009. Elle intègre la zone euro et l'espace Schengen le et pleinement l'Espace économique européen le.","La Croazia, ufficialmente Repubblica di Croazia, è uno Stato membro dell'Unione europea, situato nella penisola balcanica, nell'Europa sud-orientale. La Croazia è una repubblica parlamentare e, al 2021, conta una popolazione di abitanti. La capitale è Zagabria.","Croacia, oficialmente República de Croacia, es uno de los veintisiete Estados soberanos que forman la Unión Europea, ubicado entre la Europa Central, la Europa meridional y el mar Adriático; limita al noreste con Hungría, al este con Serbia, al sureste con Bosnia-Herzegovina y Montenegro, al noroeste con Eslovenia y al suroeste con el mar Adriático, donde comparte una frontera marítima con Italia.","Zagreb","Zagreb","3866233","56561","68.4","Unitary parliamentary republic","Croatian","Croat|ian","116.57","0.889","Euro|(|€|)","+1","+385",".hr|.eu"
"EU","Cyprus","Chipre","Chypre (pays)","Cipro","Chipre","https://en.wikipedia.org/wiki/Special:FilePath/Flag_of_Cyprus.svg?width=250","Cyprus, officially the Republic of Cyprus, is an island country in the eastern Mediterranean Sea, located off the coast of the Levant mainland in West Asia. The island of Cyprus, which is the third largest and third most populous island in the Mediterranean, is divided along the United Nations Buffer Zone between the internationally recognised Republic of Cyprus and the Turkish Republic of Northern Cyprus, which is recognised only by Turkey. The south of the island also hosts the British sovereign military bases of Akrotiri and Dhekelia. The capital and largest city of Cyprus is Nicosia.","A mais antiga atividade humana conhecida na ilha data do. Vestígios arqueológicos deste período incluem a aldeia neolítica bem preservada de Choirokoitia e o Chipre é o lar de alguns dos poços de água mais antigos do mundo. O país foi colonizado por gregos micênicos em duas ondas no segundo milénio a.C. Como uma localização estratégica no Oriente Médio, a ilha foi posteriormente ocupada por várias grandes potências, como os impérios de assírios, egípcios e persas, de quem o território foi anexado em por Alexandre, o Grande. O país depois foi dominado pelo Egito ptolemaico, pelo Império Romano e pelo Império Romano do Oriente, por califados árabes por um curto período, pela dinastia francesa de Lusinhão e pelos venezianos, seguido por mais de três séculos de domínio otomano, entre 1571 e 1878.","Chypre, en forme longue la république de Chypre, est un État situé sur l'île de Chypre en Asie, dans la partie orientale de la mer Méditerranée, dans le bassin Levantin. Bien que Chypre soit géographiquement et historiquement proche de la région du Proche-Orient, le pays est rattaché politiquement à l'Europe et est membre de l’Union européenne. Sa capitale est Nicosie, et les deux langues officielles sont le grec et le turc.","Fa parte dell'Unione europea dal ed è membro del Commonwealth dal.","Si bien es un Estado internacionalmente reconocido, solo controla dos tercios de la isla. El tercio restante lo ocupó Turquía en 1974 e instauró la República Turca del Norte de Chipre. Solo Turquía reconoce a este último territorio. En la isla también se encuentran las bases militares británicas de Acrotiri y Dhekelia. La isla de Chipre está situada en el mar Mediterráneo, a 113 km al sur de Turquía, 120 km al oeste de Siria y 150 km al este de la isla griega de Kastelórizo. Chipre ingresó como miembro de las Naciones Unidas el 20 de septiembre de 1960.","Nicosia","Nicosia","923272","9251","123.4","Unitary|presidential republic","Greek|Turkish","Cypriot","45.171","0.913","Euro|(|€|)","+02:00","+357",".cy"
"EU","Germany","Alemanha","Allemagne","Germania","Alemania","https://en.wikipedia.org/wiki/Special:FilePath/Flag_of_Germany.svg?width=250","Germany, officially the Federal Republic of Germany, is a country in Western and Central Europe. It lies between the Baltic Sea and the North Sea to the north with the Alps to the south. Its 16 constituent states have a total population of over 82 million, making it the most populous member state of the European Union. Germany borders Denmark to the north; Poland and the Czech Republic to the east; Austria and Switzerland to the south; and France, Luxembourg, Belgium, and the Netherlands to the west. The nation's capital and most populous city is Berlin and its main financial centre is Frankfurt; the largest urban area is the Ruhr.","Alemanha, oficialmente República Federal da Alemanha, é um país localizado na Europa Central. É limitado, a norte, pelo mar do Norte, Dinamarca e mar Báltico; a leste, pela Polônia e Chéquia; a sul, pela Áustria e Suíça e, a oeste, pela França, Luxemburgo, Bélgica e Países Baixos. O território da Alemanha abrange 357 021 quilômetros quadrados e é influenciado por um clima temperado sazonal. Com 83,5 milhões de habitantes, no final de 2025,","LAllemagne, en forme longue la République fédérale d'Allemagne, est un État d'Europe centrale, et selon certaines définitions d'Europe de l'Ouest, entouré par la mer du Nord, le Danemark et la mer Baltique au nord, par la Pologne à l'est-nord-est, la Tchéquie à l'est-sud-est, l'Autriche au sud-sud-est, la Suisse au sud-sud-ouest, la France au sud-ouest, la Belgique et le Luxembourg à l'ouest, enfin par les Pays-Bas à l'ouest-nord-ouest. Décentralisée et fédérale, l'Allemagne compte quatre villes de plus d'un million d'habitants, par ordre décroissant la capitale Berlin, Hambourg, Munich et Cologne, mais les quatre plus grandes agglomérations sont Rhin-Ruhr, Francfort-sur-le-Main, Berlin et Stuttgart. Le siège du Gouvernement est situé dans la ville de Berlin et dans la ville fédérale de Bonn, ancienne capitale de la République fédérale d'Allemagne. Francfort-sur-le-Main est considérée comme la capitale financière de l'Allemagne et abrite le siège de la Banque centrale européenne. La langue officielle du pays est principalement l'allemand, à côté d'autres langues régionales ou minoritaires.","La Germania, ufficialmente Repubblica Federale di Germania, è uno Stato membro dell'Unione europea situato nell'Europa occidentale. È una repubblica parlamentare federale suddivisa in sedici Stati con capitale, nonché maggiore città per numero di abitanti, Berlino. Con quasi 84 milioni di abitanti, è lo Stato più popoloso dell'Unione europea, il 3° più popoloso d'Europa dopo la Russia e la Turchia, e il 19º del mondo. Bagnata a nord-ovest dal mare del Nord e a nord-est dal mar Baltico, confina a nord con la Danimarca, a est con la Polonia e la Repubblica Ceca, a sud con Austria e Svizzera, e a ovest con Francia, Lussemburgo, Belgio e Paesi Bassi. Il territorio della Germania copre una superficie di km² ed è caratterizzato da un clima atlantico nella parte nord-occidentale e continentale nella parte sud-orientale. È anche il secondo Paese del mondo per numero di immigrati dopo gli Stati Uniti d'America.","Alemania, oficialmente la República Federal de Alemania, es un país de Europa central y el Estado de la Unión Europea con mayor población y PIB. Constituido en Estado social y democrático de derecho, su forma de gobierno es la república parlamentaria y federal. Su capital es Berlín. Está formado por dieciséis estados federados y limita al norte con el mar del Norte, Dinamarca, Suecia y el mar Báltico; al este con Polonia y la República Checa; al sur con Austria y Suiza; y al oeste con Francia, Luxemburgo, Bélgica y los Países Bajos. El municipio Büsingen am Hochrhein, enclavado en Suiza, también forma parte de Alemania. El territorio de Alemania abarca de extensión","Berlin","Berlin","83497147","357022","233.48","Federal|parliamentary republic","German","German","5.453","0.959","Euro|(|€|)","+1","+49",".de"
"EU","Greece","Grécia","Grèce","Grecia","Grecia","https://en.wikipedia.org/wiki/Special:FilePath/Flag_of_Greece.svg?width=250","Greece, officially the Hellenic Republic, is a country of 10 million people on the southern tip of the Balkan peninsula in Southeast Europe. With nine regions and thousands of islands, it has the longest coastline on the Mediterranean. The Ionian Sea is west of the mainland, Albania northwest, and North Macedonia and Bulgaria north. Turkey is east both by land and the Aegean Sea. The capital, Athens, is the largest Greek city, followed by Thessaloniki and Patras.","Grécia, oficialmente República e historicamente conhecida como Hélade, é um país localizado no sul da Europa. De acordo com dados do censo de 2011, a população grega é de cerca de 11 milhões de pessoas. Atenas é a capital e a maior cidade do país.","La Grèce, en forme longue la République hellénique, est un pays d’Europe du Sud et des Balkans. On la désigne parfois par le terme Hellade.","La Grecia, ufficialmente Repubblica Ellenica, è uno Stato indipendente dell'Europa meridionale, ubicato all'estremità della penisola balcanica. È una repubblica parlamentare unitaria e la sua capitale è Atene.","Grecia, oficialmente llamada República Helénica, es uno de los veintisiete Estados soberanos que forman la Unión Europea.","Athens","Athens","10372335","131957","78.9","Unitary parliamentary republic","Greek","Greek|Hellene","307.554","0.908","Euro|(|€|)","+02:00","+30",".gr|.ελ"
"EU","Republic of Ireland","Irlanda","Irlande (pays)","Irlanda","Irlanda","https://en.wikipedia.org/wiki/Special:FilePath/Flag_of_Ireland.svg?width=250","Ireland, also known as the Republic of Ireland, is a country in Northwestern Europe. It consists of 26 of the 32 counties of the island of Ireland, with a population of about 5.4 million. The legislature, the Oireachtas italic=no, consists of a lower house, Dáil Éireann italic=no; an upper house, Seanad Éireann italic=no; and an elected president who serves as the largely ceremonial head of state, but with some important powers and duties. The head of government is the Taoiseach italic=no, elected by the Dáil and appointed by the president, who appoints other government ministers.","O Estado moderno irlandês foi fundado em 1922 como o Estado Livre Irlandês, um domínio dentro do Império Britânico, na sequência do Tratado Anglo-Irlandês que pôs fim à Guerra de Independência da Irlanda. A partição da Irlanda já havia sido prevista na legislação britânica anterior a 1921, como forma de resposta à oposição irlandesa ao Home Rule britânico ou aos movimentos de independência de unionistas, que formaram uma maioria na parte nordeste do país. Seis dos nove condados da província nortista do Ulster foram então estabelecidos como a Irlanda do Norte, uma parte do Reino Unido, com o qual o Estado irlandês divide a sua única fronteira terrestre. A Irlanda é cercada pelo Oceano Atlântico, com o mar Céltico ao sul, o Canal de São Jorge a sudeste e o Mar da Irlanda a leste.","LIrlande, également connue sous le nom de république d'Irlande, est un État souverain d'Europe de l'Ouest, ou selon d'autres définitions, du Nord. Il est constitué de vingt-six des trente-deux comtés de l'île d'Irlande. La capitale et la plus grande ville est Dublin, située dans l'est de l'île.","LIrlanda, anche conosciuta come Repubblica d'Irlanda, è una repubblica parlamentare dell'Europa occidentale, membro dell'Unione europea.","Irlanda, también conocido como República de Irlanda, es un país soberano e insular que ocupa la mayor parte de la isla de Irlanda. Es uno de los veintisiete Estados miembros de la Unión Europea. Su capital y ciudad más poblada es Dublín, situada en el este de la isla. El país tiene una única frontera terrestre con Irlanda del Norte, una de las naciones constitutivas del Reino Unido. La isla está rodeada por el océano Atlántico y tiene el mar Céltico al sur, el canal de San Jorge al sureste y el mar de Irlanda al este. Es una república parlamentaria con un presidente electo que ejerce de jefe de Estado. El jefe del gobierno, el Taoiseach, es nombrado por la Cámara Baja del Parlamento, la Dáil Éireann.","Dublin","Dublin","5458600","70273","76.56","Unitary parliamentary republic","Irish|English","Irish","779.381","0.949","Euro|(|€|)","","+353",".ie"
"EU","Italy","Itália","Italie","Italia","Italia","https://en.wikipedia.org/wiki/Special:FilePath/Flag_of_Italy.svg?width=250","Italy, officially the Italian Republic, is a country in Southern and Western Europe. It consists of a peninsula that extends into the Mediterranean Sea, with the Alps on its northern land border, as well as nearly 800 islands, notably Sicily and Sardinia. Italy shares land borders with France to the west; Switzerland and Austria to the north; Slovenia to the east; and the two enclaves of Vatican City and San Marino. It is the tenth-largest country in Europe by area, covering 301340, and the third-most populous member state of the European Union, with nearly 59 million inhabitants. Italy's capital and largest city is Rome; other major cities include Milan, Naples, Turin, Palermo, Bologna, Florence, Genoa, Bari, and Venice.","Itália, oficialmente República Italiana, é uma república parlamentar unitária localizada no centro-sul da Europa. Ao norte, faz fronteira com França, Suíça, Áustria e Eslovênia ao longo dos Alpes. A parte sul consiste na totalidade da península Itálica, Sicília, Sardenha, as duas maiores ilhas no mar Mediterrâneo, e muitas outras ilhas menores ficam no entorno do território italiano. Os Estados independentes de San Marino e do Vaticano são enclaves no interior da Itália, enquanto Campione d'Italia é um exclave italiano na Suíça. O território do país abrange cerca de km² e a maior parte do seu território tem um clima temperado sazonal. Com 58,9 milhões de habitantes em 2025, é a quinta nação mais populosa da Europa e a 25.ª do mundo.","LItalie, en forme longue la République italienne (en.","LItalia, ufficialmente Repubblica Italiana, è una repubblica parlamentare unitaria dell'Europa meridionale e occidentale, il cui territorio coincide in gran parte con l'omonima regione geografica; Stato membro dell'Unione europea, l'Italia conta una popolazione di circa 59 milioni di abitanti, che ne fanno il terzo Stato dell'Unione per numero di abitanti dopo Germania e Francia.","Italia, oficialmente la República Italiana, es un país soberano ubicado en Europa meridional, y uno de los veintisiete Estados miembros de la Unión Europea. Está constituido en una república parlamentaria compuesta por veinte regiones, integradas a su vez por ciento diez provincias. Su capital y ciudad más poblada es Roma. Aunque casi todo su territorio se encuentra en el continente europeo, Italia es un país transcontinental: pues a él pertenecen algunas pequeñas islas africanas, próximas a la costa de Túnez.","Rome","Rome","58915561","301340","195.5","Unitary parliamentary republic","Italian","Italian","2.738","0.915","Euro","+1","+39",".it"
"EU","Latvia","Letónia","Lettonie","Lettonia","Letonia","https://en.wikipedia.org/wiki/Special:FilePath/Flag_of_Latvia.svg?width=250","Latvia, officially the Republic of Latvia, is a country in the Baltic region of northern Europe. It is one of the three Baltic states, along with Estonia to the north and Lithuania to the south. It borders Russia to the east and Belarus to the southeast and shares a maritime border with Sweden to the west. Latvia covers an area of 64573, with a population of 1.83 million. The country has a temperate seasonal climate. Its capital and largest city is Riga. Latvians, who are the titular nation and comprise 65.5% of the country's population, belong to the ethnolinguistic group of the Balts and speak Latvian. Russians are the most prominent minority in the country, at almost a quarter of the population; 37.7% of the population speak Russian as their native tongue.","O país tem uma linha de costa bastante arenosa ao longo do Báltico, em alguns locais a costa está coberta de juncos e existem vários portos de pesca importantes.Riga, a capital, é a maior capital das repúblicas bálticas. No bairro histórico de Riga misturam-se edificações medievais e prédios art nouveau, declaradas patrimônios da humanidade. As florestas cobrem quase metade do território, o que favorece o turismo ecológico, em especial na cidade de Sigulda, rodeada de cavernas, bosques e corredeiras. Ex-república da União Soviética, a Letônia reconquistou sua independência em 1990. Como herança do domínio soviético, os russos constituem mais de 25% da população. Em 2004, a Letônia ingressou na Organização do Tratado do Atlântico Norte e na União Europeia e em 2016, na OCDE.","La Lettonie, en forme longue la république de Lettonie est un État souverain d'Europe du Nord dont le territoire s'étend sur le flanc oriental de la mer baltique. Le territoire possède des frontières terrestres avec la Russie et la Biélorussie à l'est et est entouré par l'Estonie au nord et la Lituanie au sud.","La Lettonia, ufficialmente Repubblica di Lettonia, è uno Stato membro dell'Unione europea. Situata nell'Europa nord-orientale, confina a nord con l'Estonia a est con la Russia, a sud-est con la Bielorussia e a sud con la Lituania, ed è bagnata a ovest dal Mar Baltico.","Letonia, oficialmente República de Letonia, es un país soberano de Europa Septentrional, constituido en estado social y democrático de derecho y cuya forma de gobierno es la república parlamentaria. Es uno de los veintisiete Estados soberanos que forman la Unión Europea. Su territorio, con capital en Riga, está organizado en 110 municipios y 9 ciudades con su propia administración.","Riga","Riga","1842226","64589","29.6","Unitary parliamentary republic","Latvian","Latvian","47880.20252025101","0.889","Euro|(|€|)","+2","+371",".lv"
"EU","Lithuania","Lituânia","Lituanie","Lituania","Lituania","https://en.wikipedia.org/wiki/Special:FilePath/Flag_of_Lithuania.svg?width=250","Lithuania, officially the Republic of Lithuania, is a country in the Baltic region of Europe. It is one of three Baltic states and lies on the eastern shore of the Baltic Sea, bordered by Latvia to the north, Belarus to the east and south, Poland to the south, and the Russian semi-exclave of Kaliningrad Oblast to the southwest, with a maritime border with Sweden to the west. Lithuania covers an area of 65300, and has a population of 2.9 million. Its capital and largest city is Vilnius; other major cities include Kaunas, Klaipėda, Šiauliai and Panevėžys. Lithuanians are the titular nation, belong to the ethnolinguistic group of Balts, and speak Lithuanian.","É um dos países-membros da União Europeia. É atualmente um país desenvolvido, possuindo bons indicadores sociais, refletindo no fato do país possuir o 35.° mais alto Índice de Desenvolvimento Humano em 2013, e o 41° maior PIB PPC per capita entre os países do mundo segundo dados do Banco Mundial para o ano de 2013.","La Lituanie, en forme longue la république de Lituanie, est un État souverain d'Europe du Nord dont le territoire s'étend sur le flanc oriental de la mer Baltique. Le territoire possède des frontières terrestres avec la Biélorussie à l'est, la Lettonie au nord ainsi que la Pologne et la Russie au sud.","La Lituania, ufficialmente Repubblica di Lituania, è uno Stato membro dell'Unione europea, confinante a nord con la Lettonia, a est con la Bielorussia, a sud con la Polonia e a sud-ovest con l'exclave russa dell'Oblast' di Kaliningrad, mentre a ovest è bagnata dal mar Baltico. Ha una superficie di e 2 885 752 abitanti. Fa parte dell'area geopolitica dei Paesi baltici, di cui è lo Stato più meridionale e il più popoloso.","Lituania, oficialmente la República de Lituania, es uno de los veintisiete Estados soberanos que forman la Unión Europea, constituido como un Estado social y democrático de derecho, cuya forma de gobierno es la república semipresidencialista unitaria. Su territorio está organizado en diez condados. Su capital y, a su vez, la ciudad más poblada es Vilna. El pueblo lituano es étnica y lingüísticamente hermano del letón y tiene lazos históricos y culturales con los países bálticos, aunque —a diferencia de estos— la mayoría de su población es católica.","Vilnius","Vilnius","2897430","65300","46","Unitary|semi-presidential republic","Lithuanian","Lithuanian","105907","0.895","Euro|(|€|)","+2","+370",".lt"
"EU","Malta","Malta","Malte","Malta","Malta","https://en.wikipedia.org/wiki/Special:FilePath/Flag_of_Malta.svg?width=250","Malta, officially the Republic of Malta, is an island country in Southern Europe located in the Mediterranean Sea. It is between Sicily and North Africa. It consists of an archipelago which is south of Italy, east of Tunisia, and north of Libya. The two official languages are Maltese and English; Maltese is recognised as the national language. The country's capital is Valletta, which is the smallest capital city in the European Union by both area and population.","Malta abrange uma área terrestre de 316 km², sendo um dos menores países da Europa, possuindo também a maior densidade demográfica do continente. Sua capital é Valeta, e a maior cidade é Birkirkara. O maltês é a língua nacional e o inglês é a língua cooficial.","Malte, en forme longue la république de Malte, est un État insulaire d'Europe du Sud situé en mer Méditerranée, entre la Sicile et la Tunisie en Afrique du Nord. Il est constitué d'un archipel situé à au sud de l'Italie, à l'est de la Tunisie et au nord de la Libye. Ses deux langues officielles sont le maltais et l'anglais. La capitale du pays, La Valette, est la plus petite capitale de l'Union européenne tant en termes de superficie que de population.","Malta, ufficialmente Repubblica di Malta, è uno Stato insulare dell'Europa meridionale e membro dell'Unione europea. È un arcipelago situato nel Mediterraneo, nel canale di Malta, a dalla Sicilia, a dalla Tunisia e a dalla Libia, compreso nella regione geografica italiana. Con un'estensione di è uno degli Stati più piccoli e densamente popolati al mondo. La capitale è La Valletta.","Malta, oficialmente la República de Malta, es uno de los veintisiete Estados soberanos que forman la Unión Europea. Es uno de los estados más densamente poblados, compuesto por un archipiélago y situado en el centro del mar Mediterráneo, al sur de Italia, al este de Túnez y al norte de Libia. Debido a su situación estratégica, ha sido gobernado y disputado por diversas potencias en el transcurso de los siglos. Desde 1964 es independiente y en 2004 se adhirió a la Unión Europea.","Valletta","Valletta","588254","316","1649","Unitary parliamentary republic","Maltese|English|Maltese Sign Language","Maltese","22.737","0.924","Euro|(|€|)","+1","+356",".mt"
"EU","Montenegro","Montenegro","Monténégro","Montenegro","Montenegro","https://en.wikipedia.org/wiki/Special:FilePath/Flag_of_Montenegro.svg?width=250","Montenegro is a country in Southeast Europe, on the Balkan Peninsula. Its 25 municipalities have a total population of 633,158 people in an area of 13,883 km. It is bordered by Serbia to the northeast, Bosnia and Herzegovina to the northwest, Kosovo to the east, Albania to the southeast, and Croatia to the west, and has a coastline along the Adriatic Sea to the southwest. The capital and largest city is Podgorica, while Cetinje is the Old Royal Capital and cultural centre.","Entre 1945 e 1991, e desde então até 2003, foi uma das repúblicas constituintes da República Socialista da Jugoslávia e da República Federal da Jugoslávia, respectivamente; desde então e até junho de 2006, foi uma das duas repúblicas que integraram o Estado da Sérvia e Montenegro.","Le Monténégro est un pays d'Europe du Sud et, plus précisément, des Balkans occidentaux.","Il Montenegro è uno Stato europeo, situato nella penisola balcanica, che si affaccia sul mare Adriatico. Confina con la Serbia a nord-est, la Croazia a ovest, la Bosnia ed Erzegovina a nord-ovest, il Kosovo a est e l'Albania a sud-est. Conta 633 537 abitanti e una superficie di ; la densità di popolazione è di. La capitale è Podgorica","Montenegro es un país del sureste de Europa situado en la península balcánica, que cuenta con casi 300 km de costa a orillas del mar Adriático. Limita por el norte con Bosnia y Herzegovina y Serbia; Albania por el sur; Croacia por el oeste; y con Kosovo por el este. Tiene una superficie de 13 812 km², y la capital monárquica e histórica que es Cetiña, a la cual se le considera la Antigua Capital Real.","Podgorica","Podgorica","622902","13883","43.6","Unitary parliamentary republic","Montenegrin","Montenegrin","10.23395","0.862","Euro|(|€|)","+1","+382",".me"
"EU","Portugal","Portugal","Portugal","Portogallo","Portugal","https://en.wikipedia.org/wiki/Special:FilePath/Flag_of_Portugal_(official).svg?width=250","Portugal, officially the Portuguese Republic, is a country in Southwestern Europe. It is a unitary republic comprising mainland Portugal, located on the southwestern portion of the Iberian Peninsula and bordered by Spain to the north and east, and the archipelagos of Madeira and the Azores in the Atlantic Ocean. The country has a population of over 11.4 million, and Lisbon, its capital, is the largest city. Portugal's internal waters and territorial sea together account for two-fifths of its territory, and its exclusive economic zone is one of Europe's largest, while its terrain contains a diverse range of landscapes and regional climates.","Portugal, oficialmente República Portuguesa, é um país soberano unitário localizado no sudoeste da Europa, cujo território se situa na zona ocidental da Península Ibérica e em arquipélagos no Atlântico Norte. O território português tem uma área total de, sendo delimitado a norte e leste pela Espanha e a sul e oeste pelo oceano Atlântico, compreendendo uma parte continental e duas regiões autónomas: os arquipélagos dos Açores e da Madeira. Portugal é a nação mais a ocidente do continente europeu. O nome do país provém da sua segunda maior cidade, Porto, cujo nome latino-celta era Portus Cale.","Le Portugal, en forme longue la République portugaise, est un État transcontinental d'Europe du Sud-Ouest, dont le territoire continental est situé dans l'ouest de la péninsule Ibérique, et dont le territoire insulaire est situé sur la plaque continentale africaine pour Madère, et à cheval sur les plaques européenne et nord-américaine pour les Açores. Délimité au nord et à l'est par l'Espagne, au sud par sa frontière maritime avec le Maroc et les Canaries espagnoles, et à l'ouest par l'océan Atlantique, ce pays est le plus occidental de l'Europe continentale. Son expansion précoce dans l'Atlantique à partir du lui permet de posséder au une zone d'exclusivité maritime de, soit dix-huit fois sa superficie terrestre, classée troisième ZEE de l'Union européenne, cinquième d'Europe et vingtième du monde.","Il Portogallo, ufficialmente Repubblica Portoghese, è uno Stato dell'Europa occidentale, membro dell'Unione europea. È collocato nella posizione più occidentale fra tutti gli Stati dell'Europa continentale.","El nombre de Portugal probablemente derive del antiguo nombre de Oporto, del latín Portus-Galliae, ‘puerto de Galia’, debido a que las naves romanas, en sus viajes hacia la Galia, frecuentaban este puerto o, más probablemente, de Portus Cale, topónimo atestiguado en la Chronica, del historiador del Hidacio, por un amarradero existente en un lugar fortificado llamado Cale.","Lisbon","Lisbon","11424031","92225","123.9","Unitary|semi-presidential republic","Portuguese","Portuguese","380.637","0.89","Euro|(|€|)","+0 and -1","+351",".pt"
"EU","Slovakia","Eslováquia","Slovaquie","Slovacchia","Eslovaquia","https://en.wikipedia.org/wiki/Special:FilePath/Flag_of_Slovakia.svg?width=250","Slovakia, officially the Slovak Republic, is a landlocked country in Central Europe. It is bordered by Poland to the north, Ukraine to the east, Hungary to the south, Austria to the west, and the Czech Republic to the northwest. Slovakia's mostly mountainous territory spans about, hosting a population exceeding 5.4 million. The capital and largest city is Bratislava, while the second largest city is Košice.","Os eslavos chegaram no território atual da Eslováquia nos séculos V e VI. No século VII, desempenharam um papel significativo na criação do império de Samo e no estabelecimento do Principado de Nitra, no século IX. No século X, o território foi integrado ao Reino da Hungria, que se tornou parte do Império Habsburgo e do Império Austro-Húngaro.","La Slovaquie, en forme longue la République slovaque, est un pays situé en Europe centrale, au cœur de l'Europe continentale. En 2026, le pays européen comptait une population de 5 451 623 habitants. Elle est membre de l'Union européenne depuis 2004. Ses pays frontaliers sont la Pologne au nord, l'Ukraine à l'est, la Hongrie au sud, l'Autriche à l'ouest et la Tchéquie à l'ouest-nord-ouest. De 1939 à 1945 fut constituée, à partir des décombres de la Tchécoslovaquie, une République slovaque au Troisième Reich.","La Slovacchia, ufficialmente Repubblica Slovacca, è uno Stato senza sbocco al mare costituito come repubblica parlamentare, situato nell'Europa centro-orientale. Ha una popolazione di circa 5 milioni di abitanti e un'area di circa km. La città più grande, nonché capitale del Paese, è Bratislava, che dista circa 50 km da Vienna, in Austria, ossia la seconda distanza più corta al mondo tra due capitali di Stato, dopo quella tra Brazzaville e Kinshasa. La seconda città per popolazione è Košice, mentre altre città importanti sono Prešov, Nitra, Žilina, Banská Bystrica, Trnava e Trenčín.","Eslovaquia, oficialmente República Eslovaca, es uno de los veintisiete Estados soberanos que forman la Unión Europea. Situado en Europa Central, es un Estado sin salida al mar. Limita al norte con Polonia, al este con Ucrania, al sur con Hungría, al oeste con Austria y al noroeste con la República Checa. Tiene una población a final del año de habitantes y su capital es Bratislava, con habitantes. Los montes Cárpatos ocupan toda la zona septentrional del país.","Bratislava","Bratislava","5405368","49035","110","Unitary parliamentary republic","Slovak","Slovak","167.73","0.88","Euro|(|€|)","+1","+421",".sk|.eu"
"EU","Spain","Espanha","Espagne","Spagna","España","https://en.wikipedia.org/wiki/Special:FilePath/Bandera_de_Espa%C3%B1a.svg?width=250","Spain, officially the Kingdom of Spain, is a country in Southern and Western Europe with territories in North Africa. Featuring the southernmost point of continental Europe, it is the largest country in Southern Europe and the fourth-most populous European Union member state. Spanning the majority of the Iberian Peninsula, its territory also includes the Canary Islands, in the Eastern Atlantic Ocean; the Balearic Islands, in the Western Mediterranean Sea; and the autonomous cities of Ceuta and Melilla, in mainland Africa. Peninsular Spain is bordered to the north by France, Andorra, and the Bay of Biscay; to the east and south by the Mediterranean Sea and Gibraltar and Morocco, through its exclaves in North Africa; and to the west by Portugal and the Atlantic Ocean. Spain's capital and largest city is Madrid; other major urban areas include Barcelona, Valencia, Seville, Zaragoza, Málaga, Murcia, and Palma de Mallorca.","Espanha, oficialmente Reino de/da Espanha, é um país principalmente localizado na Península Ibérica na Europa. Seu território também inclui dois arquipélagos: as ilhas Canárias, na costa da África, e as ilhas Baleares, no mar Mediterrâneo. Os enclaves africanos de Ceuta e Melilla fazem da Espanha o único país europeu a ter uma fronteira terrestre com um país africano. Várias pequenas ilhas no mar de Alborão também fazem parte do território espanhol. A Espanha continental é limitada a sul e a leste pelo Mediterrâneo, exceto por uma pequena fronteira terrestre com Gibraltar; a norte e a nordeste pela França, por Andorra e pelo Golfo da Biscaia; e a oeste e noroeste por Portugal e pelo Oceano Atlântico. Com uma área de km, a Espanha é o maior país da Europa Meridional, o segundo maior país da Europa Ocidental e da União Europeia e o quarto maior país de todo o continente europeu. Também é o sexto país mais populoso da Europa e o quarto da UE. A capital e maior cidade é Madri; outras grandes áreas urbanas incluem Barcelona, Valência, Sevilha, Málaga, Bilbau e Granada.","LEspagne, en forme longue le royaume d'Espagne, est un État souverain transcontinental d'Europe du Sud-Ouest, qui occupe la plus grande partie de la péninsule Ibérique. Sa superficie est de.","La Spagna, il cui nome ufficiale è Regno di Spagna, è uno Stato dell'Europa occidentale ed è membro dell'Unione europea. Monarchia parlamentare, la Spagna è situata all'estremità occidentale dell'Europa e occupa buona parte della superficie della penisola iberica.","España, formalmente Reino de España, es un país soberano transcontinental situado principalmente en el suroeste de Europa y, en menor medida, en el norte de África. Constituido en un Estado social y Estado de Derecho, su forma de gobierno es la monarquía parlamentaria. Es uno de los veintisiete Estados de la Unión Europea y su capital y ciudad más poblada es Madrid.","Madrid","Madrid","49687120","506030","98","Unitary|parliamentary constitutional monarchy","Spanish","Spaniard|Spanish","2.091","0.918","Euro|(|€|)","⁠±0 to +1","+34",".es"
"FI","Finland","Finlândia","Finlande","Finlandia","Finlandia","https://en.wikipedia.org/wiki/Special:FilePath/Flag_of_Finland.svg?width=250","Finland, officially the Republic of Finland, is a Nordic country in Northern Europe. It borders Sweden to the northwest, Norway to the north, and Russia to the east, with the Gulf of Bothnia to the west and the Gulf of Finland to the south, opposite Estonia. Its capital and largest city is Helsinki. Finland has a population of 5.7 million. The official languages are Finnish and Swedish, the mother tongues of 83.5 percent and 5.0 percent of the population, respectively. Finland's climate varies from humid continental in the south to boreal in the north. Its land is predominantly covered by boreal forest, with over 180,000 recorded lakes.","Finlândia, oficialmente República da Finlândia, é um país nórdico situado na região da Fino-Escandinávia, no norte da Europa. Faz fronteira com a Suécia a oeste, com a Rússia a leste e com a Noruega ao norte, enquanto a Estônia está ao sul através do Golfo da Finlândia. e a segunda maior cidade é Tampere, localizada a cerca de 180 km a norte da capital. Cerca de 5,3 milhões de pessoas vivem na Finlândia, estando a maior parte concentrada no sul do país.","La Finlande, en forme longue la république de Finlande, est un État souverain d'Europe du Nord dont le territoire s'étend sur le flanc est et sur de la mer Baltique. La partie continentale possède près de et partage ses frontières terrestres avec la Russie à l'est, et avec la Suède et la Norvège au nord, tandis que les archipels de Turku et d'Åland constituent l'essentiel de la partie insulaire du pays.","La Finlandia, ufficialmente Repubblica di Finlandia, è uno Stato dell'Europa facente parte della regione nota come Fennoscandia e,parzialmente anche della della penisola scandinava. Confina con la Svezia a ovest, la Norvegia a nord e la Russia a est. Si affaccia a sud sul golfo di Finlandia, sulla cui sponda meridionale si trova l'Estonia. È uno Stato membro dell'Unione europea, dell'ONU e della NATO.","Finlandia, oficialmente la República de Finlandia, es uno de los veintisiete Estados soberanos que forman la Unión Europea. Está situado en el noreste de Europa. Tiene fronteras al oeste con Suecia, al este con Rusia y al norte con Noruega. Por el oeste y el sur está rodeada por el mar Báltico, que la separa de Suecia y Estonia, cruzando los golfos de Botnia y Finlandia, respectivamente. La capital y ciudad más importante del país es Helsinki, y la segunda ciudad más grande y área urbana más grande es Tampere, 180 kilómetros al norte de Helsinki.","Helsinki","Helsinki","5652881","338455","18.4","Unitary parliamentary republic","Finnish|Swedish","Finnish|Finn","337.669","0.948","Euro|(|€|)","+2","+358",".fi|.ax"
"FJ","Fiji","Fiji","Fidji","Figi","Fiyi","https://en.wikipedia.org/wiki/Special:FilePath/Flag_of_Fiji.svg?width=250","Fiji, officially the Republic of Fiji, is an archipelagic country in Melanesia, part of Oceania in the South Pacific Ocean. It lies about north-northeast of New Zealand. Fiji consists of an archipelago of more than 330 islands—of which about 110 are permanently inhabited—and more than 500 islets, amounting to a total land area of about. The most outlying island group is Ono-i-Lau. About 87% of the total population live on the two major islands, Viti Levu and Vanua Levu. About three-quarters of Fijians live on Viti Levu's coasts, either in the capital city of Suva, or in smaller urban centres such as Nadi or Lautoka. The interior of Viti Levu is sparsely inhabited because of its terrain.","A República das Fiji ou das Fíji, por vezes escrito Fidji, anteriormente conhecida como República das Ilhas Fiji, é um país insular da Oceania, composto por 332 ilhas no Oceano Pacífico. Fíji faz fronteira marítima com Tuvalu e com o território francês de Wallis e Futuna a norte, com Tonga a leste, e com o território francês da Nova Caledónia, com Vanuatu e com as Ilhas Salomão a oeste. A sul, a terra mais próxima corresponde às ilhas neozelandesas de Kermadec, mas estão bastante afastadas.","Les Fidji, en forme longue la république des Fidji, est un pays d'Océanie situé dans l'Ouest de l'océan Pacifique sud. L'archipel, qui fait partie de la Mélanésie, se trouve à à l'ouest-nord-ouest des Tonga, à au sud-ouest de Wallis-et-Futuna et à au sud des Tuvalu.","La capitale delle Figi è Suva, che si trova nell'isola di Viti Levu. Le due isole maggiori, Viti Levu e Vanua Levu, contano circa l'87% della popolazione. I paesi più vicini sono: a nord-ovest le Isole Salomone; a nord Tuvalu; a est Tonga e Wallis e Futuna; a ovest Vanuatu e la Nuova Caledonia; a sud la Nuova Zelanda.","Las islas Fiyi son 333 islas situadas en el sur del océano Pacífico que tienen muchas playas, arrecifes de coral y selvas tropicales. Tras 96 años como colonia británica, la República de Fiyi obtuvo la independencia en 1970.","Suva","Suva","926276","18274","46.4","Unitary parliamentary republic","","Fijian","5.511","0.731","Fijian dollar","+12","+679",".fj"
"FM","Federated States of Micronesia","Estados Federados da Micronésia","États fédérés de Micronésie","Stati Federati di Micronesia","Estados Federados de Micronesia","https://en.wikipedia.org/wiki/Special:FilePath/Flag_of_the_Federated_States_of_Micronesia.svg?width=250","The Federated States of Micronesia, or simply Micronesia, is an island country in Micronesia, a region of Oceania. The federation encompasses the majority of the Caroline Islands and consists of four states—from west to east: Yap, Chuuk, Pohnpei, and Kosrae—that span the western Pacific just north of the equator for a longitudinal distance of almost. Together, the states comprise around 607 islands and a combined land area of approximately 702.","Os Estados Federados da Micronésia, coloquialmente chamados apenas de Micronésia, são uma nação insular da Oceania, composta por cerca de 607 ilhas que se estendem por pelo arquipélago das Ilhas Carolinas no oceano Pacífico, a leste das Filipinas e a norte da Papua-Nova Guiné. O país é um Estado soberano em livre associação com os Estados Unidos, país que tem total responsabilidade pela defesa dos EFM. O território do atual Estado fazia parte do Protetorado das Ilhas do Pacífico, das Nações Unidas, sob administração tutelar dos Estados Unidos. Em 1979, o país adotou uma constituição e, em 1986, a independência foi alcançada sob um Tratado de Livre Associação com os Estados Unidos.","Les États fédérés de Micronésie en forme longue ou Micronésie en forme courte sont un État fédéral insulaire du Sud-Ouest de l'océan Pacifique nord, constitué de quatre États, d'ouest en est, Yap, Chuuk, Pohnpei et Kosrae. Le pays s'étend sur à travers l'archipel des îles Carolines. Il comporte des frontières maritimes avec les Îles Marshall, la Papouasie-Nouvelle-Guinée, les Palaos et les États-Unis par l'intermédiaire de Guam.","Gli Stati Federati di Micronesia, o Micronesia, sono uno Stato insulare federale dell'Oceania.","El país es considerado un microestado pues posee una superficie terrestre de 702 kilómetros cuadrados ; sin embargo, su zona económica exclusiva se extiende por un mar de más de 2 600 000 km², lo que supone un tamaño similar al territorio terrestre de Kazajistán. Sus límites son al suroeste, con la isla de Nueva Guinea; al norte, con Guam y las islas Marianas; al este, con Nauru y las Islas Marshall y al oeste con Palaos y Filipinas. Se encuentran a unos 2900 km al norte de Australia y a unos 4000 km al oeste de Hawái.","Palikir","Weno","75817","702","150.4","Federal|assembly-independent|presidential republic under a|non-partisan democracy","English","Micronesian","500","0.615","United States dollar","+10 and +11","+691",".fm"
"FR","France","França","France","Francia","Francia","https://en.wikipedia.org/wiki/Special:FilePath/Flag_of_France.svg?width=250","France, officially the French Republic, is a country primarily located in Western Europe. Its overseas regions and territories include French Guiana in South America, Saint Pierre and Miquelon in the North Atlantic, the French West Indies, and many islands in Oceania and the Indian Ocean. Metropolitan France shares borders with Belgium and Luxembourg to the north, Germany to the northeast, Switzerland to the east, Italy and Monaco to the southeast, Andorra and Spain to the south, and a maritime border with the United Kingdom to the northwest. Its metropolitan area extends from the Rhine to the Atlantic Ocean and from the Mediterranean Sea to the English Channel and the North Sea. Its 18 integral regions—five of which are overseas—span a combined area of, with a total population estimated at over 69.1 million in 2026. Its capital, largest city and main cultural and economic centre is Paris, with a metropolitan population of over 13 million.",", é um país, ou, mais especificamente, um Estado unitário localizado na Europa Ocidental, com várias ilhas e territórios ultramarinos noutros continentes. A França Metropolitana estende-se do Mediterrâneo ao Canal da Mancha e Mar do Norte, e do rio Reno ao Oceano Atlântico. É muitas vezes referida como L'Hexagone por causa da forma geométrica do seu território e partilha fronteiras com a Bélgica e Luxemburgo a norte; Alemanha a nordeste; Suíça e Itália a leste; Espanha ao sul e com os microestados de Mônaco e Andorra. A nação é o maior país da União Europeia em área e o terceiro maior da Europa, atrás apenas da Rússia e da Ucrânia.","La France, en forme longue la République française, est un État souverain transcontinental dont le territoire métropolitain s'étend en Europe de l'Ouest et dont le territoire ultramarin s'étend dans les océans Indien, Atlantique et Pacifique, ainsi qu'en Antarctique et en Amérique du Sud. Le pays a des frontières terrestres avec la Belgique, le Luxembourg, l'Allemagne, la Suisse, l'Italie, l'Espagne, Monaco et l'Andorre en Europe, auxquelles s'ajoutent les frontières terrestres avec le Brésil, le Suriname et les Pays-Bas aux Amériques. La France dispose d'importantes façades maritimes sur l'Atlantique, la Méditerranée, le Pacifique et l'océan Indien, lui permettant de bénéficier de la deuxième zone économique exclusive la plus vaste au monde.","La Francia è una repubblica costituzionale unitaria, avente un regime semipresidenziale. Parigi è la capitale, la lingua ufficiale è il francese, le monete ufficiali sono l'euro e il franco CFP nei territori dell'oceano Pacifico. Il motto della Francia è «Liberté, Égalité, Fraternité» e la bandiera è costituita da tre bande verticali di uguali dimensioni di colore blu, bianco e rosso. L'inno nazionale è La Marsigliese.","Francia, oficialmente República Francesa, es un país soberano transcontinental que se extiende por Europa Occidental y por regiones y territorios de ultramar en América y los océanos Atlántico, Pacífico e Índico. Es uno de los veintisiete Estados soberanos que integran la Unión Europea. Se constituye en república semipresidencialista unitaria con capital en París, la mayor ciudad del país y principal centro cultural y comercial; otras zonas urbanas importantes son Marsella, Lyon, Toulouse, Lille, Burdeos, Montpellier y Niza. La Francia metropolitana se extiende desde el río Rin hasta el océano Atlántico y desde el mar Mediterráneo y los montes Pirineos hasta el canal de la Mancha y el mar del Norte. Los territorios de ultramar incluyen la Guayana Francesa en América del Sur, San Pedro y Miquelón en el Atlántico Norte, las Antillas francesas y muchas islas en Oceanía y el océano Índico. Debido a sus diversos territorios costeros, Francia posee la mayor zona económica exclusiva del mundo. Sus dieciocho regiones integrales abarcan una superficie combinada de 643 801 km y más de 68 millones de personas. Culturalmente, pertenece a la Europa latina.","Paris","Paris","69081996","632702.3","122.8","Unitary|semi-presidential republic","French","French","3.596","0.92","Euro|(|€|) (|EUR|)|CFP franc","+1","+33",".fr"
"GB","United Kingdom","Reino Unido","Royaume-Uni","Regno Unito","Reino Unido","https://en.wikipedia.org/wiki/Special:FilePath/Flag_of_the_United_Kingdom_(1-2).svg?width=250","The United Kingdom of Great Britain and Northern Ireland, commonly known as the United Kingdom or Britain, is a country in northwestern Europe, off the coast of the continental mainland. It comprises England, Scotland, Wales and Northern Ireland, with a population of over 69 million in 2024. The UK includes the island of Great Britain, the north-eastern part of the island of Ireland, and most of the smaller islands within the British Isles, covering 244376. It shares a land border with the Republic of Ireland and is surrounded by the Atlantic Ocean, the North Sea, the English Channel, the Celtic Sea and the Irish Sea, while maintaining sovereignty over the Crown Dependencies and the British Overseas Territories. The capital and largest city of England and the UK is London; Edinburgh, Cardiff and Belfast are the national capitals of Scotland, Wales and Northern Ireland, respectively.","Reino Unido, oficialmente Reino Unido da Grã-Bretanha e Irlanda do Norte, é um país insular localizado em frente à costa noroeste do continente europeu. O atual Reino Unido foi formado após o surgimento do Estado Livre Irlandês em 1922, que conquistou independência da coroa britânica. O Estado soberano localiza-se na ilha da Grã-Bretanha, e na parte nordeste da ilha da Irlanda, além de muitas outras ilhas menores. A Irlanda do Norte é a única parte do Reino Unido com uma fronteira terrestre, no caso, com a República da Irlanda. Fora essa fronteira terrestre, o país é cercado pelo oceano Atlântico, o mar do Norte, o canal da Mancha e o mar da Irlanda. A maior ilha, a Grã-Bretanha, é conectada com a França pelo Eurotúnel.","Le Royaume-Uni, en forme longue le Royaume-Uni de Grande-Bretagne et d'Irlande du Nord, est un pays d'Europe de l'Ouest ou, selon d'autres définitions, d'Europe du Nord, situé au nord-ouest de l'Europe continentale. Le Royaume-Uni est formé de quatre nations constitutives : l'Angleterre, l'Écosse, le pays de Galles et l'Irlande du Nord. Le Royaume-Uni comprend l'île de Grande-Bretagne, la partie nord-est de l'île d'Irlande et de nombreuses petites îles autour des deux principales îles de l'archipel britannique. L'Irlande du Nord partage une frontière terrestre avec la république d'Irlande.","Il Regno Unito, ufficialmente Regno Unito di Gran Bretagna e Irlanda del Nord, è uno Stato insulare dell'Europa occidentale con una popolazione di circa 69,6 milioni di abitanti. Il Regno Unito di Gran Bretagna e Irlanda nacque con l'Atto di Unione del 1800, che univa il Regno di Gran Bretagna e il Regno d'Irlanda. Gran parte dell'Irlanda si separò poi nel 1922, costituendo lo Stato Libero d'Irlanda.","El Reino Unido, oficialmente el Reino Unido de Gran Bretaña e Irlanda del Norte, es un país soberano e insular ubicado al noroeste de la Europa continental. Su territorio está formado geográficamente por la isla de Gran Bretaña, el noreste de la isla de Irlanda y pequeñas islas adyacentes. Su capital y ciudad más poblada es Londres. Desde la independencia de la República de Irlanda, Irlanda del Norte ha sido la única parte del país con una frontera terrestre, hasta la inauguración del Eurotúnel, que es conocido por unir por tierra a la isla de Gran Bretaña con Francia y las tierras continentales europeas. Gran Bretaña limita al norte y al oeste con el océano Atlántico, al este con el mar del Norte, al sur con el canal de la Mancha y al oeste con el mar de Irlanda. El inglés es el idioma de facto y como tal comprende una de las naciones centrales de la angloesfera.","London","London","66912637","244376","2000001","Unitary|parliamentary constitutional monarchy","English","British|Briton|Brit (colloquial)","4.265","0.946","Sterling|(|£|)","+0","+44",".uk"
"GE","Georgia (country)","Geórgia","Géorgie (pays)","Georgia","Georgia","https://en.wikipedia.org/wiki/Special:FilePath/Flag_of_Georgia.svg?width=250","Georgia is a country in the Caucasus region on the coast of the Black Sea. It is located at the intersection of Eastern Europe and West Asia, and is today generally regarded as part of Europe. It is bordered to the north and northeast by Russia; to the west by the Black Sea, to the south by Turkey and Armenia, and to the southeast by Azerbaijan. It has a population of 3.9 million, of which over a third live in Tbilisi, the capital and largest city. Georgians, who are native to the region and constitute the majority of the population, are ethno-linguistically distinct from all of their neighboring nations and primarily speak Georgian, a Kartvelian language that has no relation to any other language family in the world.","Durante a era clássica, reinos independentes estabeleceram-se no que hoje é a Geórgia. Os reinos da Cólquida e Ibéria, cujas orientações religiosas vinham do paganismo georgiano com posterior influência zoroastriana, adotaram o cristianismo no início do. O Reino da Geórgia atingiu o auge de sua força política e econômica durante o reinado de e, nos séculos XI e XII. No início do, a Geórgia foi anexada pelo Império Russo. Depois de um breve período de independência, após a Revolução Russa de 1917, a Geórgia foi ocupada pela União Soviética em 1921, tornando-se a República Socialista Soviética Geórgia e parte da União Soviética. Após a independência, em 1991, a Geórgia pós-socialista sofria de distúrbios civis e de crise econômica na maior parte do. Isso durou até a Revolução Rosa de 2003, depois que o novo governo introduziu reformas democráticas e econômicas.","La Géorgie, est un pays sur la côte est de la mer Noire dans le Caucase, situé à la fois en Europe de l'Est et en Asie de l'Ouest. Elle est considérée comme faisant culturellement, historiquement et politiquement parlant partie de l'Europe. Le pays est membre du Conseil de l'Europe, de l'OSCE, d'Eurocontrol, de la Coopération économique de la mer Noire et des GUAM. Elle espère devenir un jour membre de l'OTAN et de l'Union européenne, avec laquelle un accord d'association est conclu en 2014. À la suite de l'invasion russe de l'Ukraine, la Géorgie dépose officiellement sa candidature à l'Union européenne le, reconnue officiellement le.","La Georgia è uno Stato del Caucaso meridionale situato sulla riva orientale del Mar Nero. Confina a nord con la Russia, a sud con la Turchia e l'Armenia, a sud-est con l'Azerbaigian ed è bagnata a ovest dal Mar Nero. Il paese copre un'area di e ha una popolazione di abitanti. La sua capitale è Tbilisi.","Georgia es un país soberano localizado en la región del Cáucaso, en la costa este del mar Negro, en el límite entre la Europa Oriental y el Asia Occidental. Geográficamente, su territorio se ha clasificado como euroasiático o como bicontinental dependiendo de la correspondiente convención, aunque cultural, histórica y políticamente, Georgia se considera como parte de Europa. Comparte fronteras con Rusia al norte y noreste, con Turquía y Armenia al sur, y con Azerbaiyán al sudeste. Georgia abarca una superficie de 69.700 kilómetros cuadrados. Cuenta con una población de 3,9 millones de habitantes, de los cuales más de un tercio reside en Tiflis,Los georgianos —pobladores nativos de la región que constituyen la mayoría de la población— se distinguen etnolingüísticamente de todas las naciones vecinas y hablan principalmente georgiano, una lengua kartveliana que no guarda relación con ninguna otra familia lingüística del mundo.","Tbilisi","Tbilisi","3657000","69700","56.3","Unitary|parliamentary republic","Georgian","Georgian","35350.20252025222","0.844","Georgian lari","+4","+995",".ge|.გე"
"GH","Ghana","Gana","Ghana","Ghana","Ghana","https://en.wikipedia.org/wiki/Special:FilePath/Flag_of_Ghana.svg?width=250","Ghana, officially the Republic of Ghana, is a country in West Africa. It is situated with the Gulf of Guinea and the Atlantic Ocean to the south, and shares borders with Ivory Coast to the west, Burkina Faso to the north, and Togo to the east. Ghana covers an area of 239567, spanning various ecologies, from coastal savannas to tropical rainforests. With over 35 million inhabitants,","O Gana foi habitado em tempos pré-coloniais por antigos reinos dos acãs como o Reino Bono e o Império Axânti. Antes do contato com os europeus, o comércio entre os acãs e vários estados africanos floresceu devido à riqueza do ouro acã. O comércio com os países europeus começou após o contato com o Império Português nos séculos XV e XVII. Os ingleses estabeleceram a Costa do Ouro como colônia em 1874.","Le Ghana, en forme longue la république du Ghana, est un pays d'Afrique de l'Ouest situé au bord du golfe de Guinée. La langue officielle du Ghana est l'anglais et la devise nationale est le cedi.","Il Ghana, ufficialmente Repubblica del Ghana, è uno Stato dell'Africa occidentale con capitale Accra. Confina a ovest con la Costa d'Avorio, a nord con il Burkina Faso, a est con il Togo, e a sud con il golfo di Guinea.","Los primeros reinos que surgieron en Ghana fueron el Reino de Dagbon en el norte y el de Bonoman en el sur, que ya existía en la zona durante el. El Imperio asante y otros reinos akan en el sur surgieron a lo largo de los siglos. El territorio fue objeto de constantes expediciones europeas para el comercio de la gran cantidad de oro que hay por toda la zona. Por eso, al territorio se le denominó «Costa de Oro». A partir del, el Imperio portugués, seguido por otras potencias europeas, disputó el área por derechos comerciales, hasta que los británicos finalmente establecieron el control de la costa en el. Después de más de un siglo de resistencia colonial, las fronteras actuales del país tomaron forma, abarcando cuatro territorios coloniales británicos separados: Costa del Oro, Ashanti, los Territorios del Norte y Togolandia británica. Estos se unificaron como un dominio independiente dentro de la Mancomunidad de Naciones. El 6 de marzo de 1957, Ghana se convirtió en la primera colonia en África subsahariana en lograr la soberanía, es decir, obtener la independencia. Bajo el presidente Kwame Nkrumah, se hizo influyente en los esfuerzos de descolonización y el movimiento panafricano.","Accra","Accra","35039451","240000","151","Unitary|presidential republic","English","Ghanaian","113494","0.628","Cedi","±00:00","+233",".gh"
"GM","The Gambia","Gâmbia","Gambie","Gambia","Gambia","https://en.wikipedia.org/wiki/Special:FilePath/Flag_of_The_Gambia.svg?width=250","The Gambia, officially the Republic of The Gambia, is a country in West Africa. Geographically, the Gambia is the smallest country in continental Africa; it is bounded by Senegal on all sides except for the western part, which is bordered by the Atlantic Ocean.","Árabes muçulmanos fizeram comércio com locais da África Ocidental no território da Gâmbia durante os séculos IX e X d.C.. Em 1455, os Portugueses foram os primeiros Europeus a entrar na Gâmbia, embora não tenham estabelecido rotas de comércio significativas lá. Em 1765, a Gâmbia tornou-se uma colónia britânica. Em 1965, a Gâmbia tornou-se independente do Reino Unido. Entre 1982 e 1989, esteve unida ao país vizinho, sob o nome de Senegâmbia. Desde que se tornou um país independente, a Gâmbia teve três presidentes – Dawda Jawara, que comandou o país por três décadas, até 2004 o governante Yahya Jammeh, que ascendeu ao poder ao comandar o golpe que derrubou seu antecessor e Adama Barrow eleito por eleições diretas em 2016.","La Gambie, en forme longue la république de Gambie, est un pays d'Afrique de l'Ouest.","Il Gambia ha le sue radici storiche, come molte altre nazioni dell'Africa occidentale, nel commercio degli schiavi. Era infatti questa la ragione che spinse prima i portoghesi, e poi gli inglesi, ad avere una colonia sul fiume Gambia. Dall'indipendenza, ottenuta nel 1965, il Gambia ha goduto di una relativa stabilità politica, a eccezione del periodo di governo militare dopo il colpo di stato del 1994 che ha visto come presidente Yahya Jammeh.","Gambia, oficialmente la República de Gambia, es una nación de África occidental. Se encuentra rodeada en su totalidad por Senegal, excepto en la desembocadura del río Gambia en el océano Atlántico. Su capital es Banjul, aunque la mayor ciudad del país es Serekunda. El país está situado en la ribera del río Gambia, que le da nombre al país, y que discurre por el centro de éste con desembocadura en el océano Atlántico. El país es el más pequeño de África continental y el sexto más pequeño de África con 10689km² de superficie y una población estimada de 2,8 millones de personas.","Banjul","Serekunda","2422712","11300","227","Unitary|presidential republic","English","Gambian","2.6701","0.524","Gambian dalasi","±00:00","+220",".gm"
"GN","Guinea","Guiné","Guinée","Guinea","Guinea","https://en.wikipedia.org/wiki/Special:FilePath/Flag_of_Guinea.svg?width=250","Guinea, officially the Republic of Guinea, is a coastal country located in West Africa. It borders the Atlantic Ocean to the west, Guinea-Bissau to the northwest, Senegal to the north, Mali to the northeast, Ivory Coast to the southeast, and Sierra Leone and Liberia to the south. It is sometimes referred to as Guinea-Conakry, after its capital Conakry, to distinguish it from other territories in the eponymous region, such as Guinea-Bissau and Equatorial Guinea. At the census held on 1 July 2025, Guinea had a population of over 17.5 million and an area of 245857.","A Guiné é um país muito rico em minerais, incluindo bauxita, diamantes, ouro e alumínio. Sua economia depende da agricultura e da mineração. A Guiné é um país subdesenvolvido com uma parcela significativa de sua população vivendo abaixo da linha da pobreza. O francês é a língua oficial da Guiné e é a língua mais usada nas escolas, na administração, na mídia e nas forças de segurança. No entanto, cada uma das vinte e quatro tribos da Guiné têm sua própria língua.","La Guinée, en forme longue la république de Guinée, parfois appelée de manière informelle Guinée-Conakry du nom de sa capitale, est un pays d'Afrique de l'Ouest de 17,5 millions d'habitants. Elle prend son indépendance de la France le, ce qui en fait le premier pays décolonisé de l'Afrique subsaharienne française.","La Guinea, ufficialmente Repubblica di Guinea, nota informalmente anche come Guinea Conakry, è uno Stato dell'Africa occidentale. Confina con Guinea-Bissau e Senegal a nord, Mali a nord e nord-est, Costa d'Avorio a sud-est, Liberia e Sierra Leone a sud, oceano Atlantico a ovest. Il suo territorio racchiude la sorgente dei fiumi Niger, Senegal e Gambia.","Guinea, oficialmente la República de Guinea, frecuentemente llamada Guinea-Conakri para diferenciarla de otros dos países africanos, su vecino Guinea-Bisáu y Guinea Ecuatorial, antiguamente conocido como Guinea Francesa. Limita con Guinea-Bisáu y Senegal al norte, con Malí al norte y este, con Costa de Marfil al este, con Liberia y Sierra Leona al sur y con el océano Atlántico al oeste.","Conakry","Conakry","17521167","245857","71.3","Unitary|presidential republic","French","Guinean","30.0902025","0.5","Guinean franc","±00:00","+224",".gn"
"GT","Guatemala","Guatemala","Guatemala","Guatemala","Guatemala","https://en.wikipedia.org/wiki/Special:FilePath/Flag_of_Guatemala.svg?width=250","Guatemala, officially the Republic of Guatemala, is a country in northern Central America. It is bordered to the north and west by Mexico, to the northeast by Belize, to the east by Honduras, and to the southeast by El Salvador. It is bounded by the Pacific Ocean to the south and the Gulf of Honduras to the northeast.","Segundo sua constituição, é uma república democrática e representativa organizada para sua administração em 22 departamentos. Sua capital é a Cidade da Guatemala, tem uma população de 5 301 286 habitantes e uma extensão territorial de 2 253 Km², o que a torna a maior área metropolitana com maior número de habitantes da América Central. Ao mesmo tempo a economia da Guatemala é atualmente a maior da América Central.","Le Guatemala ou Guatémala, en forme longue la république du Guatemala ou république du Guatémala, est un pays d'Amérique centrale frontalier avec quatre pays : le Mexique, le Belize, le Salvador et le Honduras. Il est bordé au nord-est par la mer des Caraïbes et à l'ouest-sud-ouest par l'océan Pacifique. C'est le troisième pays de l'Amérique centrale par sa superficie, mais il en est le plus peuplé. Il fait également partie de l'Amérique latine. En 2024, le Guatémala compte plus de 17,85 millions d'habitants.","Il Guatemala, ufficialmente Repubblica del Guatemala, è uno Stato dell'America centrale. Nel 2019 risultava avere circa abitanti.","Guatemala, oficialmente República de Guatemala, es un país soberano situado en el extremo noroccidental de América Central. De acuerdo con su constitución, su forma de gobierno consiste en una república democrática, laica y representativa para su administración en 22 departamentos y 340 municipios, los cuales están organizados en 8 regiones administrativas. Su capital y ciudad más poblada es Ciudad de Guatemala.","Guatemala City","Guatemala City","18636532","108889","166","Unitary|presidential republic","Spanish","Guatemalan","120.964","0.662","Quetzal","−6","+502",".gt"
"GW","Guinea-Bissau","Guiné-Bissau","Guinée-Bissau","Guinea-Bissau","Guinea-Bisáu","https://en.wikipedia.org/wiki/Special:FilePath/Flag_of_Guinea-Bissau.svg?width=250","Guinea-Bissau, officially the Republic of Guinea-Bissau, is a country in West Africa that covers with an estimated population of 2,080,000. It borders Senegal to its north and Guinea to its southeast.","A Guiné-Bissau fazia parte do Reino de Gabu, bem como parte do Império do Mali. Partes deste reino persistiram até o, enquanto algumas outras estavam sob domínio do Império Português desde o. No, a região foi colonizada e passou a ser referida Guiné Portuguesa. Após a independência, declarada em 1973 e reconhecida em 1974, o nome de sua capital, Bissau, foi adicionada ao nome do país para evitar confusão com a Guiné e a Guiné Equatorial. Foi a primeira colónia portuguesa no continente africano a ter a independência reconhecida por Portugal.","La Guinée-Bissau ou Guinée-Bissao, en forme longue la république de Guinée-Bissau ou république de Guinée-Bissao, est un pays lusophone d'Afrique de l'Ouest. Sa capitale est Bissau. Le pays accède à l'indépendance en 1974, et connaît depuis une vie politique instable, avec plusieurs coups d'État.","Precedentemente colonia del Portogallo con il nome di Guinea portoghese, la Guinea-Bissau proclamò l'indipendenza il 24 settembre 1973 e venne poi riconosciuta a livello internazionale il 10 settembre 1974. Al nome originario fu aggiunto quello della capitale Bissau, per evitare la confusione con il vicino stato della Guinea, ex colonia francese.","Guinea-Bisáu fue una vez parte del Reino de Gabú, así como parte del Imperio de Malí. Algunas regiones de este reino persistieron hasta el, mientras que algunas otras estaban bajo la dependencia del Imperio portugués desde el. Durante el fue una colonia portuguesa, formando parte de la denominada Guinea Portuguesa. Al obtener su independencia, declarada en 1973 y reconocida tras una guerra que terminó en 1974, se agregó el nombre de su capital, Bisáu, al nombre oficial del país para evitar confusiones entre ésta y la República de Guinea. Guinea-Bisáu ha tenido una historia de inestabilidad política desde su independencia, y solo un presidente electo, ha terminado con éxito un mandato completo de cinco años. El actual presidente es el general de Ejército Horta Inta-A Na Man, quien asumió el cargo tras un golpe militar en 2025, estando al frente del Alto Comando Militar para la Restauración de la Seguridad Nacional y el Orden Público.","Bissau","Bissau","2080000","36125","47","Unitary|semi-presidential republic|under a|military junta","Portuguese","Guinean|Bissau-Guinean","2.27","0.514","West African CFA franc","±00:00","+245",".gw"
"GY","Guyana","Guiana","Guyana","Guyana","Guyana","https://en.wikipedia.org/wiki/Special:FilePath/Flag_of_Guyana.svg?width=250","Guyana, officially the Co-operative Republic of Guyana, is a country on the northern coast of South America. It is bordered by the Atlantic Ocean to the north, Suriname to the east, Brazil to the south and southwest, and Venezuela to the west. It is part of The Guianas. The capital and largest city is Georgetown.","A região conhecida como ""as Guianas"" consiste na grande massa de terra ao norte do Rio Amazonas e a leste do Rio Orinoco, conhecida como ""terra de muitas águas"". Os principais rios da Guiana incluem o Rio Essequibo, o Berbice e o Demerara. Originalmente habitada por muitos grupos indígenas, a Guiana foi colonizada pelos neerlandeses antes de ser transferida para o controle britânico no final do século XVIII. Foi governada como Guiana Britânica, com uma economia predominantemente de plantação até os anos 1950 e conquistou a independência em 1966 e tornou-se oficialmente uma república na Comunidade das Nações em 1970. O legado do domínio britânico se reflete na administração política do país e na população diversificada, que inclui grupos indianos, africanos, ameríndios e multirraciais.","Le Guyana, en forme longue la république coopérative du Guyana, anciennement Guyane britannique, est un pays d'Amérique du Sud. Seul État du Commonwealth en Amérique du Sud, il s'agit également du seul État d'Amérique du Sud où la langue officielle est l'anglais.","La Guyana, il cui nome ufficiale è Repubblica Cooperativa di Guyana, è uno Stato dell'America meridionale. Si estende su una superficie di, la sua popolazione è di 835 308 abitanti e la capitale è Georgetown.","Guyana,, es un país ubicado en la costa norte de América del Sur y el Caribe, miembro de la Unasur, CELAC y miembro asociado del Mercosur. Georgetown es la capital de Guyana y también es la ciudad más grande del país. Guyana limita con el océano Atlántico al norte, Brasil al sur y suroeste, Venezuela al oeste y Surinam al este. Con una superficie terrestre de 214.969 km, Guyana es el tercer estado más pequeño por área en América del Sur continental después de Uruguay y Surinam, y es el segundo estado menos poblado de América del Sur después de Surinam; también es uno de los países menos densamente poblados de la Tierra. El idioma oficial del país es el inglés, aunque una gran parte de la población es bilingüe en inglés y en las lenguas indígenas. Tiene una amplia variedad de hábitats naturales y una biodiversidad muy alta. El país también alberga una parte de la selva amazónica, la selva tropical más grande del mundo.","Georgetown","Georgetown","1025200","214969","4.25","Unitary|parliamentary republic with an executive presidency","English","Guyanese","25.822","0.776","Guyanese dollar","-04:00","+592",".gy"
"HN","Honduras","Honduras","Honduras","Honduras","Honduras","https://en.wikipedia.org/wiki/Special:FilePath/Flag_of_Honduras_(1949%E2%80%932022%2C_2026%E2%80%93present).svg?width=250","Honduras, officially the Republic of Honduras, is a country in Central America. It is bordered to the west by Guatemala, to the southwest by El Salvador, to the southeast by Nicaragua, to the south by the Pacific Ocean at the Gulf of Fonseca, and to the north by the Gulf of Honduras, a large inlet of the Caribbean Sea. Its capital and largest city is Tegucigalpa.","O país abrigou várias culturas indígenas importantes, mais notavelmente os Maias. Cristóvão Colombo foi o primeiro europeu a visitar as Islas de la Bahía, na costa do país, desembarcando perto da atual cidade de Trujillo. Grande parte do país foi conquistado e colonizado pela Espanha no século XVI, que introduziu seu idioma, agora predominante, e muitos de seus costumes. Foi organizada como uma província do Reino de Guatemala e teve três capitais: Trujillo, Comayagua e, a partir de 1880, Tegucigalpa, que permanece até hoje. Tornou-se independente em 15 de setembro de 1821 e foi uma república desde o fim do domínio espanhol.","Le Honduras, en forme longue la république du Honduras, est un pays situé en Amérique centrale, dont il occupe le deuxième rang autant par sa superficie juste après le Nicaragua que par sa population après le Guatemala.","Prima della conquista spagnola, l'area dell'attuale Honduras fu abitata da popolazioni precolombiane, tra i quali i Maya. Ottenuta l'indipendenza nel 1821, l'Honduras ha sempre mantenuto un ordinamento di tipo repubblicano.","Honduras, oficialmente República de Honduras, es un país ubicado en América Central con costas en el oceano Atlántico y en el océano Pacífico. Está constituido como un Estado unitario, libre, soberano e independiente. Tegucigalpa, junto con Comayagüela, constituyen el Distrito Central, siendo el primer y más grande núcleo urbano del país.","Tegucigalpa","Tegucigalpa","9571352","112492","85","Unitary|presidential republic","Spanish","Honduran|Catracho","39.45","0.645","Lempira","−6","+504",".hn"
"HT","Haiti","Haiti","Haïti","Haiti","Haití","https://en.wikipedia.org/wiki/Special:FilePath/Flag_of_Haiti.svg?width=250","Haiti, officially the Republic of Haiti, is a country in the Caribbean on the island of Hispaniola in the Caribbean Sea, east of Cuba and Jamaica and south of The Bahamas. It occupies the western side of the island, which it shares with the Dominican Republic. Haiti is the third largest country in the Caribbean by area, and with an estimated population of 11.4 million, it is the most populous Caribbean country. The capital and largest city is Port-au-Prince.","A ilha era originalmente habitada pelos indígenas taínos. Os primeiros europeus chegaram em dezembro de 1492 durante a primeira viagem de Cristóvão Colombo, que fundou o primeiro assentamento europeu nas Américas, a Fortaleza de La Navidad, no que hoje é a costa nordeste do Haiti. A ilha foi reivindicada pela Espanha e fez parte do Império Espanhol até o início do século XVII. Reivindicações e acordos concorrentes levaram a que o oeste da ilha fosse cedido à França em 1697, que foi posteriormente chamada de São Domingos. Os colonos franceses estabeleceram plantações de cana-de-açúcar, trabalhadas por escravos trazidos da África, o que tornou a colônia uma das mais ricas do mundo.","Haïti, en forme longue la république d'Haïti, est un État des Grandes Antilles, occupant le tiers occidental de l'île d'Hispaniola, les deux tiers orientaux étant occupés par la République dominicaine. Sa capitale est Port-au-Prince et son point culminant est le pic la Selle. Haïti est le seul territoire francophone indépendant des Caraïbes, dont il est également le pays le plus peuplé.","L'isola è storicamente caratterizzata da una marcata instabilità politica e dalla fragilità del territorio. Colpita nell'estate 2004 dall'uragano Jeanne, nel gennaio 2010 da un terremoto catastrofico, tra i più distruttivi della storia dell'uomo, e nell'ottobre 2016 dall'uragano Matthew, vive in uno stato di emergenza umanitaria. Dal 2004 al 2017 vide la presenza di un contingente guidato dal Brasile, per una missione internazionale di aiuto sotto l'egida dell'ONU. Il 14 agosto 2021 il Paese viene nuovamente colpito da un fortissimo terremoto di magnitudo 7,2.","Haití, oficialmente República de Haití, es un país de América ubicado en La Española; es uno de los trece Estados que forman la América Insular, Antillas o islas del mar Caribe. Su capital y ciudad más poblada es Puerto Príncipe. Haití es conocida por ser la primera «república negra» del mundo en constituirse e independizarse y, económicamente, por ser el país más pobre de América en el, pese a haber sido uno de los mayores generadores de riqueza del, cuando generaba el 40% del comercio exterior de Francia, y duplicaba el producto de todas las colonias inglesas, juntas.","Port-au-Prince","Port-au-Prince","11470261","27700","417","Semi-presidential republic|(|de jure|)","French|Haitian Creole","Haitian","33.5506","0.554","Gourde","−05:00","+509",".ht"
"HU","Hungary","Hungria","Hongrie","Ungheria","Hungría","https://en.wikipedia.org/wiki/Special:FilePath/Flag_of_Hungary.svg?width=250","Hungary is a landlocked country in Central Europe. Spanning much of the Carpathian Basin, it is bordered by Slovakia to the north, Ukraine to the northeast, Romania to the east and southeast, Serbia to the south, both Croatia and Slovenia to the southwest, and Austria to the west. Hungary lies within the Danube River's drainage basin, and is dominated by great lowland plains. It has a population of over 9.5 million, consisting mostly of ethnic Hungarians and a significant Romani minority. Hungarian is the official language, and among the few in Europe outside the Indo-European family. Budapest is the country's capital and its largest city, and the dominant cultural and economic centre.","Após séculos de sucessiva ocupação de celtas, romanos, hunos, eslavos, gépidas e ávaros, a Hungria foi fundada no final do pelo grão-príncipe húngaro Arpades durante o Honfoglalás. Seu bisneto Estêvão I subiu ao trono no ano 1000, quando converteu o país para um reino cristão. Até o, a Hungria era uma potência média no mundo ocidental, alcançando seu auge no. Após a Batalha de Mohács, em 1526, e de cerca de 150 anos sob ocupação otomana, a Hungria ressurge sob o domínio dos Habsburgos e, mais tarde, formou uma parte significativa do Império Austro-Húngaro.","La Hongrie est une république constitutionnelle unitaire située dans le sud-est de l'Europe centrale, aux confins de l'Europe de l'Est et de l'Europe du Sud-Est. Elle a pour capitale Budapest, pour langue officielle le hongrois et pour monnaie le forint. Son drapeau est constitué de trois bandes horizontales, rouge, blanche et verte, et son hymne national est le Himnusz. D'une superficie de, elle s'étend sur du nord au sud et d'est en ouest. Elle a de frontières, avec l'Autriche à l'ouest, la Slovénie et la Croatie au sud-ouest, la Serbie au sud, la Roumanie au sud-est, l'Ukraine au nord-est et la Slovaquie au nord. En 2026, la Hongrie compte 9 600 268 habitants.","Confina a nord con la Slovacchia, a est con l'Ucraina e la Romania, a sud con la Serbia e la Croazia e a ovest con l'Austria e la Slovenia; si tratta di uno Stato senza sbocco al mare. La capitale e città principale è Budapest.","Hungría es uno de los veintisiete Estados soberanos que forman la Unión Europea. Está situado en la llanura panónica, y tiene fronteras con Eslovaquia, con Ucrania y Rumanía, con Serbia y Croacia, con Eslovenia y con Austria. Su capital y mayor ciudad es Budapest. Su idioma oficial es el húngaro, también conocido como magiar, que pertenece al grupo ugrofinés y que, además, es la lengua no indoeuropea con más hablantes de toda Europa.","Budapest","Budapest","9489000","93030","102","Unitary parliamentary republic","Hungarian","Hungarian","271.122","0.87","Forint","+1","+36",".hu"
"ID","Indonesia","Indonésia","Indonésie","Indonesia","Indonesia","https://en.wikipedia.org/wiki/Special:FilePath/Flag_of_Indonesia.svg?width=250","Indonesia, officially the Republic of Indonesia, is a country in Southeast Asia and Oceania, between the Indian and Pacific oceans. Comprising about 17,000 islands, including Sumatra, Java, Sulawesi, and parts of Borneo and New Guinea, Indonesia is the world's largest archipelagic state and the 14th-largest country by area, at 1904569. Indonesia has significant areas of wilderness that support one of the world's highest levels of biodiversity. It shares land borders with Papua New Guinea, Timor-Leste, and Malaysia, as well as maritime borders with seven other countries, including Australia, Singapore, and the Philippines.","O arquipélago indonésio tem sido uma região de grande importância para o comércio desde os séculos VI e VII, quando Serivijaia começou a comercializar com a China e com a Índia. Apesar de sua grande população, com regiões densamente povoadas, a Indonésia tem vastas áreas desabitadas e é um dos países mais biodiversos do mundo. Desde os primeiros séculos da era cristã, governantes locais gradativamente absorveram modelos culturais, políticos e religiosos estrangeiros, enquanto reinos hindus e budistas floresceram.","LIndonésie, en forme longue la république d'Indonésie est un pays transcontinental situé principalement en Asie du Sud-Est, avec certaines parties de son territoire s’étendant en Océanie. Avec [[Liste des îles d'Indonésie|]], dont 922 habitées, il s'agit du plus grand archipel au monde. Dotée d’une population estimée à de personnes, composée de plus de ethniques et parlant plus de régionales, c'est le quatrième pays le plus peuplé au monde et le premier pays à majorité musulmane pour le nombre de croyants. Java, l’île la plus peuplée du monde, abrite plus de la moitié de la population du pays. L'Indonésie est une république dont la capitale est Jakarta. Une nouvelle capitale, nommée Nusantara, est en cours de développement pour la remplacer.","È una repubblica unitaria presidenziale multipartitica, la cui capitale nazionale è la città di Giacarta, situata sull'isola di Giava. Le frontiere terrestri del paese sono con Malaysia nell'isola del Borneo, con Papua Nuova Guinea nell'isola di Nuova Guinea e con Timor Est nell'isola di Timor. Altri paesi vicini sono Singapore, Filippine, Brunei, Australia e India.","Indonesia, oficialmente la República de Indonesia, es un país ubicado al sudeste de Asia y al norte de Oceanía, entre los océanos Índico y Pacífico. Se compone de más de 17 000 islas, incluidas Sumatra, Java, Célebes y partes de Borneo y Nueva Guinea. Indonesia es el mayor Estado archipelágico del mundo y el decimocuarto país más extenso, con una superficie de 1904569. Con más de 280 millones de habitantes, Indonesia es el cuarto país más poblado del mundo y el país con mayor población de mayoría musulmana. Java, la isla más poblada del mundo, alberga a más de la mitad de la población del país.","Jakarta","Jakarta","288315089","1904569","143","Unitary|presidential republic","Indonesian","Indonesian","1.54","0.728","Indonesian rupiah","+7, +8, +9","+62",".id"
"IL","Israel","Israel","Israël","Israele","Israel","https://en.wikipedia.org/wiki/Special:FilePath/Flag_of_Israel.svg?width=250","Israel, officially the State of Israel, is a country in the Southern Levant region of West Asia. It is bordered by Lebanon to the north, Syria to the northeast, Jordan to the east, and Egypt to the southwest. Israel's western coast lies on the Mediterranean Sea, its southern tip reaches the Red Sea, and to the east is Earth's lowest point near the Dead Sea. Jerusalem is the government seat and proclaimed capital, while Tel Aviv is Israel's largest urban area and economic centre.","Israel, oficialmente Estado de Israel, é um país localizado no Oriente Médio, ao longo da costa oriental do mar Mediterrâneo. Faz fronteira com o Líbano ao norte, com a Síria a nordeste, com a Jordânia e a Cisjordânia a leste, com o Egito e a Faixa de Gaza ao sudoeste, e com o golfo de Acaba, no mar Vermelho, ao sul. Geograficamente, contém diversas características dentro de seu território relativamente pequeno.","Israël, en forme longue lÉtat d'Israël, également appelé de manière informelle l'État hébreu, est un pays situé sur la côte orientale de la mer Méditerranée au Proche-Orient, en Asie de l'Ouest. Le pays fait géographiquement partie du Levant et borde le Liban, la Syrie, la Jordanie, l'Égypte ainsi que la Palestine, constituée de la Cisjordanie et de la bande de Gaza.","La regione nella quale è situato Israele è stata soggetta nel tempo al dominio di numerose civiltà, tra cui cananei, egizi, israeliti, filistei, assiri, babilonesi, romani, bizantini, arabi, crociati e ottomani. In età contemporanea la regione divenne parte del mandato britannico della Palestina, periodo durante il quale fu soggetta a flussi immigratori di comunità ebraiche incoraggiate dal movimento sionista, che mirava alla costituzione di un moderno Stato ebraico. Dopo la seconda guerra mondiale, per porre rimedio agli scontri locali tra ebrei e arabi palestinesi, nel 1947 l'Assemblea generale delle Nazioni Unite approvò un piano di partizione della Palestina che prevedeva la costituzione di uno Stato ebraico e di uno arabo. Lo Stato d'Israele fu proclamato il 14 maggio 1948. Tale partizione fu però osteggiata dagli arabi palestinesi e dai vicini paesi arabi, che intervennero militarmente contro il neonato Stato israeliano il giorno seguente la sua proclamazione; nell'ambito dello scontro si verificò l'esodo palestinese del 1948. Israele e i paesi arabi si scontrarono nuovamente nei decenni seguenti in una serie di conflitti arabo-israeliani. In seguito alla guerra dei sei giorni del 1967 Israele occupò la Cisgiordania, che era stata occupata dal Regno di Giordania, e la striscia di Gaza che era amministrata dall'Egitto, le alture del Golan siriane e la penisola del Sinai egiziana, stabilendo negli anni in questi territori occupati numerosi insediamenti israeliani. Lo Stato di Palestina rivendica la sovranità sulla Cisgiordania e sulla striscia di Gaza.","Israel, oficialmente Estado de Israel, es un estado soberano de Asia occidental ubicado en la región de Oriente Próximo, en el Levante mediterráneo. Limita al norte con el Líbano, al noreste con Siria, al este con Jordania, Cisjordania y el mar Muerto, al oeste con la Franja de Gaza, al suroeste con la península del Sinaí y al sur con el golfo de Áqaba, en el mar Rojo. Con una población de casi 10 millones de habitantes, la mayoría de los cuales son judíos, Israel es el único Estado judío del mundo. Es también el hogar de árabes musulmanes, cristianos, drusos y samaritanos, así como otros grupos religiosos y étnicos minoritarios. La capital —con reconocimiento internacional limitado—, sede del gobierno y mayor ciudad del país es Jerusalén. El principal centro económico y financiero se encuentra en la ciudad de Tel Aviv, y el mayor centro industrial se localiza en Haifa.","Jerusalem|(|limited recognition|)","Jerusalem|(|limited recognition|)","10147200","22072","22072","Unitary parliamentary republic","Hebrew","Israeli","719.848","0.919","New shekel","+2:00","+972",".il"
"IN","India","Índia","Inde","India","India","https://en.wikipedia.org/wiki/Special:FilePath/Flag_of_India.svg?width=250","India, officially the Republic of India, is a country in South Asia. It is the seventh-largest country by area, the most populous country in the world and, since its independence in 1947, the world's most populous democracy. Bounded by the Indian Ocean on the south, the Arabian Sea on the southwest, and the Bay of Bengal on the southeast, it shares land borders with Pakistan to the west; China, Nepal and Bhutan to the north; Bangladesh and Myanmar to the east. In the Indian Ocean, India is near Sri Lanka and the Maldives. Its Andaman and Nicobar Islands share a maritime border with Myanmar, Thailand and Indonesia.","Lar da Civilização do Vale do Indo, de rotas comerciais históricas e de vastos impérios, o subcontinente indiano é identificado por sua riqueza comercial e cultural de grande parte da sua longa história. Quatro grandes religiões — hinduísmo, budismo, jainismo e siquismo — originaram-se no país, enquanto o zoroastrismo, o judaísmo, o cristianismo e o islamismo chegaram no e moldaram a diversidade cultural da região. Anexada gradualmente pela Companhia Britânica das Índias Orientais no início do e colonizada pelo Império Britânico a partir de meados do, a Índia tornou-se uma nação independente em 1947, após uma luta social pela independência que foi marcada pela extensão da resistência não violenta.","LInde, en forme longue la république de l'Inde, également appelée le Bharat dans sa constitution, est un pays d'Asie du Sud occupant la majeure partie du sous-continent indien. Sa capitale est New Delhi. Avec une population de plus de 1,465 milliard d'habitants en août 2025, l'Inde est le pays le plus peuplé au monde ainsi que le septième pays le plus étendu.","LIndia, ufficialmente Repubblica dell'India, è uno Stato federale dell'Asia meridionale, con capitale Nuova Delhi. Estesa su, l'India è il settimo Stato al mondo per superficie, mentre con oltre 1 miliardo e 438 milioni di abitanti è lo Stato più popoloso del mondo","Limita con el océano Índico al sur, con el mar Arábigo al oeste y con el golfo de Bengala al este, a lo largo de una línea costera de más de 7517 kilómetros. La India también limita con Pakistán al oeste; al norte con China, Nepal y Bután y al este con Bangladés y Birmania. Además, la India está ubicada cerca de las islas de Sri Lanka, Maldivas e Indonesia. Su capital es Nueva Delhi y su ciudad más poblada es Bombay.","New Delhi","Delhi","1480000000","3287263","3287263","Federal|parliamentary republic","Hindi|English","Indian|others","4.153","0.685","Indian rupee|(|₹|)","+05:30","+91",".in|(|others|)"
"IQ","Iraq","Iraque","Irak","Iraq","Irak","https://en.wikipedia.org/wiki/Special:FilePath/Flag_of_Iraq.svg?width=250","Iraq, officially the Republic of Iraq, is a country in West Asia. Located within the Middle East, it is bordered by Saudi Arabia to the south, Turkey to the north, Iran to the east, the Persian Gulf and Kuwait to the southeast, Jordan to the southwest, and Syria to the west. The country covers an area of 438,317 and has a population of over 46 million, making it the 58th largest country by area and the 31st most populous in the world. Baghdad, home to over 8 million people, is the capital city and the largest in the country.","O Iraque tem uma seção estreita de litoral que se estende por 58 km no norte do Golfo Pérsico e seu território compreende a mesopotâmica planície aluvial, o fim do noroeste da Cordilheira de Zagros e a parte oriental do deserto sírio. Dois grandes rios, o Tigre e o Eufrates, percorrem para o sul através do centro do Iraque e fluem para o Xatalárabe, perto do Golfo Pérsico. Estes rios fornecem ao Iraque quantidades significativas de terras férteis.","L’Irak, en forme longue la république d'Irak ou république d'Iraq, est un pays du Proche-Orient, situé en Mésopotamie, au nord de la péninsule arabique. L’Irak est parfois appelé « le pays des deux fleuves » en arabe. Bagdad en est la capitale et la plus grande ville.","LIraq o Irak, ufficialmente Repubblica d'Iraq, è uno Stato del Medio Oriente. Confina con la Turchia a nord, con l'Arabia Saudita e il Kuwait a sud, la Siria e la Giordania a ovest, e l'Iran a est. A sud-est, per un breve tratto, è bagnato dal golfo Persico. Il territorio dell'Iraq corrisponde approssimativamente alla regione geografica della Mesopotamia, il cui toponimo significa ""terra in mezzo ai fiumi"" ; il nome Iraq deriva dal nome dell'antica città di Uruk, che a sua volta corrisponde all'odierna città di Warka, e pare fosse usato anche come nome per la regione di Babilonia. I costituenti del nome Ur+uk in lingua sumera significano ""città+pensiero/esistenza"", mentre i radicali consonantici irq e urq delle successive lingue semitiche indicano fiumi e in generale il raccogliersi dell'acqua. La capitale è Baghdad.","La historia de Irak se remonta a la antigua Mesopotamia. La región entre los ríos Tigris y Éufrates se identifica como la «cuna de la civilización» y el lugar del nacimiento de la escritura. Durante su historia, Irak ha sido el centro de los imperios sumerio, acadio, asirio, babilónico y abásida y parte del aqueménida, macedonio, parto, sasánida, omeya, mongol, otomano y británico.","Baghdad","Baghdad","46118793","438317","82.7","Federal|parliamentary republic|under|confessionalism","Arabic|Kurdish","Iraqi","264.784","0.712","Iraqi dinar","+3","+964",".iq|.العراق"
"IR","Iran","Irã","Iran","Iran","Irán","https://en.wikipedia.org/wiki/Special:FilePath/Flag_of_Iran_(official).svg?width=250","Iran, officially the Islamic Republic of Iran, historically known as Persia, is a country in West Asia. It borders Iraq to the west, Turkey, Azerbaijan, and Armenia to the northwest, the Caspian Sea to the north, Turkmenistan to the northeast, Afghanistan to the east, Pakistan to the southeast, and the Gulf of Oman and the Persian Gulf to the south. With a population of over 92 million, Iran ranks 17th globally in both geographic size and population. It is divided into five regions with 31 provinces. Tehran is the nation's capital and largest city and serves as its primary economic centre.","O país é o lar de uma das civilizações mais antigas do mundo, que começa com a formação do reino de Elam em Os povos iranianos medos unificaram o país no primeiro de muitos impérios que se iriam seguir em, após a nação se tornar no principal poder cultural e político dominante na região. O Irã atingiu o auge de seu poder durante o Império Aquemênida, fundado por Ciro, o Grande em e que, na sua maior extensão, compunha grandes porções do mundo antigo, que se estendiam do vale do Indo, no leste, à Trácia e Macedônia, na fronteira nordeste da Grécia, tornando-se num dos maiores impérios que o mundo já vira. Os aquemênidas entraram em colapso em após as conquistas de Alexandre, o Grande, mas o país alcançou uma nova era de prosperidade após o estabelecimento do Império Sassânida em, sob o qual o Irã se tornou uma das principais potências da Europa Oriental e da Ásia Central nos quatro séculos seguintes.","L’Iran, en forme longue la république islamique d'Iran, est un pays d'Asie de l'Ouest. Bordé au nord par la mer Caspienne, au sud-est par le golfe d'Oman et au sud par le golfe Persique, l'Iran partage des frontières avec le Turkménistan au nord-est, l'Afghanistan à l'est, le Pakistan au sud-est, l'Irak à l'ouest, la Turquie, l'Arménie et l'Azerbaïdjan au nord-ouest. Le pays a une superficie de.","Fino al 1935 l'Iran era noto come Persia, patria di una delle più antiche civiltà del mondo. La prima dinastia iranica fu quella elamica, del 2800 a.C., ma il territorio dell'Iran fu unificato soltanto nel 625 a.C. dai Medi. Nel 550 a.C. il regno fu sotto il controllo degli Achemenidi, per poi essere annesso da Alessandro Magno al suo Impero nel 334 a.C. con la sconfitta dell'ultimo re achemenide Dario III di Persia nelle battaglie di Isso e di Gaugamela. Alla morte di Alessandro, l'Impero macedone venne spartito tra i suoi generali, i diadochi, e la Persia passò nelle mani dei Seleucidi. Successivamente, nel II secolo a.C., la Persia fu inglobata nel regno dei Parti e dal 224 d.C. al 651 fu nelle mani dei Sasanidi, i quali crollarono a loro volta sotto i colpi degli arabi, che nel 633 avevano avviato la conquista islamica della Persia. Con l'affermarsi della dinastia Safavide, nel 1501, uno dei rami minoritari dell'Islam diviene religione ufficiale del regno, segnando un punto cruciale nella storia della Persia e del mondo islamico.","Es el decimoséptimo país más extenso del mundo con km². Es un país con una importancia muy significativa en la geopolítica al encontrarse entre Oriente Próximo, Asia Central y Asia del Sur. La capital es Teherán, centro político, industrial, comercial y cultural del país. Irán es una gran potencia regional a la que sus grandes reservas de hidrocarburos confieren una situación de superpotencia energética y le reportan desde hace décadas una sustancial renta petrolera.","Tehran","Tehran","92417681","1648195","52.15","Unitary|presidential|theocratic|Islamic republic|under an|authoritarian|dictatorship","Persian","Iranian","300.293","0.799","Iranian rial","+3:30","+98",".ir|ایران."
"IS","Iceland","Islândia","Islande","Islanda","Islandia","https://en.wikipedia.org/wiki/Special:FilePath/Flag_of_Iceland.svg?width=250","Iceland is a Nordic island country between the Arctic Ocean and the North Atlantic Ocean, located on the Mid-Atlantic Ridge between Europe and North America. It is culturally and politically linked with Europe and is the region's westernmost and most sparsely populated country. Its capital and largest city is Reykjavík, which is home to about 35% of the country's roughly 395,000 residents. The official language of the country is Icelandic. Iceland is on a rift between tectonic plates, and its geologic activity includes geysers and frequent volcanic eruptions. The interior consists of a volcanic plateau with sand and lava fields, mountains and glaciers, and many glacial rivers flow to the sea through the lowlands. Iceland is warmed by the Gulf Stream and has a temperate climate, despite being at a latitude just south of the Arctic Circle. Its latitude and marine influence keep summers chilly, and most of its islands have a polar climate.","Segundo Landnámabók, o povoamento da Islândia começou em 874, quando o chefe norueguês Ingólfur Arnarson se tornou o primeiro morador norueguês permanente da ilha. Nos séculos seguintes, povos de origem nórdica e céltica instalaram-se no território da Islândia. Até ao, a população islandesa era fortemente dependente da pesca e da agricultura e o território do país era, entre 1262 e 1918, parte das monarquias norueguesa e, mais tarde, dinamarquesa. No, a economia e o sistema de proteção social da Islândia desenvolveram-se rapidamente e, nas últimas décadas, o país tem implementado o livre comércio no Espaço Econômico Europeu, acabando com a dependência da pesca e partindo para novos domínios econômicos no setor de serviços, finanças e de vários tipos de indústrias. A Islândia tem uma economia de livre mercado com baixos impostos em comparação com outros países da OCDE.","LIslande (, littéralement « pays de glace », est un pays insulaire d'Europe du Nord situé dans l'océan Atlantique. Ayant pour capitale sa plus grande ville Reykjavik, il est gouverné sous la forme d'une république parlementaire.","LIslanda, ufficialmente Repubblica d'Islanda, è una nazione insulare dell'Europa settentrionale e fa parte della regione scandinava. È situata nell'oceano Atlantico settentrionale, al confine con il circolo polare artico. L'Islanda è bagnata a nord dal Mar di Groenlandia, a est e a sud dall'oceano Atlantico del Nord e a ovest dallo stretto di Danimarca. L'isola, che ha origine vulcanica, si trova a circa 290 km a sud-est della Groenlandia, 550 km a sud di Jan Mayen, 400 km a nord-ovest delle Isole Fær Øer e 800 km a ovest della Norvegia.","Islandia es un país insular europeo, cuyo territorio abarca la isla homónima y algunas pequeñas islas e islotes adyacentes en el océano Atlántico. Su capital es Reikiavik. Cuenta con una población de cerca de 366 425 habitantes y un área de 103 000 km². A causa de su localización en la dorsal mesoatlántica, es un país con gran actividad volcánica y geológica, factor que afecta en gran medida al paisaje del territorio islandés. El interior del país consiste en una meseta caracterizada por desiertos, montañas, glaciares y ríos glaciales que fluyen hacia el mar a través de las tierras bajas. Gracias a los efectos de la corriente del Golfo, tiene un clima templado, en relación con su latitud, y provee un entorno habitable.","Reykjavík","Reykjavík","394324","103125","3.82","Unitary parliamentary republic","Icelandic","Icelander|Icelandic","35.3101","0.972","Icelandic króna","±00:00","+354",".is"
"JM","Jamaica","Jamaica","Jamaïque","Giamaica","Jamaica","https://en.wikipedia.org/wiki/Special:FilePath/Flag_of_Jamaica.svg?width=250","Jamaica is an island country in the Caribbean, covering. It is the third-largest island in the Greater Antilles and the Caribbean, after Cuba and the island of Hispaniola. Jamaica lies about south of Cuba, west of Hispaniola, and southeast of the Cayman Islands. With million people, Jamaica is the third most populous Anglophone country in the Americas and the fourth most populous country in the Caribbean. Kingston is the country's capital and largest city.","Depois de tornar uma possessão espanhola conhecida como Santiago, em 1655 a ilha passa ao domínio britânico e é nomeada como ""Jamaica"". O país conseguiu sua completa independência do Reino Unido apenas em 6 de agosto de 1962. Com 2,8 milhões de pessoas, é o terceiro país anglófono mais populoso na América, depois dos Estados Unidos e do Canadá. Kingston é a maior cidade e a capital do país, com uma população que ronda um milhão de habitantes. A Jamaica tem uma grande diáspora em todo o mundo, devido à emigração do país.","La Jamaïque est un État insulaire de la mer des Caraïbes, couvrant. Troisième plus grande île des Grandes Antilles et de la Caraïbe après Cuba et l'Hispaniola, elle est située à environ au sud de Cuba et à à l'ouest d'Hispaniola. Avec près de trois millions d'habitants, elle est le quatrième pays le plus peuplé des Caraïbes. Kingston est sa capitale et sa principale ville.","Il Sovrano della Giamaica coincide con quello del Regno Unito di Gran Bretagna e Irlanda del Nord: attualmente il Re della Giamaica è Carlo III.","Jamaica es uno de los trece países que forman la América insular, Antillas o islas del mar Caribe. Es uno de los treinta y cinco países del continente americano. Su capital y ciudad más poblada es Kingston. El país está formado por una sola isla. Cuenta con 240 km de largo y un máximo de 80 km de ancho. Está situada en el mar Caribe. Se encuentra a 150 km al sur de Cuba. Y a 180 km al oeste de la isla de La Española, donde se ubican Haití y la República Dominicana. Asimismo, está situada a unos 621 km de Puerto Rico.","Kingston","Kingston","2824913","10991","266","Unitary|parliamentary constitutional monarchy","English","Jamaican","20.586","0.72","Jamaican dollar","-5:00","+1",".jm"
"JO","Jordan","Jordânia","Jordanie","Giordania","Jordania","https://en.wikipedia.org/wiki/Special:FilePath/Flag_of_Jordan.svg?width=250","Jordan, officially the Hashemite Kingdom of Jordan, is a country in the Southern Levant region of West Asia. Jordan is bordered by Syria to the north, Iraq to the east, Saudi Arabia to the south, and both Israel and Palestine to the west. The Jordan River, flowing into the Dead Sea, is located along the country's western border within the Jordan Rift Valley. Jordan has a small coastline along the Red Sea in its southwest, separated by the Gulf of Aqaba from Egypt. Amman is the country's capital and largest city, as well as the most populous city in the Levant.","A área da Jordânia atual é habitada por humanos desde o período Paleolítico. Três reinos estáveis surgiram ao final da Idade do Bronze: Amom, Moabe e Edom. Governantes posteriores incluíram o Reino Nabateu, o Império Romano e o Império Otomano. A partilha do Império Otomano ocorreu depois da Revolta Árabe durante a Primeira Guerra Mundial. O Emirado da Transjordânia foi estabelecido em 1921 pelo então emir Abdullah I e tornou-se um protetorado do Reino Unido. A Jordânia virou um estado independente em 1946 oficialmente conhecido como o Reino Haxemita da Transjordânia. O país conquistou a Cisjordânia na Guerra Árabe-Israelense de 1948 e o nome do estado foi alterado para Reino Haxemita da Jordânia no ano seguinte. A Jordânia foi um membro fundador da Liga Árabe e da Organização para a Cooperação Islâmica, além de um de apenas dois países a terem assinado um acordo de paz com Israel. Seu governo é uma monarquia constitucional, porém o rei mantém amplos poderes executivos e legislativos.","La, en forme longue le, est un pays arabe du Moyen-Orient à cheval entre l'Arabie et le Levant. C'est une monarchie créée en 1946 après la fin du mandat britannique. Son territoire est entouré à l'ouest par les Territoires palestiniens et Israël, le long du Jourdain et de la mer Morte, au sud par l'Arabie saoudite, à l'est par l'Irak et au nord par la Syrie, avec, en outre, un accès sur le golfe d'Aqaba, celui-ci communiquant plus au sud avec la mer Rouge. Si l'arabe est la langue officielle, l'anglais reste répandu dans les domaines éducatifs et médiatiques. Sa capitale et sa plus grande ville est Amman.","La Giordania, ufficialmente Regno Hascemita di Giordania, è un paese arabo dell'Asia Occidentale. È situato nella regione del Levante, sulla sponda orientale del fiume Giordano, e confina con l'Arabia Saudita a sud e a est, l'Iraq a nord-est, la Siria a nord e la Cisgiordania, Israele, e il Mar Morto a ovest. Ha una costa di 26 km sul golfo di Aqaba nel Mar Rosso a sud-ovest. Il golfo di Aqaba separa la Giordania dall'Egitto. Amman è la capitale e la città più grande della Giordania, nonché il suo centro economico, politico e culturale.","El reino se creó a raíz de la división de la región llevada a cabo por Francia y el Reino Unido tras la Primera Guerra Mundial. En 1946 Jordania se convirtió en un estado soberano e independiente con el nombre inicial de Reino Hachemita de Transjordania. Tras la captura de Cisjordania durante la guerra árabe-israelí de 1948, Abdalá I tomó el título de rey de Jordania y Palestina.","Amman","Amman","11484805","89342","114","Unitary parliamentary|semi-constitutional monarchy","Arabic","Jordanian","50.022","0.754","Jordanian dinar","+03:00","+962",".jo|.الاردن"
"JP","Japan","Japão","Japon","Giappone","Japón","https://en.wikipedia.org/wiki/Special:FilePath/Flag_of_Japan.svg?width=250","Japan is an island country in East Asia. Located in the Pacific Ocean off the northeast coast of the Asian mainland, it is bordered to the west by the Sea of Japan, the Sea of Okhotsk in the north, and the East China Sea in the south. The Japanese archipelago consists of four major islands alongside 14,121 smaller islands. Japan is divided into 47 administrative prefectures and eight traditional regions, and around 75% of its terrain is mountainous and heavily forested, concentrating its agriculture and highly urbanized population along its eastern coastal plains. With a population of almost 123 million as of 2026, it is the world's 11th most populous country. Tokyo is the country's capital and largest city.","oficialmente é um país insular da Ásia Oriental. Localizado no Oceano Pacífico, a leste do Mar do Japão, da China, da Coreia do Norte, da Coreia do Sul e da Rússia, estendendo-se do Mar de Okhotsk, no norte, ao Mar da China Oriental e Taiwan, ao sul.","Le Japon est un pays insulaire de l'Asie de l'Est, situé entre la mer du Japon et l'océan Pacifique, à l'est de la Chine, de la Corée du Sud et de la Corée du Nord, au sud de la Russie, et au nord-est de Taïwan.","Il Giappone, ufficialmente Stato del Giappone è uno Stato insulare dell'Asia orientale. Situato nell'Oceano Pacifico, è limitato a ovest dal Mar del Giappone, a nord dal Mare di Ochotsk, a est dall'Oceano Pacifico settentrionale e a sud dal Mar Cinese Orientale. È un arcipelago perlopiù montuoso di isole, le cui cinque più grandi sono Hokkaidō, Honshū, Kyūshū, Shikoku e Okinawa, che da sole rappresentano circa il 97% della superficie terrestre del Giappone. Molte isole sono montagne, alcune di origine vulcanica; la vetta più alta è il Fuji, un vulcano in quiescenza dal 1707. Con una popolazione di circa 126 milioni di abitanti, è l'undicesimo paese più popolato al mondo. La Grande Area di Tokyo, che include Tokyo e numerose prefetture vicine, è la più grande area metropolitana del mondo con oltre 38 milioni di residenti.","Japón es un país insular en Asia Oriental ubicado en el noroeste del océano Pacífico. Limita con el mar del Japón al oeste y se extiende desde el mar de Ojotsk en el norte hasta el mar de la China Oriental y Taiwán en el sur. Su territorio comprende un archipiélago de 14 125 islas que cubren 377 978 km² sobre el denominado Anillo de Fuego del Pacífico. Las cinco islas principales del país, de norte a sur, son Hokkaidō, Honshū, Shikoku, Kyūshū y Okinawa.","Tokyo","Tokyo","122950000","377975","330","Unitary|parliamentary constitutional monarchy","Japanese","Japanese","4.379","0.925","Japanese yen|(|¥|)","+09:00","+81",".jp"
"KE","Kenya","Quénia","Kenya","Kenya","Kenia","https://en.wikipedia.org/wiki/Special:FilePath/Flag_of_Kenya.svg?width=250","Kenya, officially the Republic of Kenya, is a country located in East Africa. With an estimated population of more than 54.2 million as of mid-2026, it is the 27th-most populous country in the world and the seventh-most populous in Africa. Kenya's capital and largest city is Nairobi. The second-largest and oldest city is Mombasa, a port city located on Mombasa Island. Other major cities within the country include Kisumu, Nakuru and Eldoret. Going clockwise, Kenya is bordered by South Sudan to the northwest, Ethiopia to the north, Somalia to the east, the Indian Ocean to the southeast, Tanzania to the southwest, and Lake Victoria and Uganda to the west. Its geography, climate and population vary. In western Rift Valley counties, the landscape includes cold, snow-capped mountaintops with surrounding forests, wildlife, and fertile agricultural regions in temperate climates. In other areas there are dry, arid, and semi-arid climates, as well as absolute deserts.","O país tem um clima quente e úmido ao longo de sua costa no Oceano Índico, com fauna rica em savana e gramados do interior para a capital. Nairóbi tem um clima frio que vai decrescendo ao ir se aproximando do Monte Quênia, que tem três picos permanentemente cobertos de neve. Mais para o interior, há um clima quente e úmido em torno do Lago Vitória, e áreas florestais e montanhosas de clima temperado na região oeste. As regiões do nordeste ao longo da fronteira com a Somália e Etiópia são regiões áridas e semiáridas com paisagens quase desérticas. O Lago Vitória, o segundo maior lago de água doce do mundo e maior lago tropical do mundo, situa-se a sudoeste do país e é compartilhado com a Uganda e Tanzânia. O Quênia é famoso por seus safáris e diversas reservas de vida selvagem e parques nacionais, como o Parque Nacional de Tsavo-Oeste, o Masai Mara, o Lago Nakuru e o Parque Nacional Aberdares. Existem vários sítios de patrimônio mundial como Lamu, e praias de renome mundial, tais como Kilifi, onde são realizadas competições de iatismo internacional a cada ano.","Le Kenya ou Kénya, en forme longue la république du Kenya ou république du Kénya, est un pays d’Afrique de l'Est, limitrophe du Soudan du Sud au nord-ouest, de l’Éthiopie au nord, de la Somalie à l’est, de l’Ouganda à l’ouest et de la Tanzanie au sud-sud-ouest. Il est baigné par l’océan Indien au sud-est. La capitale et la plus grande ville du pays est Nairobi.","Il Kenya, ufficialmente Repubblica del Kenya, è uno Stato dell'Africa orientale, confinante a nord con Etiopia e Sudan del Sud, a sud con la Tanzania, a ovest con l'Uganda, a nord-est con la Somalia ed è bagnato a est dall'oceano Indiano. Nairobi ne è la capitale e la città più grande.","El país tiene cuarenta y siete condados, cada uno de ellos con un Gobierno semiautónomo respecto al Gobierno central de Nairobi. Geográficamente, Kenia se divide en varias áreas con una demografía muy variable, existiendo zonas de sabanas, áridas y semiáridas, además de una gran costa con el océano Índico. Las regiones centrales y el occidente tienen bosques y montañas, mientras que las regiones del norte son más áridas. Como parte del Este de África, Kenia ha estado habitada por el ser humano desde el Paleolítico Inferior. La expansión bantú alcanzó el área en el primer milenio antes de nuestra era, y los límites del Estado moderno comprenden los pasos de las áreas lingüísticas y culturales del Nilo-Sahariana, la afroasiática y la bantú, por lo que Kenia ha sido un país multiétnico desde sus orígenes. La presencia europea y árabe en Mombasa se remonta a los principios de la Edad Moderna, pero la exploración del interior comenzó en el. El Imperio británico estableció el Protectorado del Este de África en 1895, conocido como la Colonia de Kenia desde 1920. La república independiente de Kenia se estableció en 1963.","Nairobi","Nairobi","54227015","580367","82","Unitary|presidential republic","Swahili|English","Kenyan","140.87","0.628","Kenyan shilling","+3","+254",".ke"
"KG","Kyrgyzstan","Quirguistão","Kirghizistan","Kirghizistan","Kirguistán","https://en.wikipedia.org/wiki/Special:FilePath/Flag_of_Kyrgyzstan.svg?width=250","Kyrgyzstan, officially the Kyrgyz Republic, formerly known as Kirghizia, is a landlocked country in the eastern regions of Central Asia, lying in the Tian Shan and Pamir mountain ranges. It is bordered by Kazakhstan to the north, Uzbekistan to the west, Tajikistan to the south, and China to the east and southeast. Kyrgyzstan's capital and largest city is Bishkek which lies on the northern border with Kazakhstan. Ethnic Kyrgyz make up the majority of the country's over 7.4 million people, followed by significant minorities of Uzbeks and Russians.","A história do Quirguistão remonta há mais de 2000 anos, abrangendo uma variedade de culturas e impérios. Apesar de geograficamente isolado por causa do seu terreno montanhoso — o que tem ajudado a preservar sua cultura milenar — o Quirguistão tem sido colocado historicamente na encruzilhada de várias grandes civilizações, ou seja, como parte da Rota da Seda e outras rotas comerciais e culturais. Embora longamente habitado por uma sucessão de tribos e clãs independentes, o Quirguistão caiu periodicamente sob a dominação estrangeira, devido à sua localização estratégica, atingindo sua autonomia como um Estado soberano somente após a dissolução da União Soviética, em 1991.","Le Kirghizistan, Kirghizstan ou la Kirghizie, en forme longue la République kirghize), est un pays enclavé d'Asie centrale, situé dans les chaînes de montagnes du Tian Shan et du Pamir. Bichkek est la capitale et la plus grande ville du pays. Le pays est bordé par le Kazakhstan au nord, l'Ouzbékistan à l'ouest, le Tadjikistan au sud et la Chine à l'est et au sud-est. Les Kirghizes ethniques constituent la majorité des 7 millions d'habitants du pays, suivis par d'importantes minorités d'Ouzbeks et de Russes. Les langues officielles sont le kirghize et le russe.","Il Kirghizistan o Kirghisistan, anche Chirghisia, ufficialmente Repubblica Kirghisa, è uno Stato dell'Asia centrale, in gran parte montuoso, dominato dalla catena del Tian Shan. Confina a nord con il Kazakistan, a ovest con l'Uzbekistan, a sud-ovest con il Tagikistan e a est con la Cina. La sua superficie è di circa e ospita una popolazione di circa 7 milioni di persone. La capitale e città più importante è Biškek, chiamata Frunze durante il periodo sovietico.","Kirguistán o Kirguizistán, oficialmente República Kirguisa,es un país montañoso, sin litoral, ubicado en Asia Central. Comparte fronteras con Kazajistán al norte, con China al este, con Tayikistán al sur y Uzbekistán al oeste. Su capital y ciudad más poblada es Biskek.","Bishkek","Bishkek","7400000","200105","37","Unitary|presidential republic","Kyrgyz|Russian","Kyrgyz|•|Kyrgyzstani","22587.20252025111","0.72","Kyrgyzstani som","+6","+996",".kg"
"KH","Cambodia","Camboja","Cambodge","Cambogia","Camboya","https://en.wikipedia.org/wiki/Special:FilePath/Flag_of_Cambodia.svg?width=250","Cambodia, officially the Kingdom of Cambodia, is a country in Mainland Southeast Asia. It is bordered by Thailand to the northwest, Laos to the north, and Vietnam to the east, and has a coastline along the Gulf of Thailand in the southwest. It spans an area of about 181035, dominated by a low-lying plain and the confluence of the Mekong river and Tonlé Sap, Southeast Asia's largest lake. It is dominated by a tropical climate. Cambodia has a population of about 17 million people,","Camboja ou Cambodja, oficialmente Reino do Camboja, é um Estado soberano localizado na porção sul da península da Indochina, no Sudeste Asiático. Sua área territorial é de, fazendo deste o 88.º maior do mundo em área. Faz fronteira com a Tailândia a noroeste, com o Laos a nordeste, com o Vietnã a leste e com o Golfo da Tailândia na porção sudoeste.","Le Cambodge, ou en forme longue le royaume du Cambodge, aussi appelé Srok Khmer, ស្រុកខ្មែរ, littéralement « le pays khmer », est un pays d'Asie du Sud-Est, peuplé d’environ d'habitants. Sa capitale est Phnom Penh.","La Cambogia, ufficialmente Regno di Cambogia, è uno Stato del sud-est asiatico. Confina a nord con Thailandia e Laos, a est e a sud con il Vietnam, a sud anche con il golfo del Siam, a ovest ancora con golfo del Siam e Thailandia. La Cambogia è una monarchia costituzionale, l'attuale capo di Stato è il re Norodom Sihamoni e il capo del governo è Hun Manet. La capitale è Phnom Penh.","La religión oficial del país es el budismo, que practica el 95 % de los camboyanos. Asimismo, en el país viven grupos minoritarios de vietnamitas, chinos, cham y hasta una treintena de tribus. Su capital y mayor ciudad es Nom Pen, centro cultural, político y económico de la nación. El reino es una monarquía constitucional cuyo jefe de Estado es Norodom Sihamoní, monarca elegido por el Consejo Real del Trono. El primer ministro de Camboya es Hun Manet desde 2023.","Phnom Penh","Phnom Penh","17638801","181035","94.4","Unitary parliamentary constitutional|elective monarchy|under a|hereditary dictatorship","Khmer","Cambodian","52.3791","0.606","Riel|(៛) (|USD|; de jure and de facto)|United States dollar|($) (|; de facto)","+07:00","+855",".kh"
"KI","Kiribati","Quiribáti","Kiribati","Kiribati","Kiribati","https://en.wikipedia.org/wiki/Special:FilePath/Flag_of_Kiribati.svg?width=250","Kiribati,","Quiribáti, Quiribati ou Kiribati, oficialmente República de Quiribáti, é um país insular na sub-região da Micronésia, na Oceania. O estado compreende 33 ilhas, com atóis e recifes espalhados por uma vasta área ao centro do oceano Pacífico, abrangendo da Micronésia à Polinésia. É o único país do mundo com territórios nos quatro hemisférios da Terra. Apesar disso, seu território terrestre total, somado, coloca-o entre os menores países do mundo. É o primeiro país do mundo a mudar de ano, na ilha de Quiritimati, devido ao fuso horário, de modo que a República de Quiribáti é o país mais adiantado em questão de horário.","Les Kiribati, en forme longue la république de Kiribati ou la république des Kiribati, anciennement connues sous le nom des îles Gilbert, sont un État archipélagique en Océanie, composé de trois archipels de l'océan Pacifique : les îles Gilbert proprement dites, les îles Phœnix et la majeure partie des îles de la Ligne ainsi que de Banaba.","Le Kiribati, ufficialmente Repubblica delle Kiribati, sono uno Stato insulare dell'Oceania di circa 135.000 abitanti.","Kiribati, oficialmente la República de Kiribati, es un archipiélago y país insular ubicado en la zona central oeste del océano Pacífico, al noreste de Australia. Su capital y ciudad más poblada es Tarawa Sur.","Tarawa","Tarawa","138000","811.19","149.64","Unitary|parliamentary republic with an executive president","English|Gilbertese","I-Kiribati","248","0.644","Australian dollar","+12|+13|+14","+686",".ki"
"KM","Comoros","Comores","Comores (pays)","Comore","Comoras","https://en.wikipedia.org/wiki/Special:FilePath/Flag_of_the_Comoros.svg?width=250","The Comoros, officially the Union of the Comoros, is an archipelagic country made up of three islands in Southeast Africa, located at the northern end of the Mozambique Channel in the Indian Ocean. Its capital and largest city is Moroni. The predominant religion of the population—and the official state religion—is Islam. Comoros proclaimed its independence from France on 6 July 1975. The country has three official languages: Comorian, French and Arabic. The Comoros is the only country of the Arab League which is entirely in the Southern Hemisphere. It is also a member state of the African Union, the Organisation internationale de la Francophonie, the Organisation of Islamic Co-operation, and the Indian Ocean Commission.","As Comores são o quarto menor país africano em área territorial. A população é estimada em. Embora se especule que o nome ""Comores"" se origine de povos árabes que teriam primeiro chegado às ilhas, o nome na verdade é oriundo da polinésia antiga, dos povos da Melanésia que se estabeleceram nas ilhas. O nome ""Comores"" foi tomado da antiga palavra polinésia ""Chammoras"", significando um de seus outros assentamentos. Esses habitantes tinham sua própria língua, que foi parcialmente influenciada pelos árabes que chegaram posteriormente. A União das Comores tem três línguas oficiais: comoriano, árabe e francês. Como uma nação formado em uma encruzilhada de diferentes civilizações, o arquipélago é conhecido por sua cultura e história diversificada. O arquipélago foi primeiramente habitado por falantes de língua bantu que vieram da África oriental, seguidos por imigrantes árabes e austronésios.","Les Comores, en forme longue l'union des Comores, sont un État indépendant d'Afrique australe composé de trois îles situées dans le nord du canal du Mozambique, un espace maritime de l'océan Indien.","Lo Stato è composto da tre isole vulcaniche: Grande Comore, Mohéli e Anjouan, mentre la vicina isola di Mayotte è reclamata dalle Comore, ma ha rifiutato in diversi referendum l'indipendenza dalla Francia. Lo Stato fu denominato dal 1975 al 1978 Stato delle Comore e dal 1978 fino al 2000 Repubblica Federale Islamica delle Comore.","El país consta de tres islas volcánicas: Gran Comora, Mohéli y Anjouan, mientras que la vecina isla de Mayotte, reclamada por Comoras, votó en contra de la independencia de Francia en un referéndum celebrado en 1974, y sigue siendo administrada por Francia como departamento de ultramar. Mayotte se convirtió en departamento de ultramar y región de Francia en 2011 tras un referéndum que fue aprobado por abrumadora mayoría.","Moroni","Moroni","944388","2235","457","Federal|presidential republic","Comorian|French|Arabic","Comorian|Comorese","1.3642","0.603","Comorian franc","+3","+269",".km"
"KP","North Korea","Coreia do Norte","Corée du Nord","Corea del Nord","Corea del Norte","https://en.wikipedia.org/wiki/Special:FilePath/Flag_of_North_Korea_(20-33).svg?width=250","North Korea, officially the Democratic People's Republic of Korea, is a country in East Asia. It constitutes the northern half of the Korean Peninsula and borders China and Russia to the north at the Yalu and Tumen rivers, and South Korea to the south at the Korean Demilitarized Zone. The country's western border is formed by the Yellow Sea, while its eastern border is defined by the Sea of Japan. Pyongyang is the capital and largest city.","Em 1910, a Coreia foi anexada pelo Império do Japão. Em 1945, após a rendição japonesa no final da Segunda Guerra Mundial, a Coreia foi dividida em duas zonas, com o norte ocupado pela União Soviética e o sul ocupado pelos Estados Unidos. Negociações sobre a reunificação fracassaram e, em 1948 foram formados governos independentes na República Popular Democrática da Coreia, no norte, e na República da Coreia, no sul. Uma invasão iniciada pelo Norte desencadeou a Guerra da Coreia. O Acordo de Armistício Coreano conduziu a um cessar-fogo, mas nenhum tratado de paz jamais foi assinado.","La Corée du Nord, officiellement la république populaire démocratique de Corée, est un État qui couvre la partie nord de la péninsule coréenne située en Asie de l'Est. Comptant d'habitants en 2021, soit la moitié de son voisin du Sud, sa capitale est Pyongyang.","La Corea del Nord si estende per km² ed è abitata da 25,6 milioni di persone. Occupa la metà settentrionale della penisola coreana, confinando a nord con la Cina e per un breve tratto con la Russia, mentre a sud la Zona demilitarizzata coreana la separa dalla Corea del Sud. A ovest è bagnata dal Mar Giallo e a est dal Mar del Giappone.","La República Popular Democrática de Corea, comúnmente Corea del Norte, es un país soberano de Asia Oriental, situado en la parte norte de la península de Corea. Limita al norte con China, al noreste con Rusia y al sur con Corea del Sur, con la que formó un solo país hasta el año 1945. Su capital es la ciudad de Pionyang.","Pyongyang","Pyongyang","25950000","120538","220","Unitary|communist state","Korean|(|Munhwaŏ|)","North Korean|Korean","32.0362024","","Korean People's won","+09:00","+850",".kp"
"KR","South Korea","Coreia do Sul","Corée du Sud","Corea del Sud","Corea del Sur","https://en.wikipedia.org/wiki/Special:FilePath/Flag_of_South_Korea.svg?width=250","South Korea, officially the Republic of Korea, is a country in East Asia. It constitutes the southern half of the Korean Peninsula and borders North Korea along the Korean Demilitarized Zone, with the Yellow Sea to the west and the Sea of Japan to the east. South Korea claims to be the sole legitimate government of the entire peninsula and adjacent islands. It has a population of about 52 million, of which half live in the Seoul metropolitan area, the ninth most populous metropolitan area in the world, with other major cities being Busan, Daegu, and Incheon.","Coreia do Sul, oficialmente República da Coreia, também conhecida somente como Coreia é um país do Leste Asiático, localizado na parte sul da Península da Coreia. Sua única fronteira terrestre é com a Coreia do Norte, com a qual formou apenas um país até 1945. Faz fronteira a leste com o Mar do Japão, a sul com o Estreito da Coreia, que o separa do Japão, e a oeste com o Mar Amarelo. Seu território compreende a metade sul da península coreana, englobando cerca de três mil ilhas que a rodeiam, dentre as quais se destacam Jeju, Ulleungdo e os Rochedos de Liancourt. A capital e maior cidade do país é Seul, cuja área metropolitana é a segunda mais populosa do mundo.","La Corée du Sud, officiellement la république de Corée, est un État souverain d'Asie de l'Est. Il couvre la moitié sud de la péninsule coréenne et borde la Corée du Nord le long de la zone coréenne démilitarisée. Sa frontière occidentale est bordée par la mer Jaune, sa frontière orientale par la mer du Japon et sa frontière méridionale par le détroit de Corée. La république de Corée estime être le seul État légitime de toute la Corée et des îles adjacentes. Elle compte 52,2 millions d'habitants, dont environ la moitié vit dans la région de la capitale Séoul, qui constitue la quatrième aire métropolitaine la plus peuplée au monde. Les autres grandes villes comprennent Incheon, Pusan et Daegu.","Scavi archeologici hanno dimostrato che la Corea è stata abitata sin dal paleolitico inferiore, tuttavia la storia della Corea inizia nel 2333 a.C. con la fondazione di Gojoseon da parte di Dan-gun. Dopo l'unificazione dei tre regni di Corea sotto il regno di Silla nel 668 d.C., si succedettero le dinastie Goryeo e Joseon fino all'invasione giapponese della Corea nel 1910. Dopo l'occupazione sovietica e statunitense del Paese conseguente alla seconda guerra mondiale, la Corea venne divisa in Corea del Nord e Corea del Sud. Il 20 giugno 1950 la Corea del Nord, appoggiata dalla Repubblica Popolare Cinese e dall'Unione Sovietica, invase quella del Sud, causando la cosiddetta guerra di Corea, un conflitto bellico con due milioni di vittime, interrotto di fatto nel 1953 con l'accordo di armistizio coreano, anche se non vi è stato alcun trattato di pace tra le ""due Coree"", ciò significa che il conflitto è legalmente ancora in corso. Verso metà degli anni '90, il paese intraprese un graduale processo di democratizzazione e ad oggi la Corea del Sud è considerata fra le maggiori democrazie in Asia.","La República de Corea, comúnmente Corea del Sur, es un país soberano de Asia Oriental, ubicado en la parte sur de la península de Corea. Limita al norte con Corea del Norte, con la cual integró un solo país hasta 1945. Al este está ubicado el mar del Japón, al sur el estrecho de Corea, que lo separa de Japón, y al oeste el mar Amarillo. Su territorio comprende la mitad sur de la península de Corea, englobando unas tres mil islas que la rodean, entre las cuales se destacan Jeju, Ulleungdo y Dokdo.","Seoul","Seoul","51106229","100472","509","Unitary|presidential republic","Korean|Korean Sign Language","South Korean|Korean","1.931","0.937","Korean Republic won","+9","+82",".kr|.한국"
"KW","Kuwait","Kuwait","Koweït","Kuwait","Kuwait","https://en.wikipedia.org/wiki/Special:FilePath/Flag_of_Kuwait.svg?width=250","Kuwait, officially the State of Kuwait, is a country in West Asia. With a coastline of approximately, it is situated at the head of the Persian Gulf in the northeastern edge of the Arabian Peninsula, bordering Iraq to the north and Saudi Arabia to the south. Kuwait is geographically the closest Gulf country to mainland Iran. The country is a small city-state; most of the population reside in the urban agglomeration of Kuwait City, the capital and largest city., Kuwait has a population of 4.82 million, of which 1.53 million are Kuwaiti citizens while the remaining 3.29 million are foreign nationals from over 100 countries. In 2024, Kuwait had the world's seventh largest number of foreign nationals as a percentage of the population, where its citizens make up fewer than 30% of the overall population.","Historicamente, a região era conhecida como Caracena, um grande porto parta para o comércio entre a Índia e a Mesopotâmia. A tribo foram os primeiros colonos árabes permanentes na região e estabeleceram as bases modernas do emirado. No, o Kuwait estava sob a influência do Império Otomano e depois da Primeira Guerra Mundial, ele emergiu como um xecado independente sob a proteção do Império Britânico. Grandes campos de petróleo no Kuwait foram descobertos na década de 1930.","Le Koweït, en forme longue l, est un pays d'Asie occidentale et du Moyen-Orient. Situé au nord-est de la péninsule arabique, aux abords du golfe Persique, il partage ses frontières avec l'Arabie saoudite et l'Irak.","Il Kuwait, ufficialmente Stato del Kuwait, è un paese arabo del Medio Oriente affacciato sul golfo Persico; confina con l'Arabia Saudita a sud e con l'Iraq a nord. Rappresenta uno degli Stati più ricchi al mondo, forte della sua industria petrolifera.","Kuwait, cuyo nombre oficial es Estado de Kuwait, es un país árabe situado en Asia Occidental, en el extremo noreste de la península arábiga y en la punta norte del golfo Pérsico, donde comparte fronteras con Irak por el norte y con Arabia Saudita por el sur. Su nombre es un diminutivo en árabe de la palabra كوت kūt, que significa «fortaleza». El país tiene de superficie y en 2024 tenía una población de 4,93 millones de habitantes.","Kuwait City","Kuwait City","5118445","17818","200.2","Unitary|semi-constitutional monarchy","Arabic","Kuwaiti","153100.20252025","0.852","Kuwaiti dinar","+3","+965",".kw"
"KZ","Kazakhstan","Cazaquistão","Kazakhstan","Kazakistan","Kazajistán","https://en.wikipedia.org/wiki/Special:FilePath/Flag_of_Kazakhstan.svg?width=250","Kazakhstan, officially the Republic of Kazakhstan, is a landlocked country situated primarily in Central Asia, with a portion of its territory extending into Eastern Europe. It borders Russia to the north and west, China to the east, Kyrgyzstan to the southeast, Uzbekistan to the south, and Turkmenistan to the southwest, and it has a coastline along the Caspian Sea. The capital is Astana and the country's largest city and principal cultural and economic center is Almaty, which served as the capital until 1997.","O território do Cazaquistão tem sido historicamente habitado por tribos nômades, esse cenário mudou no, quando Gengis Khan ocupou o país. Na sequência, aconteceram lutas internas entre os conquistadores, o poder eventualmente voltou para os nômades. Por volta do, os cazaques surgiram como um grupo étnico distinto, dividido em três jüz. Os russos começaram a avançar para as estepes cazaques no e, em meados do, todo território nacional fazia parte do Império Russo. Após a Revolução Russa de 1917 e a subsequente guerra civil, o Cazaquistão foi reorganizado diversas vezes antes de tornar-se a República Socialista Soviética Cazaque em 1936, parte integrante da União Soviética.","Le Kazakhstan, en forme longue la république du Kazakhstan, est un pays d'Asie centrale dont l'extrèmité occidentale se situe en Europe. Il est bordé par la Russie au nord et à l'ouest, la Chine à l'est, le Kirghizistan au sud-est, l'Ouzbékistan au sud et le Turkménistan au sud-ouest, avec un littoral le long de la mer Caspienne. Sa capitale est Astana, tandis que sa plus grande ville et son principal pôle culturel et commercial est Almaty.","Il Kazakistan, ufficialmente Repubblica del Kazakistan, è uno Stato transcontinentale a cavallo tra Asia ed Europa; i territori geograficamente asiatici costituiscono la maggior parte del paese. La sua capitale è Astana e la sua città più popolosa è Almaty.","Kazajistán oficialmente República de Kazajstán, es un país transcontinental, con la mayor parte de su territorio situado en Asia Central y una menor parte su territorio al oeste del río Ural, en Europa Oriental. Con una superficie de, es el noveno país más grande del mundo, así como el Estado sin litoral marítimo más extenso del mundo. Kazajistán es uno de los seis Estados túrquicos independientes junto a Azerbaiyán, Turquía, Kirguistán, Turkmenistán y Uzbekistán; comparte fronteras con los tres últimos y con Rusia y China, a la vez que posee costas en el mar Caspio y el mar de Aral. La capital fue trasladada en 1997 de Almaty, la ciudad más poblada del país, a Astaná. Kazajistán pertenece a la región natural denominada Asia Central, formada además, junto con Tayikistán, por tres de los países ya citados, Kirguistán, Uzbekistán y Turkmenistán.","Astana","Almaty","20547909","2724910","7.44","Semi-presidential republic|under an|authoritarian|government","Kazakh|Russian","","360.456","0.837","Tenge","+5","+7",".kz|.қаз"
"LA","Laos","Laos","Laos","Laos","Laos","https://en.wikipedia.org/wiki/Special:FilePath/Flag_of_Laos.svg?width=250","Laos, officially the Lao People's Democratic Republic, is a country in Mainland Southeast Asia, and the only landlocked country in Southeast Asia. It is bordered by Myanmar and China to the northwest, Vietnam to the east, Cambodia to the southeast, and Thailand to the west and southwest. Laos has a population of more than 7.5 million, and its capital and most populous city is Vientiane. It has three UNESCO World Heritage Sites: the town of Luang Prabang, the temple complex of Vat Phou, and the Plain of Jars. The 2021 completion of the Boten–Vientiane railway, Laotian section of the Laos–China Railway, connects Vientiane to Kunming. Laos participates in the Greater Mekong Subregion economic cooperation programme and is a member of ASEAN, the Asia-Pacific Trade Agreement, East Asia Summit, La Francophonie, and the World Trade Organization.","A história do Laos é traçada desde o reino de Lan Xang, que existiu do século XIV ao XVIII, quando era dividida em três reinos separados. Em 1893, formou-se um protetorado francês na região, constituído pelos reinos de Luang Phrabang, Vientiane e Champasak, unindo-se para formar o que hoje é conhecido como Laos. Ele rapidamente ganhou a independência em 1945, após a ocupação japonesa, mas retornou ao domínio francês até que foi concedida sua autonomia em 1949. Laos se tornou independente de facto em 1953, com uma monarquia constitucional governada por Sisavang Vong. Logo após a independência, uma longa guerra civil no país culminou com o fim da monarquia, quando o movimento comunista Pathet Lao chegou ao poder em 1975.","Le Laos, en forme longue la République démocratique populaire lao, également sous la forme est un pays sans accès à la mer d'Asie du Sud-est, entouré par la Birmanie et la Chine au nord-ouest, la Thaïlande à l'ouest, le Cambodge au sud et le Viêt Nam à l'est. La capitale est Vientiane qui est aussi la ville la plus peuplée du pays, la langue officielle le lao, la monnaie officielle le kip.","Il Laos, ufficialmente Repubblica Popolare Democratica del Laos, è uno Stato del sud-est asiatico che non ha sbocco sul mare. Confina a nord con la Cina, a est con il Vietnam, a sud con la Cambogia, a ovest con la Thailandia e a nord-ovest con la Birmania, da cui è diviso dal fiume Mekong.","El territorio actual de Laos perteneció al reino de Lan Xang entre los siglos y. Después de un período de conflicto interno, Lan Xang se dividió en tres reinos, Luang Prabang, Vientián y Champasak. En 1893, quedaron bajo un protectorado francés y se unieron para formar el actual Laos. El país se independizó brevemente en 1945 después de la ocupación japonesa, pero fue recolonizado por Francia hasta su independencia en 1953, con una monarquía constitucional encabezada por Sisavang Vong. Entre 1954 y 1975 el país atravesó una guerra civil, que vio a grupos comunistas apoyados por la Unión Soviética luchar contra la monarquía, que posteriormente cayó bajo la influencia de regímenes militares apoyados por Estados Unidos. La guerra culminó con el ascenso al poder de los comunistas del Pathet Lao. Actualmente, el país es una república socialista de partido único que defiende el marxismo-leninismo, aunque se han aprobado reformas orientadas a los mercados desde mediados de los años 1980.","Vientiane","Vientiane","7545800","236800","31.87","Unitary|communist state","Lao","Laotian","16.32","0.617","Kip","+7","+856",".la"
"LB","Lebanon","Líbano","Liban","Libano","Líbano","https://en.wikipedia.org/wiki/Special:FilePath/Flag_of_Lebanon.svg?width=250","Lebanon, officially the Lebanese Republic, is a country in the Levant region of West Asia. Situated at the crossroads of the Mediterranean Basin and the Arabian Peninsula, it is bordered by Syria to the north and east, Israel to the south, and the Mediterranean Sea to the west; Cyprus lies a short distance from the coastline. Lebanon has a population of more than five million and an area of 10452. Beirut is the country's capital and largest city.","Os primeiros indícios de civilização no Líbano remontam há mais de 7000 anos de história registrada. O Líbano foi o local de origem dos fenícios, uma cultura marítima que floresceu durante quase 2500 anos. Quando do colapso do Império Otomano após a Primeira Guerra Mundial, as cinco províncias que compõem o Líbano moderno ficaram sob mandato da França. O Líbano estabeleceu um sistema político único em 1942, conhecido como confessionalismo, um mecanismo de partilha de poder com base em comunidades religiosas. Foi criado quando os franceses expandiram as fronteiras do monte Líbano, que era majoritariamente habitado por católicos maronitas e drusos, para incluir mais muçulmanos. O país ganhou a independência em 1943, e as tropas francesas se retiraram em 1946.","Le Liban, en forme longue la République libanaise. Beyrouth est la capitale et la plus grande ville du pays. Il est l’un des six États fondateurs de la ligue arabe.","Il Libano, ufficialmente Repubblica del Libano, è uno Stato del Vicino Oriente affacciato sul Mar Mediterraneo. Il Libano confina a nord e a est con la Siria e a sud con Israele, a ovest si affaccia sul Mar Mediterraneo. Il territorio del paese è prevalentemente montuoso ed è dominato in particolare dal monte Libano; il clima è prevalentemente di tipo mediterraneo.","El Líbano, oficialmente la República Libanesa, es un país árabe de Asia Occidental, localizado en el Levante mediterráneo. Limita al sur con Israel, al norte y al este con Siria, y al oeste con el mar Mediterráneo. El país se ubica entre la península arábiga y la cuenca del Mediterráneo. Su capital y ciudad más poblada es Beirut.","Beirut","Beirut","5364482","10452","513","Unitary parliamentary republic|under|confessionalism","Arabic","Lebanese","21.78","0.752","Lebanese pound","+2","+961",".lb|.لبنان"
"LC","Saint Lucia","Santa Lúcia","Sainte-Lucie","Saint Lucia","Santa Lucía","https://en.wikipedia.org/wiki/Special:FilePath/Flag_of_Saint_Lucia.svg?width=250","Saint Lucia is an island country in the eastern and southern Caribbean. The nation's capital and largest city is Castries.","Santa Lúcia é um país insular das Pequenas Antilhas, no Caribe, próximo à Martinica, São Vicente e Granadinas e Barbados. Seu nome foi dado por Cristóvão Colombo, que ali esteve, em 1502.","Sainte-Lucie est un État insulaire des Antilles.","Saint Lucia o Santa Lucia è uno stato insulare del Commonwealth in America centrale, tra il Mar dei Caraibi orientale e l'oceano Atlantico; si trova nelle Piccole Antille, a nord di Saint Vincent e Grenadine e a sud della Martinica.","Santa Lucía es un país insular de América, ubicado en el mar Caribe, al norte de San Vicente y las Granadinas y al sur de la isla de la Martinica. Cubre una superficie terrestre de 617 km² con una población estimada de 183 629 habitantes en el año 2020. La capital y ciudad más grande de la nación es Castries, donde vive más de un tercio de la población total. Santa Lucía es una de las islas de Barlovento, el nombre proviene de Santa Lucía de Siracusa.","Castries","Castries","184100","617","298","Unitary parliamentary|constitutional monarchy","English","Saint Lucian","2.715","0.748","East Caribbean dollar","−4","+1",".lc"
"LK","Sri Lanka","Sri Lanka","Sri Lanka","Sri Lanka","Sri Lanka","https://en.wikipedia.org/wiki/Special:FilePath/Flag_of_Sri_Lanka.svg?width=250","Sri Lanka, officially the Democratic Socialist Republic of Sri Lanka, formerly known as Ceylon, is an island country in South Asia. It is located in the Indian Ocean, southwest of the Bay of Bengal, and is separated from India by the Gulf of Mannar and the Palk Strait. Sri Lanka shares a maritime border with the Maldives to the southwest and India to the northwest, and lies across the Bay of Bengal from Bangladesh and Myanmar to the northeast and the Andaman and Nicobar Islands of India to the east. Its executive and judicial capital is Colombo, which is also its largest city and the political, financial and cultural centre of the country; neighboring Sri Jayawardenepura Kotte is the legislative capital. Sri Lanka's population is 22 million. About 74% of the population are Sinhalese, who speak the Sinhala language, and about 15% are Tamils who speak the Tamil language. Other long-established ethnic groups include the Moors, Indian Tamils, Burghers, Malays, Chinese, and Vedda.","O Sri Lanka, Sri Lanca ou Seri Lanca, oficialmente República Socialista Democrática do Sri Lanka; conhecido pela forma portuguesa equivalente Ceilão, adotada pelo país até 1972; era chamado de Taprobana na Antiguidade e na Idade Média, é um país insular asiático, localizado ao largo da extremidade sul do subcontinente indiano. Tem costas para a baía de Bengala a leste, oceano Índico a sul e a oeste, e o estreito de Palk a noroeste, que o separa da Índia. A sua capital é Seri Jaiavardenapura-Cota, subúrbio da antiga capital Colombo, desde a inauguração do novo edifício do parlamento, em 1982.","Le Sri Lanka, en forme longue la république socialiste démocratique de Sri Lanka, est un État insulaire de du sous-continent indien, situé au sud-est de l'Inde et à l'est des Maldives, et peuplé d'environ vingt-deux millions d'habitants.","Il nome attuale deriva dalla parola sanscrita laṃkā, che significa ""isola risplendente"", termine già usato negli antichi racconti epici indiani Mahābhārata e Rāmāyaṇa.","La isla se conocía en la Antigüedad como «Lanka», «Lankadvīpa», «Simoundou», «Taprobane», «Serendib» y «Selan», llegando a ser denominada popularmente como la «isla de los mil nombres». Durante su colonización, tomó el nombre de Ceilán, que se siguió utilizando posteriormente. Su particular forma y su cercanía a la India hicieron que se la llamase «la lágrima de la India».","Sri Jayawardenepura Kotte|Colombo","Colombo","21756000","67240","337.7","Unitary|semi-presidential republic","Sinhala|Tamil","Sri Lankan","108.8","0.776","Rs|(|)","+5:30","+94",".lk|.ලංකා|.இலங்கை"
"LR","Liberia","Libéria","Liberia","Liberia","Liberia","https://en.wikipedia.org/wiki/Special:FilePath/Flag_of_Liberia.svg?width=250","Liberia, officially the Republic of Liberia, is a country on the West African coast. It is bordered by Sierra Leone to its northwest, Guinea to its north, Ivory Coast to its east, and the Atlantic Ocean to its south and southwest. It has a population of around 5.5 million and covers an area of. The official language is English, though over 20 indigenous languages are spoken, reflecting the country's ethnic and cultural diversity. The capital and largest city is Monrovia.","A Libéria, oficialmente República da Libéria, é uma república presidencialista localizada na África Ocidental. Faz fronteira ao norte com a Serra Leoa e Guiné, a leste com a Costa do Marfim e a sul e oeste com o Oceano Atlântico. Segundo o censo de 2008, a população do país é de habitantes, divididos em uma área de km. A cidade de Monróvia é sua capital. A Libéria possui um clima quente equatorial, com chuvas intensas na estação chuvosa e ventos na estação seca. A vegetação é composta, na maior parte, por florestas de mangue, enquanto o interior é escassamente povoado de florestas, com predominância de pastagens secas.","Le Liberia ou Libéria, en forme longue la république du Liberia ou république du Libéria, est un pays d'Afrique de l'Ouest bordé au sud-sud-est et à l'ouest-sud-ouest par l'océan Atlantique, au nord-ouest par la Sierra Leone, au nord par la Guinée et à l’est par la Côte d'Ivoire. La population de la république du Libéria est de 5 819 593 en 2026.","La Liberia, ufficialmente Repubblica di Liberia, è uno Stato dell'Africa occidentale, confinante a nord con Sierra Leone e Guinea e a est con la Costa d'Avorio. Tra la fine del XX secolo e l'inizio del XXI, la Liberia è stata afflitta da due guerre civili che hanno reso profughi centinaia di migliaia di cittadini e ne hanno distrutto l'economia. La sua capitale è Monrovia.","Liberia, oficialmente la República de Liberia, es un país ubicado en la costa oeste de África y que limita con Sierra Leona al noroeste, Costa de Marfil al este y Guinea al norte. Por el sur y el oeste limita con el golfo de Guinea, parte del océano Atlántico, en el punto más cercano del continente africano con Sudamérica, de la cual dista unos 2840 km. Abarca 111 369 km² de superficie","Monrovia","Monrovia","5437249","111369.56999999999","92","Unitary|presidential republic","English","Liberian","5170.20252025","0.51","United States dollar|Liberian dollar","±00:00","+231",".lr"
"LS","Lesotho","Lesoto","Lesotho","Lesotho","Lesoto","https://en.wikipedia.org/wiki/Special:FilePath/Flag_of_Lesotho.svg?width=250","Lesotho, officially the Kingdom of Lesotho, is a landlocked country in Southern Africa. Surrounded by South Africa, it is the largest of the only three sovereign enclaves. Lesotho is located in the Maloti Mountains, with the highest peak in southern Africa. It has an area of over 30000, with a population of about 2.3 million. Its capital and largest city is Maseru.","No século XVI os sotos se estabeleciam na região do Transvaal, em decorrência de conflitos com os povos zulus.","Le Lesotho ou Lésotho, en forme longue le royaume du Lesotho ou royaume du Lésotho, est un État d'Afrique australe, montagneux et sans accès à la mer, entièrement enclavé dans le territoire de l'Afrique du Sud, dont il est économiquement dépendant. Son territoire est entièrement situé à plus de d'altitude, avec des hauts plateaux et des chaînes montagneuses pouvant dépasser. Sa capitale et seule grande ville est Maseru. Le Lesotho compte environ deux millions d'habitants. Les Sothos y sont majoritaires. La plupart sont chrétiens. Les deux langues officielles sont l'anglais et le sotho du Sud.","Lo stato del Lesotho, ufficialmente Regno del Lesotho, è uno Stato dell'Africa meridionale, uno dei tre regni dell'Africa. È una enclave all'interno del territorio della Repubblica del Sudafrica ed è pertanto uno Stato senza sbocco al mare; condivide il fatto di essere completamente circondato dal territorio di un altro Stato solo con la Città del Vaticano e la Repubblica di San Marino anche se, diversamente da questi, non è un microstato. Il Lesotho si estende per poco più di e ha una popolazione di circa 2 milioni di abitanti. La capitale, nonché maggiore città, è Maseru, la lingua ufficiale è il sotho del sud parlata anche nelle regioni circostanti al regno.","Lesoto oficialmente denominado Reino de Lesoto o Reino de Lesotho es un país sin salida al mar, del sur de África, geográfica y políticamente enclavado dentro de Sudáfrica. Popularmente a este país se le conoce como el ""Reino en el Cielo"" debido a que es el único Estado independiente del mundo que se encuentra totalmente por encima de los de altitud, según la Enciclopedia Británica. Lesoto tiene una superficie poco mayor a y una población de 2.1 millones de habitantes. Su capital y ciudad más grande es Maseru. El país también se conoce con el sobrenombre de El Reino de la Montaña.","Maseru","Maseru","2116427","30355","68.1","Unitary|parliamentary constitutional monarchy","Sesotho|English","Mosotho (singular)|Basotho (plural)","2.373","0.55","Lesotho loti|South African rand","+02:00","+266",".ls"
"LU","Luxembourg","Luxemburgo","Luxembourg","Lussemburgo","Luxemburgo","https://en.wikipedia.org/wiki/Special:FilePath/Flag_of_Luxembourg.svg?width=250","Luxembourg, officially the Grand Duchy of Luxembourg, is a landlocked country in Western Europe. It is bordered by Belgium to the west and north, Germany to the east, and France to the south and west. Its capital and most populous city, Luxembourg City, is one of the four institutional seats of the European Union and hosts several EU institutions, notably the Court of Justice of the European Union, the highest judicial authority in the EU.","Com uma área de km², Luxemburgo é um dos menores países da Europa, e o menor não considerado um microestado. Em 2022, tinha uma população de, o que o torna um dos países menos populosos da Europa, embora com a maior taxa de crescimento populacional; os estrangeiros representam quase metade da população. Luxemburgo é uma democracia representativa chefiada por um monarquia constitucional, o grão-duque Guilherme V, tornando-se o único grão-ducado soberano remanescente no mundo.","Le Luxembourg, en forme longue le Grand-Duché de Luxembourg ou grand-duché de Luxembourg, est un pays d'Europe de l'Ouest sans accès à la mer. Il est bordé par la Belgique à l'ouest et au nord, l'Allemagne à l'est, et la France au sud. Il comprend deux régions principales : l'Oesling au nord, qui est une partie du massif de l'Ardenne, et le Gutland au sud, prolongement de la Lorraine au sens géologique du terme. Le Luxembourg compte au, et s'étend sur, ce qui fait de lui l'une des plus petites nations souveraines d'Europe.","Il Lussemburgo è una monarchia costituzionale, l'unica al mondo ad essere retta da un Granduca.","Luxemburgo, denominado oficialmente Gran Ducado de Luxemburgo, es uno de los veintisiete estados soberanos que forman la Unión Europea. Se trata de un estado sin litoral, rodeado por Alemania, Bélgica y Francia. Luxemburgo cuenta con una población de habitantes sobre un área de 2586 km².","Luxembourg","Luxembourg","693916","2586.4","264","Unitary|parliamentary constitutional monarchy","Luxembourgish|Administrative languages:Luxembourgish|German|French","Luxembourgish","96.993","0.922","Euro|(|€|)","+1","+352",".lu"
"LY","Libya","Líbia","Libye","Libia","Libia","https://en.wikipedia.org/wiki/Special:FilePath/Flag_of_Libya.svg?width=250","Libya, officially the State of Libya,","A maior cidade e capital, Trípoli, é o lar de 1,7 milhão dos 6,4 milhões de habitantes da Líbia. Em 2012 o país tinha o segundo melhor índice de desenvolvimento humano da África e o quinto maior produto interno bruto per capita do continente, atrás da Guiné Equatorial, de Seicheles, do Gabão e do Botsuana. A Líbia tem as décimas maiores reservas comprovadas de petróleo do mundo e a 17.ª maior produção petrolífera.","La Libye, en forme longue lÉtat de Libye, est un État d'Afrique du Nord faisant partiellement partie du Maghreb. Elle est bordée au nord par la mer de Libye en mer Méditerranée, au nord-ouest par la Tunisie, à l'ouest par l'Algérie, au sud-ouest par le Niger, au sud-sud-est par le Tchad, au sud-est par le Soudan et à l'est par l'Égypte.","La Libia, ufficialmente Stato della Libia, è uno Stato del Nordafrica.","Libia, oficialmente el Estado de Libia, es un país soberano republicano del norte de África. Su capital es Trípoli. Limita con el mar Mediterráneo al norte, al oeste con Túnez y Argelia, al sur con Níger y Chad, al sureste con Sudán y al este con Egipto.","Tripoli","Tripoli","7361263","1759541","4.2","Unitary|republic under a|provisional government|(|GNU|)","Arabic","Libyan","47.48","0.721","Libyan dinar","+2","+218",".ly|ليبيا."
"MA","Morocco","Marrocos","Maroc","Marocco","Marruecos","https://en.wikipedia.org/wiki/Special:FilePath/Flag_of_Morocco.svg?width=250","Morocco, officially the Kingdom of Morocco, is a country in the Maghreb region of North Africa. It has coastlines on the Mediterranean Sea to the north and the Atlantic Ocean to the west, and has land borders with Algeria to the east; the Spanish exclaves of Ceuta, Melilla and Peñón de Vélez de la Gomera along the north, which it claims together with several small Spanish-controlled islands; and the disputed territory of Western Sahara to the south, partly occupied by Morocco since 1975. Morocco also claims to share a border with Mauritania through the disputed territory of Western Sahara. It has a population of approximately 37 million. Its capital is Rabat, while its largest city is Casablanca.","O Marrocos tem uma população de mais de 33,8 milhões de pessoas e uma área de km. Sua capital é Rabat, e a maior cidade é Casablanca. Sendo um poder regional historicamente proeminente, o Marrocos tem uma história da independência não compartilhada pelos seus vizinhos. Desde a fundação do primeiro Estado marroquino por Idris I em 788, o país foi governado por uma série de dinastias independentes, atingindo o seu zênite sob as dinastias almorávida e almóada, abrangendo partes da Península Ibérica e noroeste da África. As dinastias merínida e sádida continuaram a luta contra a dominação estrangeira e Marrocos continuou a ser o único país do norte da África a evitar a ocupação pelo Império Otomano. A dinastia alauita, reinante atualmente, tomou o poder em 1666. Em 1912, o Marrocos foi dividido em protetorados franceses e espanhóis, com uma zona internacional em Tânger, tendo recuperado a sua independência em 1956.","Le Maroc, en forme longue le royaume du Maroc, autrefois appelé Empire chérifien, est un pays régionalisé situé en Afrique du Nord. Le Maroc se compose de zones montagneuses ou désertiques, et il est un des seuls pays à comporter des rivages sur la mer Méditerranée d'un côté et l'océan Atlantique de l'autre. Sa capitale administrative et politique est Rabat et sa plus grande ville, ainsi que sa capitale économique, est Casablanca.","Abitato fin dalla preistoria da popolazioni berbere, il Paese conobbe diverse civiltà, tra le quali i Fenici, i Cartaginesi, i Romani, i Vandali e i Bizantini, ma l'impronta più forte venne lasciata dagli Arabi, giunti nel Medioevo e che diffusero l'islam. Varie dinastie islamiche, tra le quali gli Idrisidi, gli Almoravidi, gli Almohadi, i Merinidi, i Wattasidi, i Sa'diani e gli Alawidi, si susseguirono nei secoli. Il Marocco conobbe poi l'ingerenza di potenze occidentali, in particolare dei portoghesi, fino a essere reso protettorato di francesi e spagnoli. Il Paese riottenne l'indipendenza nel 1956.","Marruecos, oficialmente el Reino de Marruecos, antiguamente llamado Imperio jerifiano, es un país soberano situado en el Magreb. Está ubicado al norte de África limitando al norte con el mar Mediterráneo y las ciudades autónomas españolas de Ceuta y Melilla, al este con Argelia, al oeste con el océano Atlántico y al sur con el territorio no autónomo del Sahara Occidental, que ha ocupado desde 1975, del que administra un 80% y que denomina «provincias Meridionales». Marruecos también reclama los enclaves españoles de Ceuta, Melilla y el Peñón de Vélez de la Gomera, así como varias pequeñas islas frente a su costa, controladas por España. Tiene una población de aproximadamente 37 millones de habitantes. El islam es la religión oficial y predominante, mientras que el árabe y el bereber son los idiomas oficiales. Además, se hablan ampliamente el francés y el dialecto marroquí del árabe. La cultura de Marruecos es una mezcla de culturas árabe, bereber, africana y europea. Su capital es Rabat, mientras que su ciudad más grande es Casablanca.","Rabat","Casablanca","36828330","446550","79","Unitary parliamentary|semi-constitutional monarchy","Arabic|Tamazight","Moroccan","165.8402025","0.71","Moroccan dirham","+0","+212",".ma|.المغرب"
"MC","Monaco","Mónaco","Monaco","Principato di Monaco","Mónaco","https://en.wikipedia.org/wiki/Special:FilePath/Flag_of_Monaco.svg?width=250","Monaco, officially the Principality of Monaco, is a sovereign city-state and microstate in Western Europe. Situated on the French Riviera, it is a semi-enclave bordered by France to the north, east, and west, with the Mediterranean Sea to the south; the Italian region of Liguria is about east. With a population of 38,423 living in an area of, Monaco is the second smallest sovereign state in the world, after Vatican City, as well as the most densely populated. It also has the world's shortest national coastline of any non-landlocked nation, at. Fewer than 10,000 of its residents are Monégasque nationals. Although French is the official language of Monaco, Italian and Monégasque are also widely spoken and understood.","O Mônaco é um dos seis microestados da Europa e um dos 24 do mundo. É governado há mais de sete séculos pela Casa de Grimaldi, sendo uma das 48 monarquias da atualidade. A população do Mónaco apresenta uma característica rara: seus habitantes nativos são minoria em seu próprio país, perfazendo apenas 21,6% do total de habitantes. Os franceses são 28,4% e os italianos, 18,7%.","Monaco, en forme longue la principauté de Monaco, est un État d'Europe de l'Ouest constitué d'une unique commune du même nom, ce qui en fait une cité-État.","Monaco si affaccia sul Mar Ligure e dista circa dal confine italo-francese; per il resto, è interamente circondato dalla Francia. Con una popolazione di abitanti e con una superficie di, il Principato di Monaco è il secondo stato più piccolo del mondo ed è il secondo per densità. La sua capitale, nonché unica suddivisione amministrativa, è il comune di Monaco; nonostante sia privo di suddivisioni amministrative di grado inferiore al Comune di Monaco, la località più nota del Principato è il quartiere storico di Monte Carlo, che sorge nel centro cittadino e ospita il noto omonimo Casinò, spesso utilizzato come set di film celebri ; talora per sineddoche il nome Monte Carlo o Montecarlo è usato in luogo dell'intero Principato.","Mónaco, oficialmente el Principado de Mónaco, es un micro-Estado, situado en Europa Occidental, constituido en Estado de derecho que profesa el respeto de los derechos y libertades fundamentales, y cuya forma de gobierno es la monarquía constitucional. Su territorio está organizado en nueve distritos residenciales, agrupados en cuatro distritos tradicionales.","Monaco (|city-state|)","Monte Carlo","38857","2.084","18446","Unitary parliamentary|semi-constitutional monarchy","French","Monégasque","10.434","","Euro|(|€|)","+1","+377",".mc"
"MD","Moldova","Moldávia","Moldavie","Moldavia","Moldavia","https://en.wikipedia.org/wiki/Special:FilePath/Flag_of_Moldova.svg?width=250","Moldova, officially the Republic of Moldova, is a landlocked country in Eastern Europe, with an area of 33,843 and a population of 2.38 million. The unrecognised breakaway state of Transnistria lies across the Dniester river on the country's eastern border with Ukraine. Moldova is a parliamentary democratic republic with its capital in Chișinău, the country's largest city and main cultural and commercial centre.","Em 1991, durante o processo de dissolução da URSS, a então República Socialista Soviética da Moldávia declarou independência da União Soviética.","La Moldavie, en forme longue république de Moldavie ou république de Moldova, est un pays d'Europe orientale, enclavé entre la Roumanie et l'Ukraine, englobant des parties des régions historiques de Bessarabie et de Podolie méridionale. Ses paysages vallonnés comprennent des forêts, des terres cultivées, des zones humides et des vignobles. Sa capitale est Chișinău.","La popolazione a gennaio 2025 ammonta a circa abitanti. La Repubblica di Moldavia corrisponde grossomodo alla regione storica della Bessarabia mentre corrisponde solo a metà del più ampio territorio della Moldavia storica, l'altra metà della quale si trova in Romania, con un piccolo territorio in Ucraina. La Moldavia fu per molto tempo un principato autonomo, il principato di Moldavia, a lungo tributario dell'Impero ottomano, fino al 1812 quando venne spartita fra russi e austriaci. Nel febbraio 1918, alla fine della prima guerra mondiale, entrò a far parte del Regno di Romania fino al 1940, quando fu occupata dall'Unione Sovietica nell'ambito del patto Molotov-Ribbentrop. Durante la seconda guerra mondiale fu occupata dalle truppe dell'Asse per poi essere reintegrata nell'URSS e trasformata in una Repubblica Socialista Sovietica. La Bessarabia meridionale, o Bessarabia storica, fu assegnata alla RSS Ucraina, facendo perdere alla RSS Moldava lo sbocco sul mare. Alla dissoluzione dell'Unione Sovietica, la Moldavia dichiarò l'indipendenza il 27 agosto del 1991.","Moldavia, es un país ubicado en Europa Oriental, situado entre Rumania y Ucrania. Tiene una superficie de 33 851 km² y su capital es Chisináu, situada en el centro del país. Es un país sin litoral, aunque se encuentra a solo 40 km del mar Negro, siendo sus ríos más importantes el Dniéster y el Prut.","Chișinău","Chișinău","2365645","33843","78.02","Unitary parliamentary republic","Romanian","Moldovan","21.889","0.785","Moldovan leu","+2","+373",".md"
"MG","Madagascar","Madagáscar","Madagascar","Madagascar","Madagascar","https://en.wikipedia.org/wiki/Special:FilePath/Flag_of_Madagascar.svg?width=250","Madagascar, officially the Republic of Madagascar, is an island country in the Indian Ocean that includes the island of Madagascar and numerous smaller peripheral islands. Lying off the southeastern coast of Africa, it is the world's fourth-largest island, the second-largest island country, and the 46th-largest country overall. Its capital and largest city is Antananarivo.","Além da ilha de Madagascar, o país compreende um numeroso conjunto de ilhas periféricas menores. Após o desmembramento pré-histórico do supercontinente Gondwana, Madagascar se separou do subcontinente indiano há cerca de 88 milhões de anos, permitindo que plantas e animais nativos evoluíssem em relativo isolamento. Consequentemente, Madagascar é um hotspot de biodiversidade; mais de 90% de sua vida selvagem não é encontrada em nenhum outro lugar na Terra. Diversos ecossistemas da ilha estão ameaçados pelo avanço do rápido crescimento da população humana, bem como pelo recém-descoberto sapo-cururu que, segundo os pesquisadores, ""poderia causar estragos na biodiversidade única de Madagascar"".","Madagascar, en forme longue République de Madagascar, est un État insulaire situé dans l'océan Indien et géographiquement rattaché au continent africain, dont il est séparé par le canal du Mozambique. Longue de et large de, Madagascar couvre une superficie de qui la classe quatrième île du monde, après le Groenland, la Nouvelle-Guinée et Bornéo. Sa capitale est Antananarivo et le pays a pour monnaie l'ariary. Ses habitants, les Malagasy, sont un peuple issu d'un mélange de populations d'origines austronésiennes et est-africaines avec des influences arabes, indiennes et européennes, à degrés variables selon les régions mais parlant une langue malayo-polynésienne : le malagasy. Le pays est entouré par d'autres îles et archipels : les Comores, les Mascareignes, les îles Éparses et les Seychelles. Les îles Éparses, autrefois rattachées au protectorat français de Madagascar, ont été revendiquées à la France par Madagascar pour la première fois en 1973 et continuent d’être revendiquées aujourd’hui.","L'isola principale, anch'essa chiamata Madagascar, è la quarta più grande al mondo, dopo Groenlandia, Nuova Guinea e Borneo. Ospita il 5% delle specie animali e vegetali del mondo, l'80% delle quali sono endemiche del Madagascar. Fra gli esempi più noti di questa eccezionale biodiversità ci sono l'ordine dei lemuri, le oltre 250 specie di rane, le numerose specie di camaleonti e i tipici baobab.","Madagascar, oficialmente República de Madagascar, es un país insular situado en el océano Índico, frente a la costa sureste del continente africano, al este de Mozambique. La nación está comprendida por la isla homónima, la más grande de África y la cuarta más grande del mundo, y por pequeñas y numerosas islas periféricas. Está separada del continente por el canal de Mozambique. A pesar de su cercanía actual al continente africano, Madagascar formaba parte en su origen del subcontinente indio, del cual se separó hace unos 88 millones de años. Por ello, su aislamiento ha favorecido la conservación en su territorio de multitud de especies únicas en el mundo, la mayoría de ellas endémicas de la isla. Las más notables son los lémures, el fosa carnívoro, cinco familias endémicas de aves y seis especies endémicas de baobabs.","Antananarivo","Antananarivo","31964956","592796","55","Unitary|semi-presidential republic|under a|military junta","Malagasy|French","Malagasy","21090.202520251016","0.487","Ariary","+3","+261",".mg"
"MH","Marshall Islands","Ilhas Marshall","Îles Marshall","Isole Marshall","Islas Marshall","https://en.wikipedia.org/wiki/Special:FilePath/Flag_of_the_Marshall_Islands.svg?width=250","The Marshall Islands, officially the Republic of the Marshall Islands, is an archipelagic country in Oceania. The sovereign state lies west of the International Date Line and north of the equator in the Micronesia region of the Northwestern Pacific Ocean.","Independente, o país desfruta de uma livre associação com os EUA, que são responsáveis pela segurança e pela defesa das Ilhas Marshall.","Les Îles Marshall ou les Marshall, en forme longue la république des Îles Marshall, sont un État de Micronésie, en Océanie.","Le isole Marshall, ufficialmente Repubblica delle Isole Marshall, sono uno Stato insulare dell'Oceania situato nell'oceano Pacifico a metà strada tra le Isole Hawaii e le Filippine, con capitale Majuro o più propriamente Dalap-Uliga-Darrit.","Las Islas Marshall, oficialmente conocidas como República de las Islas Marshall, es un país insular ubicado en Oceanía, localizado el océano Pacífico, en la región de Micronesia.","Majuro","Majuro","37548","181.43","233","Unitary|parliamentary republic with an executive president","Marshallese|English","Marshallese","290111.2026","0.733","United States dollar","+12","+692",".mh"
"MK","North Macedonia","Macedónia do Norte","Macédoine du Nord","Macedonia del Nord","Macedonia del Norte","https://en.wikipedia.org/wiki/Special:FilePath/Flag_of_North_Macedonia.svg?width=250","North Macedonia, officially the Republic of North Macedonia, is a landlocked country in Southeast Europe. It shares land borders with Greece to the south, Albania to the west, Bulgaria to the east, Kosovo to the northwest and Serbia to the north. It constitutes approximately the northern third of the larger geographical region of Macedonia. Skopje, the capital and largest city, is home to a quarter of the country's population of over 1.83 million. The majority of the residents are ethnic Macedonians, a South Slavic people. Albanians form a significant minority at around 25%, followed by Turks, Roma, Serbs, Bosniaks, Aromanians and a few other minorities.","A do Norte ou oficialmente República da Macedónia do Norte, é um país localizado na península balcânica, no sudeste da Europa. É um dos estados sucessores da antiga Iugoslávia, da qual declarou independência em 1991.","La Macédoine du Nord, en forme longue la république de Macédoine du Nord, est un pays d'Europe du Sud situé dans la partie centrale de la péninsule des Balkans. Sans accès à la mer, elle partage des frontières avec la Grèce, la Bulgarie, la Serbie, le Kosovo et l'Albanie. Son territoire, majoritairement montagneux et doté de nombreux lacs, couvre la partie septentrionale de la Macédoine géographique, également répartie entre la Grèce et la Bulgarie.","La Macedonia del Nord, ufficialmente Repubblica della Macedonia del Nord, è uno Stato della penisola balcanica, nell'Europa sud-orientale, senza sbocco sul mare. La capitale è Skopje.","Este país surgió en 1991 después de que la antigua República Socialista de Macedonia, una de las partes constituyentes de la República Federal Socialista de Yugoslavia, declarara su independencia con el nombre de «República de Macedonia», y con el nombre corto de «Macedonia» en algunos casos. El uso del término «Macedonia» fue rechazado por Grecia, y surgió una disputa sobre la denominación de este país entre ambos Estados. Como postura intermedia, en 1993, se adoptó la referencia provisional de Antigua República Yugoslava de Macedonia para denominar al estado normacedonio en algunas organizaciones internacionales, como en la Organización de las Naciones Unidas. El conflicto perduró hasta febrero de 2019, después de que ambas partes aceptaran el uso definitivo del nombre de «República de Macedonia del Norte».","Skopje","Skopje","1836713","25436","71.43","Unitary parliamentary republic","Macedonian|Albanian","Macedonian","17.885","0.815","Macedonian denar","+1","+389",".mk"
"MM","Myanmar","Myanmar","Birmanie","Birmania","Birmania","https://en.wikipedia.org/wiki/Special:FilePath/Flag_of_Myanmar.svg?width=250","Myanmar, officially the Republic of the Union of Myanmar and also referred to as Burma, is a country in northwest Southeast Asia. It is the largest country by area in Mainland Southeast Asia and has a population of about 55 million. It is bordered by India and Bangladesh to the northwest, China to the northeast, Laos and Thailand to the east and southeast, and the Andaman Sea and the Bay of Bengal to the south and southwest. The country's capital city is Naypyidaw, while its largest city is Yangon.","Myanmar tornou-se independente do Reino Unido em 4 de janeiro de 1948, com o nome oficial de ""União da Birmânia"", designação que voltou a adotar após um período como ""República Socialista da União da Birmânia"" – 4 de janeiro de 1974 a 23 de setembro de 1988. Em 18 de junho de 1989, o regime militar birmanês anunciou que o nome oficial do país passaria a ser União de Myanmar. A nova designação foi reconhecida pelas Nações Unidas e pela União Europeia, mas não pelos governos dos Estados Unidos e Reino Unido. Conforme a Constituição de 2009, o nome do país mudou para “República da União de Myanmar”, medida implementada em 21 de outubro de 2010.","La Birmanie ou le Myanmar, en forme longue : république de l'union de Birmanie ou république de l’union du Myanmar), est un pays d'Asie du Sud-Est continentale ayant une frontière commune avec la Chine au nord-nord-est, le Laos à l'est, la Thaïlande au sud-sud-est, le Bangladesh à l'ouest et l'Inde au nord-nord-ouest. La partie méridionale a une façade sur la mer d'Andaman orientée vers le sud et l'ouest et la partie septentrionale s'ouvre sur le golfe du Bengale à l'ouest-sud-ouest, avec environ de côtes au total.","La Birmania o Myanmar, ufficialmente Repubblica dell'Unione del Myanmar è uno Stato dell'Asia sudorientale. Occupa parte della costa occidentale della penisola indocinese, è affacciata sul golfo del Bengala e sul mar delle Andamane e confina da ovest a est con Bangladesh, India, Cina, Laos e Thailandia. Il 6 novembre 2005 la capitale è stata spostata da Yangon a Pyinmana, che il 27 marzo 2006 è stata ufficialmente rinominata Naypyidaw, cioè ""sede dei re"".","Para la Organización de las Naciones Unidas y la Unión Europea, el nombre del país es el de Unión de Myanmar y Myanmar/Birmania, respectivamente. group=""nota"" o Myanmar, cuya denominación oficial es República de la Unión de Myanmar, es un Estado soberano del Sudeste Asiático. Limita con India y Bangladés al oeste, Tailandia y Laos al este, China al norte y noreste, y con la bahía de Bengala y el mar de Andamán al sur. Tiene y una población de casi 60 millones de habitantes. Su ciudad más poblada es Rangún, la ex capital que fue mudada desde 2005 a Naipyidó.","Naypyidaw","Yangon","55770232","676579","82.43","Unitary|assembly-independent republic","Burmese","Burmese|Myanmar|Myanma","60.56","0.609","Myanmar kyat","+06:30","+95",".mm"
"MN","Mongolia","Mongólia","Mongolie","Mongolia","Mongolia","https://en.wikipedia.org/wiki/Special:FilePath/Flag_of_Mongolia.svg?width=250","Mongolia is a landlocked country in East Asia. It is bordered by Russia to the north and China to the south, and covers an area of, making it the 18th-largest country in the world and the second largest landlocked nation after Kazakhstan, as well as the largest landlocked country that does not border an inland sea. With a population of 3.5 million, Mongolia is the world's most sparsely populated sovereign state, excluding partially unrecognized Western Sahara. The country constitutes a significant portion of the Mongolian Plateau, and its natural environment is characterized by grassy steppe, mountains to the north and west, and the Gobi Desert to the south. Ulaanbaatar, the capital and largest city, is home to roughly half of the country's population.","A área do que é hoje a Mongólia foi governada por diversos impérios nômades, incluindo Xiongnu, Xianbei, Rourano, Goturcos e outros. O Império Mongol foi fundado por Gengis Khan em 1206. Após o colapso da Dinastia Yuan, os mongóis voltaram para os seus padrões. Nos séculos XVI e XVII, a Mongólia ficou sob a influência do Budismo tibetano. No final do, a maior parte da Mongólia havia sido incorporada à área governada pela Dinastia Chingue. Durante o colapso da dinastia Chingue, em 1911, a Mongólia declarou sua independência, mas teve de lutar até 1921 para estabelecer firmemente sua independência de facto e até 1945 para ganhar reconhecimento internacional. Como consequência, ficou sob forte influência russa e soviética: Em 1924, a República Popular da Mongólia foi declarada e a política mongol começou a seguir os mesmos padrões da política soviética da época. Após o colapso dos regimes socialistas na Europa Oriental no final de 1989, a Mongólia viu a sua própria Revolução Democrática no início de 1990, que levou a um sistema multipartidário, uma nova constituição em 1992, e — em bruto — a transição para uma economia de mercado.","La Mongolie est un vaste pays d'Asie orientale qui est enclavé entre la Russie au nord et la république populaire de Chine au sud. Sa capitale et plus grande ville est Oulan-Bator. La population totale s'élève à un peu plus de en 2022. La langue officielle est le mongol et la devise monétaire le tugrik.","La Mongolia è uno Stato dell'Asia orientale privo di accesso al mare, confinante a nord con la Russia e a sud con la Cina. Sebbene non condivida un confine con il Kazakistan, il suo punto più occidentale dista solo dalla punta orientale di quest'ultimo. Gran parte del suo territorio è coperto da steppe, con montagne a nord e a ovest e il deserto del Gobi a sud. La superficie coltivabile è molto limitata a causa del clima freddo.","Esta nación tiene sus raíces en el antiguo Imperio mongol, que dominó gran parte de Asia durante el. Perdió su independencia al ser anexionado por la dinastía Qing, desde mediados del hasta 1911, cuando recuperó brevemente su independencia. En 1919 las tropas chinas ocuparon su capital. En 1921, con la ayuda de la Unión Soviética, volvió a independizarse y en 1924 se proclamó la República Popular de Mongolia, instaurando una democracia popular. Tras la disolución de la URSS en 1991, Mongolia aprobó en 1992 una constitución liberal que marcó la transición a la democracia representativa, cambiando el país a su nombre actual.","Ulaanbaatar","Ulaanbaatar","3591120","1564116","2.24","Unitary|semi-presidential republic","Mongolian|(|Buriat|Khalkha|Oirat|)","Mongol","25.8","0.747","Tögrög","+7/+8","+976",".mn|.мон"
"MR","Mauritania","Mauritânia","Mauritanie","Mauritania","Mauritania","https://en.wikipedia.org/wiki/Special:FilePath/Flag_of_Mauritania.svg?width=250","Mauritania, officially the Islamic Republic of Mauritania, is a country in the Maghreb region of West Africa. It is bordered by the Atlantic Ocean to the west, Western Sahara to the north and northwest, Algeria to the northeast, Mali to the east and southeast, and Senegal to the southwest. By land area Mauritania is the 11th-largest country in Africa and the 28th-largest in the world; 90% of its territory is in the Sahara desert. Most of its population of some 4.3 million live in the temperate south of the country; roughly a third of the population is concentrated in the capital and largest city, Nouakchott, on the Atlantic coast.","O nome do país deriva de Mauretania, o nome latino para uma região do antigo Magrebe. Estendia-se da atual Argélia central até o Atlântico. Os berberes ocuparam o que hoje é a Mauritânia no início do século III d.C. Grupos de tribos árabes migraram para esta área no final do século VII, trazendo consigo o islamismo, a cultura árabe e a língua árabe. No início do século XX, a Mauritânia foi colonizada pela França como parte da África Ocidental Francesa. Conquistou a independência em 1960, mas desde então passou por golpes recorrentes e períodos de ditadura militar. O golpe de Estado mauritano de 2008 foi liderado pelo General Mohamed Ould Abdel Aziz, que venceu as eleições presidenciais subsequentes em 2009 e 2014. Ele foi sucedido pelo General Mohamed Ould Ghazouani após as eleições de 2019, chefe de um governo autocrático com um histórico de direitos humanos muito ruim, particularmente devido à perpetuação da escravidão; o Índice Global de Escravidão de 2018 estima que existam cerca de 90 mil escravos no país.","La Mauritanie, en forme longue la république islamique de Mauritanie, est un État arabophone et musulman du Maghreb. Sa superficie est de et elle se trouve en grande partie dans le Sahara. Elle possède une côte d'environ ouverte sur l'océan Atlantique s'étirant de Ndiago au sud jusqu'à Nouadhibou au nord et elle est frontalière de trois pays ainsi que du Sahara occidental au nord. Sa capitale et plus grande ville est Nouakchott. Les autres villes principales sont Nouadhibou, Kiffa, Kaédi, Néma et Rosso.","La Mauritania, ufficialmente Repubblica Islamica della Mauritania è uno Stato dell'Africa occidentale, confinante con il Sahara Occidentale a nord, l'oceano Atlantico ad ovest, il Senegal a sud-ovest, il Mali a sud e ad est, e l'Algeria a nord-est. La capitale è Nouakchott.","Mauritania, oficialmente la República Islámica de Mauritania, es un país ubicado en el noroeste de África. Limita con el océano Atlántico al oeste, con Senegal al suroeste, con Malí al este y al sureste, con Argelia al noreste y con el territorio del Sahara Occidental al norte. El 90 por ciento de su territorio está ubicado en el Sahara y la mayor parte de su población de 4,4 millones habita el sur templado del país, con aproximadamente un tercio concentrado en la capital y mayor ciudad, Nuakchot situada en la costa del océano Atlántico.","Nouakchott","Nouakchott","5461319","1030000","3.4","Unitary semi-presidential|Islamic republic","Arabic","Mauritanian","11470.20252025","0.563","Ouguiya","±00:00","+222",".mr"
"MU","Mauritius","Maurícia","Maurice (pays)","Mauritius","Mauricio","https://en.wikipedia.org/wiki/Special:FilePath/Flag_of_Mauritius.svg?width=250","Mauritius, officially the Republic of Mauritius, is an island country in the Indian Ocean, located about off the southeastern coast of Africa, east of Madagascar. It includes the main island, as well as Rodrigues, Agaléga, and St. Brandon.","Anteriormente uma colónia neerlandesa e uma colónia francesa, as Ilhas Maurícia tornaram-se uma possessão colonial britânica em 1810 e assim permaneceram até 1968, ano em que adquiriram a independência. A colónia da Coroa Britânica de Maurício integrou os territórios atuais das Ilhas Maurícia, Rodrigues, as ilhas exteriores de Agalega, São Brandão, Arquipélago de Chagos e Seicheles. Em 1903 foi criada a colônia de Seicheles e em 1965 o arquipélago de Chagos tornou-se uma entidade separada. A soberania sobre o arquipélago de Chagos é disputada entre Maurício e o Reino Unido. O Reino Unido extirpou o arquipélago do território mauriciano em 1965, três anos antes da independência de Maurício. O Reino Unido gradualmente despovoou o arquipélago e arrendou a ilha principal, Diego Garcia, aos Estados Unidos. O acesso ao arquipélago é proibido a turistas ocasionais, à mídia e aos seus antigos habitantes. Em 2024 foi firmado acordo onde o Reino Unido devolverá as Ilhas Chagos às Maurícias, mas a base em Diego Garcia, no entanto, permanecendo sob domínio britânico. O acordo de transferência foi assinado em 22 de maio de 2025, com a condição de que a ilha de Diego Garcia fosse arrendada de volta ao Reino Unido por pelo menos 99 anos. Espera-se que o Tratado seja ratificado no início de 2026. As Maurícias também reivindicam a soberania sobre a ilha de Tromelin á França.","Maurice, en forme longue la République de Maurice ; est un État insulaire de l'Océan Indien à environ des côtes africaines, à l'est de Madagascar et au nord-est de La Réunion. Le pays inclut l'île principale aussi nommée Maurice, Rodrigues plus à l'est, Agaléga et Saint-Brandon. Maurice et Rodrigues font partie de l'archipel des Mascareignes, avec l'île de La Réunion, un département d'outre-mer français.","Geograficamente fa parte dell'arcipelago delle isole Mascarene, che include anche il territorio francese d'oltremare della Riunione, circa a sudovest.","Además de la isla de Mauricio, la república incluye las islas de San Brandón o Cargados Carajos, Rodrigues y las islas Agalega a las que se añade el archipiélago de Chagos, producto de un acuerdo con Reino Unido en mayo de 2025 que establece soberanía de Mauricio sobre este.","Port Louis","Port Louis","1235260","2040","605.5","Unitary parliamentary republic","English|French","Mauritian","16.756","0.806","Mauritian rupee","+4","+230",".mu"
"MV","Maldives","Maldivas","Maldives","Maldive","Maldivas","https://en.wikipedia.org/wiki/Special:FilePath/Flag_of_the_Maldives.svg?width=250","The Maldives, officially the Republic of Maldives, and historically known as the Maldive Islands, is an archipelagic country in South Asia, located in the Indian Ocean, near the southeastern boundary of the Arabian Sea. The Maldives is located southwest of India and Sri Lanka, about from the Asian continent's mainland. The Maldives' chain of 26 atolls stretches across the equator from Ihavandhippolhu Atoll in the north to Addu Atoll in the south.","Estão agrupadas em 26 atóis, cada um possuindo o nome de uma ou duas letras da escrita thaana. Seu nome seria derivado de maldwipa, no idioma malabar, onde mal significa ""mil"" e dwipa, ""ilhas"", ou do sânscrito Malayadwipa, ""ilhas de Malabar"".","Les Maldives, en forme longue la république des Maldives, sont un pays d'Asie du Sud composé de, dont 202 habitées, situé au sud-ouest du sous-continent indien. Une distance de sépare Malé, la capitale, de Thiruvananthapuram en Inde. La superficie des terres émergées est de sur les de superficie totale du pays, lagons inclus.","Le Maldive, ufficialmente Repubblica delle Maldive, sono uno Stato insulare dell'Asia meridionale di 529 414 abitanti composto da un gruppo di atolli situati nell'oceano Indiano a sud-ovest dell'India. La costa orientale dell'arcipelago costituisce il confine occidentale del mar delle Laccadive.","El país está constituido por unas 1.200 islas, de las cuales 203 están habitadas. El territorio se encuentra en pleno océano Índico, al sudoeste de Sri Lanka y a 450 km de la India y es considerado un microestado pues posee una superficie de 298 kilómetros cuadrados.","Malé","Malé","601269","298","1728.63","Unitary|presidential republic","Dhivehi","Maldivian","6.984","0.766","Maldivian rufiyaa|(|MVR|)","+5","+960",".mv"
"MW","Malawi","Malawi","Malawi","Malawi","Malaui","https://en.wikipedia.org/wiki/Special:FilePath/Flag_of_Malawi.svg?width=250","Malawi, officially the Republic of Malawi, is a landlocked country in Southeast Africa. It is bordered by Zambia to the west, Tanzania to the north and northeast, and Mozambique to the east, south, and southwest. Malawi spans over and has a population of 22,224,282. Lilongwe is its capital and largest city.","Desde sua independência do Reino Unido em 1964, o Malawi é uma república presidencial multipartidária e uma democracia representativa, na qual o chefe de estado e de governo é o presidente da República.","Le Malawi, en forme longue la république du Malawi, est un État situé en Afrique australe, entre le Mozambique, la Zambie et la Tanzanie. Sans débouché sur la mer, il est baigné par le lac Malawi, ou Nyassa, troisième lac d’Afrique par sa superficie, qui couvre environ le cinquième de la superficie du pays et dans lequel affluent huit rivières principales et des centaines de petits cours d’eau.","Il Malawi, ufficialmente Repubblica di Malawi, è uno Stato dell'Africa sud-orientale; confina a sud e ad est con il Mozambico, a nord con la Tanzania e ad ovest con lo Zambia. Privo di sbocchi sul mare, è bagnato dal lago Malawi, che è il terzo lago più grande dell'Africa e copre circa un quinto della superficie del Paese. Ha una popolazione di oltre 20 milioni di abitanti. La capitale è Lilongwe. Circa tre quarti della popolazione vive con meno di 1,26 dollari statunitensi al giorno.","Malaui o Malawi, es un país sin salida al mar ubicado en el sureste de África, que tiene como su capital a la ciudad de Lilongüe. Limita con Zambia al noroeste, con Tanzania al noreste y con Mozambique al sureste, sur y suroeste. El país está separado de Tanzania y Mozambique por el lago Malaui, uno de los lagos con mayor superficie del continente africano. Su topónimo proviene de los antiguos reinos Maravi, una serie de Estados formados por tribus bantúes que habitaron el área.","Lilongwe","Lilongwe","21240689","118484","153.1","Unitary|presidential republic","English","Malawian","13.176","0.517","Malawian kwacha","+2","+265",".mw"
"MX","Mexico","México","Mexique","Messico","México","https://en.wikipedia.org/wiki/Special:FilePath/Flag_of_Mexico.svg?width=250","Mexico, officially the United Mexican States, is a country in North America. It is the northernmost country in Latin America, bordering the United States of America to the north and Guatemala and Belize to the southeast, while having maritime boundaries with the Pacific Ocean to the west, the Caribbean Sea to the southeast, and the Gulf of Mexico to the east. Mexico covers 1,972,550 km, and is the thirteenth-largest country in the world by land area. With a population exceeding 134 million as of 2026, Mexico City is the capital and largest city in Mexico, which ranks among the most populous metropolitan areas in the world.","Na Mesoamérica pré-colombiana muitas culturas amadureceram e se tornaram civilizações avançadas como a dos olmecas, toltecas, teotihuacanos, zapotecas, maias e astecas, antes do primeiro contato com os europeus. Em 1521, a Espanha conquistou e colonizou o território mexicano a partir de sua base em Tenochtitlán e administrou-o como o Vice-Reino da Nova Espanha. Este território viria a ser o México com o reconhecimento da independência da colônia em 1821. O período pós-independência foi marcado pela instabilidade econômica, a Guerra Mexicano-Americana e a consequente cessão territorial para os Estados Unidos, uma guerra civil, dois impérios e uma ditadura nacional. Esta última levou à Revolução Mexicana em 1910, que culminou na promulgação da Constituição de 1917 e a emergência do atual sistema político do país. Eleições realizadas em julho de 2000 marcaram a primeira vez que um partido de oposição conquistou a presidência do Partido Revolucionário Institucional.","Le Mexique, officiellement et en forme longue les États-Unis mexicains, est un pays situé dans la partie méridionale de l'Amérique du Nord. Délimité à l'est-sud-est par le Guatemala et le Belize, et au nord-nord-ouest par les États-Unis d'Amérique, il est bordé à l'est par le golfe du Mexique, à l'est-sud-est par la mer des Caraïbes, au sud-ouest par l'océan Pacifique et à l'ouest-nord-ouest par le golfe de Californie. Il se classe au quatorzième rang mondial par sa superficie avoisinant deux millions de kilomètres carrés.","Il Messico, denominato ufficialmente Stati Uniti Messicani, è una repubblica federale presidenziale composta da 32 entità federative. Secondo la Costituzione messicana, la sede dei poteri della federazione e capitale dello Stato è Città del Messico. Occupa la parte meridionale dell'America settentrionale e la parte settentrionale dell'America Latina. Il Messico è delimitato a nord dal confine con gli Stati Uniti d'America, a est dal golfo del Messico e dal Mare Caraibico, a sud-est dal Belize e dal Guatemala e a ovest dall'Oceano Pacifico. Con una superficie di, il Messico è il 14º Stato più esteso del mondo, mentre con più di abitanti, oltreché ad essere il 10º Stato più popoloso del mondo, è anche lo Stato ispanofono più popoloso, il terzo Stato più popoloso del continente americano dopo gli Stati Uniti e il Brasile e il secondo Stato cattolico più popoloso dopo il Brasile. Lo spagnolo è parlato in Messico con molte lingue indigene, ufficialmente riconosciute.","México, oficialmente Estados Unidos Mexicanos, es un país soberano ubicado en la parte meridional de América del Norte; su capital y ciudad más poblada es la Ciudad de México. De acuerdo con la constitución vigente, su forma de gobierno consiste en una república representativa, democrática, laica y federal, compuesta por 32 entidades federativas.","Mexico City","Mexico City","134407258","1972550","61","Federal|presidential republic","Spanish","Mexican","2.121","0.789","Mexican peso","−8 to −5","+52",".mx"
"MY","Malaysia","Malásia","Malaisie","Malaysia","Malasia","https://en.wikipedia.org/wiki/Special:FilePath/Flag_of_Malaysia.svg?width=250","Malaysia is a country in Southeast Asia. A federal constitutional monarchy, it consists of 13 states and three federal territories, separated by the South China Sea into two regions: Peninsular Malaysia on Mainland Southeast Asia and East Malaysia on the island of Borneo. Peninsular Malaysia shares land and maritime borders with Thailand, as well as maritime borders with Singapore, Vietnam, and Indonesia; East Malaysia shares land borders with Brunei and Indonesia, and maritime borders with the Philippines and Vietnam. Kuala Lumpur is the country's national capital, largest city, and the seat of the legislative branch of the federal government, while Putrajaya is the federal administrative capital, representing the seat of both the executive branch and the judicial branch of the federal government. With a population of over 34 million, it is the world's 43rd-most populous country.","A nação tem suas origens no reino malaio presente na área, que, a partir do, tornou-se sujeito ao Império Britânico. Os primeiros territórios britânicos eram conhecidos como os Estabelecimentos dos Estreitos, cuja criação foi seguida pelos reinos malaios se tornando protetorados britânicos. Os territórios na península da Malásia foram unificados pela primeira vez como a União Malaia em 1946, sendo reestruturada como a Federação Malaia em 1948, e alcançando a independência em 31 de agosto de 1957. A federação uniu-se com o Norte de Bornéu, Sarauaque e Singapura em 16 de setembro de 1963, para dar ao novo país o nome de Malásia. Menos de dois anos depois, em 1965, Singapura foi expulsa da federação.","La Malaisie est un État d'Asie du Sud-Est, constitué de la Malaisie péninsulaire ou Malaisie occidentale et de la Malaisie orientale. L'appellation en forme longue fédération de Malaisie, parfois utilisée pour désigner l'État malaisien, n'est pas officielle pour les autorités de Malaisie et désigne aussi l'ancienne forme de l'État de 1948 à 1963. La Malaisie est située à environ au nord de l'équateur. Sa capitale historique est Kuala Lumpur, sa capitale administrative est Putrajaya, et sa superficie est de. Elle abrite une jungle très ancienne.","Completa: 9 agosto 1965 ingressoONU = 17 settembre 1957 superficieTotale = superficieOrdine = 66 superficieAcqua = 0,3 popolazioneTotale = popolazioneAnno = 2024 popolazioneOrdine = 45 popolazioneDensita = 88 popolazioneCrescita = 1,29% continente = confini = Thailandia, Indonesia, Brunei, Singapore orario = UTC+8 PIL = 304726 PILValuta = $ PILAnno = 2012 PILOrdine = 35 PILprocapite = 10345 PILprocapiteValuta = $ PILprocapiteAnno = 2012 PILprocapiteOrdine = 65 PILPPA = 494686 PILPPAValuta = $ PILPPAAnno = 2012 PILPPAOrdine = 29 PILPPAprocapite = 26315 PILPPAprocapiteValuta = $ PILPPAprocapiteAnno = 2015 PILPPAprocapiteOrdine = 45 HDI = 0,804 HDIAnno = 2017 HDIOrdine = 59 TFT = 2,0 tld = telefono = inno = Negaraku festa = 31 agosto nomeAbitanti = malaysiani, malesi stato precedente = Federazione della Malesia Colonia del Borneo del Nord Colonia di Sarawak Colonia di Singapore [[File:Agreement Relating to Malaysia between UK, N. Borneo, Sarawak and Singapore.djvu|thumb|upright=1.0|Accordo relativo alla Malaysia nei testi inglesi ]] [[File:Malaysia Act 1963.pdf|thumb|upright=1.0|Malesia Act 1963 ]]","Malasia es uno de los cincuenta y un países que componen el continente asiático. La capital legislativa y oficial de la federación es Kuala Lumpur, que es además la ciudad más poblada, mientras que Putrajaya es la sede del Gobierno.","Kuala Lumpur","Kuala Lumpur","36385115","330803","101","Federal|parliamentary constitutional|elective monarchy","Malay","Malaysian","516.428","0.819","Malaysian ringgit","+8","+60",".my"
"MZ","Mozambique","Moçambique","Mozambique","Mozambico","Mozambique","https://en.wikipedia.org/wiki/Special:FilePath/Flag_of_Mozambique.svg?width=250","Mozambique, officially the Republic of Mozambique, is a country in Southeast Africa bordered by the Indian Ocean to the east, Tanzania to the north, Malawi and Zambia to the northwest, Zimbabwe to the west, and Eswatini and South Africa to the south and southwest. The sovereign state is separated from the Comoros, Mayotte, and Madagascar through the Mozambique Channel to the east. The capital and largest city is Maputo.","Moçambique, oficialmente designado como República de Moçambique, é um país localizado no sudeste do continente africano, banhado pelo Oceano Índico a leste e que faz fronteira com a Tanzânia ao norte; Maláui e Zâmbia a noroeste; Zimbábue a oeste e Essuatíni e África do Sul a sudoeste. A capital e maior cidade do país é Maputo, anteriormente chamada de Lourenço Marques, durante o domínio português.","Le Mozambique, en forme longue la république du Mozambique, et, est un État situé sur la côte orientale du continent africain. Il est entouré par l'Afrique du Sud, l'Eswatini, Madagascar, les Comores, le Zimbabwe, la Zambie, le Malawi et la Tanzanie. La capitale est la ville la plus peuplée du pays, Maputo.","Il Mozambico, ufficialmente Repubblica del Mozambico, è uno Stato sovrano dell'Africa orientale. Ha una popolazione pari a abitanti secondo il censimento del 2017 e una superficie di. La capitale è Maputo. Il Mozambico è un'ex-colonia portoghese, indipendente dal 1975.","Mozambique, oficialmente la República de Mozambique, es un país situado al sureste de África, a orillas del océano Índico. Limita al norte con Tanzania y Malaui, al noroeste con Zambia, al oeste con Zimbabue, al suroeste con Suazilandia, al sur y al suroeste con Sudáfrica y al este con el océano Índico, donde colinda marítimamente con Madagascar, Comoras y los territorios franceses de Isla Europa, Juan de Nova y Bassas da India. El origen de su nombre es Msumbiji, el puerto suajili en la Isla de Mozambique.","Maputo","Maputo","34881007","801590","43.5","Unitary dominant-party|semi-presidential republic|under an|authoritarian|government","Portuguese","Mozambican","23.77","0.493","Metical","+2","+258",".mz"
"NA","Namibia","Namíbia","Namibie","Namibia","Namibia","https://en.wikipedia.org/wiki/Special:FilePath/Flag_of_Namibia.svg?width=250","Namibia, officially the Republic of Namibia, is a country in Southern Africa. It borders the Atlantic Ocean to the west, Angola and Zambia to the north, Botswana to the east and South Africa to the south; in the northeast, approximating a quadripoint, Zimbabwe lies less than 200 metres away along the Zambezi river near Kazungula, Zambia. Namibia's capital and largest city is Windhoek.","Namíbia, oficialmente República da Namíbia é um país da África Austral limitado a norte por Angola e Zâmbia, a leste pelo Botsuana, a sul pela África do Sul e a oeste pelo oceano Atlântico. Embora não faça fronteira com o Zimbábue, menos de 200 metros da fronteira com a Zâmbia e Botsuana separa-os em seus pontos mais próximos. O país ganhou a independência da África do Sul em 21 de março de 1990, após a Guerra de Independência da Namíbia. Sua capital e maior cidade é Vinduque. A Namíbia é um país membro da Organização das Nações Unidas, da Comunidade para o Desenvolvimento da África Austral, da União Africana e da Comunidade das Nações.","La Namibie, en forme longue la république de Namibie, est un pays situé en Afrique australe. Elle est bordée géographiquement à l'ouest par l'océan Atlantique, au nord par l'Angola, au sud par l'Afrique du Sud, à l'est par le Botswana et au nord-est par la Zambie. Sa limite la plus orientale est distante de moins de deux cents mètres du tripoint où se rejoignent les frontières du Zimbabwe, du Botswana et de la Zambie, sur le fleuve Zambèze, à la confluence de la rivière Kwando. Largement désertique, le pays doit son nom au désert du Namib, qui recouvre sa côte atlantique. Ses frontières orientales sont largement recouvertes par le désert du Kalahari. La capitale, qui est la ville la plus peuplée du pays, est Windhoek.","La Namibia, ufficialmente Repubblica della Namibia, è uno Stato dell'Africa meridionale, la cui capitale è Windhoek. Confina a nord con l'Angola e lo Zambia, ad est con il Botswana ed a sud con il Sudafrica e a ovest si affaccia sull'Oceano Atlantico.","Es el país más seco del África subsahariana y lo han habitado desde tiempos prehistóricos los pueblos san, damara y nama. Alrededor del, los pueblos bantúes migraron a su territorio y el mayor de ellos, los ovambo, ha constituido una mayoría desde finales del. En 1878, el Cabo de Buena Esperanza, entonces una colonia británica, anexó el puerto de Walvis Bay y las islas Pingüino; estos se convirtieron en parte de la Unión Sudafricana a partir de su creación en 1910. En 1884, el Imperio alemán colonizó la mayor parte del territorio, formando el África del Sudoeste Alemana. Durante la Primera Guerra Mundial, las tropas sudafricanas depusieron la administración alemana y en 1920 la Sociedad de Naciones ordenó la administración de la colonia a Sudáfrica.","Windhoek","Windhoek","3022401","825615","3.7","Unitary|semi-presidential republic","English","Namibian","14.211","0.665","Namibian dollar|South African rand","+2","+264",".na"
"NE","Niger","Níger","Niger","Niger","Níger","https://en.wikipedia.org/wiki/Special:FilePath/Flag_of_Niger.svg?width=250","Niger, officially the Republic of the Niger, is a landlocked country in West Africa. It is a unitary state bordered by Libya to the northeast, Chad to the east, Nigeria to the south, Benin and Burkina Faso to the southwest, Mali to the west, and Algeria to the northwest. It covers a land area of almost, making it the sixth-largest country in Africa, the largest landlocked country in West Africa and the second-largest landlocked nation in Africa behind Chad. Over 80% of its land area lies in the Sahara. Its predominantly Muslim population of about lives mostly in clusters in the south and west of the country. The capital, Niamey, is located in Niger's southwest corner along the namesake Niger River.","O Níger é um país subdesenvolvido, e é consistentemente umas das nações que apresentam um Índice de Desenvolvimento Humano muito baixo, com um total de 0,394 pontos, obtendo a 189ª classificação entre os países pesquisados, de acordo com dados do Programa das Nações Unidas para o Desenvolvimento. Grande parte das porções não desérticas do país estão ameaçadas por secas periódicas e a desertificação. A economia está concentrada em torno de subsistência e o setor agrário concentra-se na região sul, a parte mais fértil de seu território. A exportação de matérias-primas, principalmente minério de urânio, também é um dos principais contribuintes da economia nigerina. O país enfrenta sérios desafios para o desenvolvimento devido à sua posição sem litoral, terreno desértico, má educação, extrema pobreza, falta de infraestrutura e degradação ambiental.","Le Niger, en forme longue la république du Niger, est un pays d'Afrique de l'Ouest, situé entre la Libye au nord-est, le Tchad à l'est, le Nigeria au sud, le Bénin au sud-ouest, le Burkina Faso à l'ouest-sud-ouest, le Mali à l'ouest et l'Algérie au nord-ouest. La capitale est Niamey. Les habitants sont les Nigériens et les Nigériennes. La surface du pays est largement recouverte par le Sahara et le Sahel.","Il Niger, ufficialmente Repubblica del Niger è uno Stato senza sbocco al mare dell'Africa occidentale. Confina a nord con l'Algeria e la Libia, a est con il Ciad, a sud con la Nigeria e il Benin e a ovest con il Burkina Faso e il Mali.","Níger fue una colonia del África Occidental Francesa, que accedió a la independencia en 1960. Su economía es considerada por algunas fuentes como una de las más desfavorecidas de África y se estima que aproximadamente dos tercios de su población viven bajo el umbral de la pobreza. por parte de las Fuerzas Armadas al mando del nuevo jefe de Estado de la República, Abdourahamane Tchiani, quien también se autoproclamó presidente del Consejo Nacional para la Salvaguardia de la Patria.","Niamey","Niamey","26342784","1267000","21","Unitary|semi-presidential republic|under a|military junta","Hausa","Nigerien","21.8704","0.419","West African CFA franc","+1","+227",".ne"
"NG","Nigeria","Nigéria","Nigeria","Nigeria","Nigeria","https://en.wikipedia.org/wiki/Special:FilePath/Flag_of_Nigeria.svg?width=250","Nigeria, officially the Federal Republic of Nigeria, is a country in West Africa between the Sahel to the north and the Gulf of Guinea in the Atlantic Ocean to the south. It covers an area of 923769. With a population of more than 242 million, it is the most populous country in Africa, and the world's sixth-most populous country. Nigeria borders Niger in the north, Chad in the northeast, Cameroon in the east, and Benin in the west. Nigeria is a federal republic comprising 36 states and the Federal Capital Territory, where its capital, Abuja, is located. The largest city in Nigeria by population is Lagos, one of the largest metropolitan areas in the world and the second largest in Africa.","Por muito tempo a sede de inúmeros reinos e impérios, o Estado moderno da Nigéria tem suas origens na colonização britânica da região durante final do a início do XX, surgindo a partir da combinação de dois protetorados britânicos vizinhos: o Protetorado Sul e o Protetorado Norte da Nigéria. Os britânicos criaram estruturas administrativas e legais, mantendo as chefias tradicionais. O país tornou-se independente em 1960, mas mergulhou em uma guerra civil, vários anos depois. Desde então, alternaram-se no comando da nação governos civis democraticamente eleitos e ditaduras militares, sendo que apenas as eleições presidenciais de 2011 foram consideradas as primeiras a serem realizadas de maneira razoavelmente livre e justa.","Le Nigeria ou Nigéria, en forme longue la république fédérale du Nigeria ou république fédérale du Nigéria, le Nigeria est le pays le plus peuplé d'Afrique et le sixième pays du monde par son nombre d'habitants.","La Nigeria, ufficialmente Repubblica Federale della Nigeria, è uno Stato federale dell'Africa occidentale, il più popoloso del continente africano e il sesto del mondo. Confina con il Benin a ovest, il Ciad a nord-est, il Camerun a est, il Niger a nord e a sud-ovest e si affaccia sull'oceano Atlantico nel golfo di Guinea. Fa parte del Commonwealth delle nazioni. Le principali città, oltre all'attuale capitale Abuja e a quella precedente, Lagos, sono: Abeokuta, Ibadan, Port Harcourt, Enugu, Kano, Kaduna, Jos e Città del Benin.","Nigeria ha sido la cuna de varios reinos y Estados antiguos y autóctonos durante milenios. El Estado moderno se originó a partir del dominio colonial británico, a partir del, y tomó su forma territorial actual con la fusión del Protectorado de Nigeria del Sur y el Protectorado de Nigeria del Norte en 1914 por Lord Fredrick Lugard. Los británicos establecieron estructuras administrativas y legales mientras practicaban el gobierno indirecto a través de jefaturas tradicionales.","Abuja","Lagos","242747130","923769","249.8","Federal|presidential republic","English","Nigerian","377.365","0.56","Naira","+01:00","+234",".ng"
"NI","Nicaragua","Nicarágua","Nicaragua","Nicaragua","Nicaragua","https://en.wikipedia.org/wiki/Special:FilePath/Flag_of_Nicaragua.svg?width=250","Nicaragua, officially the Republic of Nicaragua, is the geographically largest country in Central America, comprising 130,370. With a population of 7,142,529 as of 2024, it is the third-most populous country in Central America after Guatemala and Honduras, and it is the largest by area in all of Central America.","A Nicarágua, oficialmente República da Nicarágua, é um país da América Central, limitado ao norte pelo Golfo de Fonseca e fronteira terrestre com Honduras. É banhada ao leste pelo Mar das Caraíbas, através do qual faz fronteira marítima com o território colombiano de San Andrés e Providencia, a sul com a Costa Rica e a oeste com o Oceano Pacífico. Sua capital é Manágua.","Le Nicaragua, en forme longue la république du Nicaragua, est un pays d'Amérique centrale où il occupe une position quasi centrale au sein de l'isthme panaméricain. Il s'agit du pays le plus étendu de l'Amérique centrale ; il est limitrophe du Honduras au nord et du Costa Rica au sud. Il dispose également de deux vastes façades maritimes, étant bordé à l'ouest par l'océan Pacifique et à l'est par la mer des Caraïbes.","I paesi europei vennero a conoscenza dell'esistenza di questo territorio nel 1502 grazie a Cristoforo Colombo. Ma spesso fondatore del Nicaragua viene considerato Francisco Hernández de Córdoba: in suo onore viene chiamata la moneta del Nicaragua, il Córdoba nicaraguense.","El territorio de Nicaragua tiene una superficie aproximada de km², Son reconocidas las lenguas de los pueblos indígenas originarios como el criollo costeño, misquito, sumo, garífuna y rama.","Managua","Managua","6676948","130375","51","Unitary|diarchic|presidential|socialist republic|under an|authoritarian|dictatorship","Spanish","Nicaraguan|Pinolero/Pinolera (colloquial)","24.227","0.706","Córdoba","−6","+505",".ni"
"NL","Netherlands","Países Baixos","Pays-Bas (pays constitutif)","Paesi Bassi","Países Bajos","https://en.wikipedia.org/wiki/Special:FilePath/Flag_of_the_Netherlands.svg?width=250",", also informally known as Holland, is a country in Northwestern Europe, with overseas territories in the Caribbean. It is the largest of the four constituent countries of the Kingdom of the Netherlands. The Netherlands consists of twelve provinces and three overseas special municipalities. European Netherlands has land borders with Germany to the east and with Belgium to the south, and a coastline to the north and west. It shares maritime borders with the United Kingdom, Germany, and Belgium in the North Sea. The official language is Dutch, with West Frisian as a secondary official language in the province of Friesland.","Países Baixos, informalmente conhecidos como Holanda, são uma nação constituinte do Reino dos Países Baixos localizada na Europa ocidental. O país é uma monarquia constitucional parlamentar democrática banhada pelo mar do Norte a norte e a oeste, que faz fronteira com a Bélgica a sul e com a Alemanha a leste. A capital é Amesterdão ou Amsterdã e a sede do governo é na cidade de Haia.","Les Pays-Bas sont l'un des quatre pays constitutifs du royaume des Pays-Bas, un État souverain à qui il fournit l'essentiel de sa superficie et de sa population, de sorte qu'on le désigne lui-même le plus souvent sous le nom de Pays-Bas. La quasi-totalité du territoire du pays constitutif des Pays-Bas est située en Europe.","I Paesi Bassi, spesso colloquialmente indicati impropriamente come Olanda, sono una delle quattro nazioni costitutive del Regno dei Paesi Bassi; si trovano principalmente in Europa, ma comprendono anche i cosiddetti Paesi Bassi caraibici.","Países Bajos es una de las cuatro naciones constituyentes del Reino de los Países Bajos y un Estado miembro de la Unión Europea. Su capital y ciudad más poblada oficial es Ámsterdam,no obstante, la sede del gobierno, del parlamento, de la monarquía y de los órganos judiciales se encuentra en La Haya.","Amsterdam","Amsterdam","18044027","41865","541","Unitary|parliamentary|constitutional monarchy","Dutch","Dutch","1.45","0.955","Euro|(€) (|USD|)|United States dollar (US$) (","","+31|+599",".nl|.bq"
"NL","Kingdom of the Netherlands","Reino dos Países Baixos","Pays-Bas","Regno dei Paesi Bassi","Reino de los Países Bajos","https://en.wikipedia.org/wiki/Special:FilePath/Flag_of_the_Netherlands.svg?width=250","The Kingdom of the Netherlands, commonly known simply as the Netherlands, is a sovereign state consisting of a collection of constituent territories united under the monarch of the Netherlands, who functions as head of state. The realm is not a federation; it is a unitary monarchy with its largest subdivision, the eponymous Netherlands, predominantly located in Northwestern Europe and with three smaller island territories located in the Caribbean.","O Estatuto do Reino dos Países Baixos, datado de 1954, determina quais os assuntos geridos pelo reino. O monarca do Reino é também o monarca dos demais países, ou seja, o Rei Guilherme Alexandre dos Países Baixos e os seus herdeiros legítimos. O monarca encabeça o conselho regente executivo do reino e de cada um dos países, sendo representado por governadores em Curaçau, Aruba e São Martinho. Entre os assuntos geridos pelo reino encontram-se os relacionados com: * Defesa * Relações exteriores e comércio exterior * Cidadania * Extradição","Les Pays-Bas, en forme longue le royaume des Pays-Bas, parfois appelés la Hollande par métonymie, sont un pays transcontinental dont le territoire métropolitain est situé en Europe du Nord-Ouest et le territoire d'outre-mer, dans les Antilles.","Istituito nel 1954, consiste di quattro nazioni costitutive: i Paesi Bassi propriamente detti, Aruba, Curaçao e Sint Maarten. Il Regno dei Paesi Bassi agisce come nazione unitaria in materia di difesa, politica estera e cittadinanza, mentre le nazioni costitutive agiscono come nazioni indipendenti per tutte le altre materie.","El Reino de los Países Bajos, es un Estado soberano transcontinental cuya forma de gobierno es la monarquía constitucional.","Amsterdam","Amsterdam","18290379","42531","532","Devolved|unitary parliamentary|constitutional monarchy","Dutch","Dutch","1.326","","","CET|(|UTC|+1)|CEST|+2) (DST)|AST|-4)DST not observed","",""
"NO","Norway","Noruega","Norvège","Norvegia","Noruega","https://en.wikipedia.org/wiki/Special:FilePath/Flag_of_Norway.svg?width=250","Norway, officially the Kingdom of Norway, is a Nordic country comprising the western and northernmost parts of the Scandinavian Peninsula in Northern Europe, the remote Arctic island Jan Mayen and the archipelago Svalbard. Bouvet Island, located in the Subantarctic, is a dependency, and not a part of the Kingdom; Norway also claims the Antarctic territories of Peter I Island and Queen Maud Land. Norway has a population of approximately 5.6 million, and a total area of 385,207. Its capital and largest city is Oslo. The country shares a long eastern border with Sweden, and is bordered by Finland and Russia to the northeast. Norway has an extensive coastline facing the Skagerrak strait, the North Sea, the Norwegian Sea, and the Barents Sea.","A parte continental do país faz fronteira a leste com a Suécia e a norte com a Finlândia e a Rússia. O Reino Unido e as Ilhas Faroe estão a oeste, através do Mar do Norte, a Islândia e a Groenlândia estão a oeste, através do mar da Noruega, e a Dinamarca fica próxima ao extremo sul do país, através do estreito de Escagerraque. A Ilha Bouvet, no Atlântico sul, e a Ilha de Pedro I, no oceano glacial Antártico, são territórios dependentes da Noruega, mas não são considerados parte do Reino. A Noruega também reivindica uma parte da Antártida conhecida como Terra da Rainha Maud, uma reivindicação que foi reconhecida pela Austrália, França, Nova Zelândia e Reino Unido. A extensa linha costeira da Noruega, de frente para o oceano Atlântico Norte e para o mar de Barents, é a casa de seus famosos fiordes.","La Norvège, en forme longue le royaume de Norvège, est un pays d'Europe du Nord. Située dans le nord-ouest de la péninsule Scandinave qu'elle partage avec la Suède, elle possède également des frontières avec la Finlande et la Russie au nord-est, et est bordée par la mer de Norvège au nord-ouest, par la mer du Nord au sud-sud-ouest et par le Skagerrak au sud.","Il territorio è compreso in maggioranza nella penisola scandinava, fino a estendersi alle isole Svalbard, all'isola di Jan Mayen e all'isola Bouvet, vicina all'Antartide, che non è rientrante nel trattato Antartico.","Junto con Suecia, Finlandia y una parte de Rusia, forma la península escandinava. Por otro lado, Noruega, Suecia y Dinamarca, conforman Escandinavia. Las islas de Svalbard y Jan Mayen son también parte del territorio nacional noruego. La soberanía sobre Svalbard se estableció en el tratado de Svalbard, firmado en 1920, y tiene su capital en Longyearbyen. La isla Bouvet, en el Atlántico sur, y la isla de Pedro I, en el sur del océano Pacífico, se consideran dependencias y por lo tanto no conforman parte del Reino como tal. Noruega es uno de los siete países que reclama territorio antártico: la Tierra de la Reina Maud.","Oslo","Oslo","5627400","385207","14.6","Unitary|parliamentary constitutional monarchy","Norwegian|Sámi","Norwegian","599.406","0.97","Norwegian krone","+1","+47",".no"
"NP","Nepal","Nepal","Népal","Nepal","Nepal","https://en.wikipedia.org/wiki/Special:FilePath/Flag_of_Nepal.svg?width=250","Nepal, officially the Federal Democratic Republic of Nepal, is a landlocked country in South Asia. It is mainly situated in the Himalayas, but also includes parts of the Indo-Gangetic Plain. It borders the Tibet Autonomous Region of China to the north, and India to the south, east, and west, while it is narrowly separated from Bangladesh by the Siliguri Corridor, and from Bhutan by the Indian state of Sikkim. Nepal has a diverse geography, including fertile plains, subalpine forested hills, and eight of the world's ten highest mountains, including Mount Everest, the highest point above mean sea level on Earth. Kathmandu is the nation's capital and its largest city. Nepal is a multi-ethnic, multi-lingual, multi-religious, and multi-cultural sovereign state, with Nepali as the official language.","É um país pobre, situado na encosta da cordilheira dos Himalaias, no centro da Ásia. Tem uma das maiores densidades demográficas do continente, com 184 hab./km. A população nepalesa é composta de 12 etnias, que convivem harmoniosamente. A agricultura emprega 90% da mão de obra, tornando o país grande fornecedor de arroz para a região. Em vez de construção de estradas, conter a erosão do solo há séculos tem sido a principal ocupação dos governantes, sendo que o sistema de terraços usados na irrigação do arroz é um desafio aos meios usados no ocidente para conter o mesmo tipo de erosão.","Le Népal, en forme longue la république démocratique fédérale du Népal, est un pays enclavé de l'Asie du Sud, bordé par la Chine au nord et par l'Inde sur le reste de ses frontières. Pour ce qui est de la superficie, la majorité du pays se situe dans l'Himalaya, mais une partie s'étend sur la plaine indo-gangétique. À l'est, le pays est séparé du Bangladesh par le corridor de Siliguri et du Bhoutan par l'État du Sikkim.","Il Nepal, ufficialmente Repubblica Federale Democratica del Nepal, è uno Stato dell'Asia meridionale di km² con una popolazione di abitanti, e la cui capitale è Katmandu; confina a nord con la Cina e a sud con l'India ed è uno Stato senza sbocco sul mare. Il territorio dello Stato himalayano, compreso tra la pianura del Gange e la catena montuosa dell'Himalaya, è prevalentemente montuoso, presenta un dislivello notevole ed è geograficamente parte del subcontinente indiano.","Nepal, es un país sin salida al mar ubicado en Asia del Sur. Geográficamente se encuentra ubicado en el Himalaya, rodeado en el norte por la República Popular China y en el sur por la India. Se encuentra separado de Bután por el estado indio de Sikkim, por el llamado Corredor de Siliguri. Es un país de 147 182 kilómetros cuadrados de naturaleza montañosa en cuyo territorio se encuentran, total o parcialmente, algunas de las cumbres más altas de la Tierra, destacando el monte Everest, así como otros siete de los llamados ochomiles.","Kathmandu","Kathmandu","31122387","147181","180","Federal|parliamentary republic","Nepali","Nepali|Nepalese","43.673","0.622","Nepalese rupee","+05:45","+977",".np"
"NZ","New Zealand","Nova Zelândia","Nouvelle-Zélande","Nuova Zelanda","Nueva Zelanda","https://en.wikipedia.org/wiki/Special:FilePath/Flag_of_New_Zealand.svg?width=250","New Zealand is an island country in the southwestern Pacific Ocean. It comprises two main landmasses—the North Island and the South Island —and over 700 smaller islands. It is the sixth-largest island country by area and lies east of Australia across the Tasman Sea and south of the islands of New Caledonia, Fiji, and Tonga. The country's varied topography and sharp mountain peaks, including the Southern Alps, owe much to tectonic uplift and volcanic eruptions. New Zealand's capital city is Wellington, and its most populous city is Auckland.","A Nova Zelândia é notável por seu isolamento geográfico: está situada a cerca de km a sudeste da Austrália, separados através do mar da Tasmânia e os seus vizinhos mais próximos ao norte são a Nova Caledônia, Fiji e Tonga. Devido ao seu isolamento, o país desenvolveu uma fauna distinta dominada por pássaros, alguns dos quais foram extintos após a chegada dos seres humanos e dos mamíferos introduzidos por eles. A maioria da população da Nova Zelândia é de ascendência europeia, sobretudo britânica, enquanto os nativos maoris, ou seus descendentes, são minoria. Asiáticos e polinésios não maori também são grupos de minoria significativa, especialmente em áreas urbanas. A língua mais falada é o inglês, trazida pelos colonizadores britânicos, embora também sejam considerados idiomas oficiais línguas nativas, como a língua maori.","La Nouvelle-Zélande est un pays insulaire d'Océanie situé dans l'Est de la mer de Tasman. Elle est constituée de deux îles principales : l'île du Nord et l'île du Sud, ainsi que de 700 plus petites îles. Se situant à environ au sud-sud-est de la Grande Terre, en Nouvelle-Calédonie, dont elle est séparée par l'océan Pacifique Sud et à à l'est-sud-est de la Tasmanie, elle se trouve également à de Vanuatu, à au sud-est de l'Australie continentale et à environ au sud-sud-est des Fidji et des Tonga. La topographie variée du pays et ses pics montagneux, dont ceux des Alpes du Sud, doivent beaucoup au soulèvement tectonique et aux éruptions volcaniques. Sa capitale est Wellington et sa plus grande ville est Auckland. La plus grande ville de l'île du sud est Christchurch.","Questo nome appariva come Nu Tireni nella lingua Māori. Nel 1834, un documento scritto in Māori e intitolato ""He Wakaputanga o te Rangatiratanga o Nu Tireni"" fu tradotto in inglese ed è diventato la Dichiarazione di Indipendenza della Nuova Zelanda. Fu preparato dalle Te Wakaminenga o Nga Rangatiratanga o Nga Hapu o Nu Tireni, le Tribù Unite della Nuova Zelanda, e una copia fu inviata al re Guglielmo IV che aveva già riconosciuto la bandiera delle Tribù Unite della Nuova Zelanda, e che riconobbe la dichiarazione in una lettera di Lord Glenelg.","Nueva Zelanda es un país soberano insular ubicado en Oceanía, localizado en el suroeste del océano Pacífico, cerca de Australia y constituido en una monarquía parlamentaria. Está formado por dos grandes islas: la isla Norte y la isla Sur, junto a un gran número de islas menores, destacándose entre ellas la isla Stewart y las islas Chatham. El Reino de Nueva Zelanda también incluye las islas Cook y Niue, el archipiélago Tokelau y la dependencia antártica Ross. La capital de Nueva Zelanda es la ciudad de Wellington, situada en la isla Norte.","Wellington","Auckland","4993923","263310","2018","Unitary|parliamentary constitutional monarchy","English|Māori|NZ Sign Language","New Zealander|Kiwi","278.636","0.938","New Zealand dollar","+12","+64",".nz"
"OM","Oman","Omã","Oman","Oman","Omán","https://en.wikipedia.org/wiki/Special:FilePath/Flag_of_Oman.svg?width=250","Oman, officially the Sultanate of Oman, is a country in the southeastern Arabian Peninsula in West Asia. It shares land borders with Saudi Arabia, the United Arab Emirates, and Yemen, while also sharing maritime borders with Iran and Pakistan. Oman's coastline faces the Arabian Sea to the southeast and the Gulf of Oman on the northeast. The exclaves of Madha and Musandam are surrounded by the United Arab Emirates on their land borders, while Musandam's coastal boundaries are formed by the Strait of Hormuz and the Gulf of Oman. It has a population of approximately 5.46 million and an area of 315,331 km. Muscat is the capital and largest city and Islam is the state religion.","A partir do final do, o Sultanato de Omã foi um poderoso império, competindo com Portugal e Grã-Bretanha pela influência no Golfo Pérsico e no Oceano Índico. Em seu auge, no, a influência e controle de Omã se estendia através do Estreito de Ormuz aos atuais Irão e Paquistão, e até o sul de Zanzibar. Como o seu poder declinou no, o sultanato ficou sob a influência do Reino Unido. Historicamente, Mascate foi o principal porto comercial da região do Golfo Pérsico. Mascate também esteve entre os portos comerciais mais importantes do Oceano Índico. A religião oficial de Omã é o Islã.","Oman, en forme longue le sultanat d'Oman, est un pays du Moyen-Orient, situé au sud-est de la péninsule arabique, sur les bords du golfe d'Oman et de la mer d'Arabie.","LOman, ufficialmente Sultanato dell'Oman, è un Paese arabo del Medio Oriente nel sud-est della penisola arabica. Confina con gli Emirati Arabi Uniti a nord-ovest, con l'Arabia Saudita a ovest e con lo Yemen a sud-ovest. Si affaccia sul Mar Arabico a sud e a est e sul golfo dell'Oman a nord, che lo separa dall'Iran e dal Pakistan. All'Oman appartengono anche le exclavi di Madha e Musandam, che confinano con gli Emirati Arabi Uniti; la seconda è bagnata dallo stretto di Hormuz e dal golfo dell'Oman.","Omán, oficialmente el Sultanato de Omán, es un país localizado al occidente de Asia, en la costa oriental de la península arábiga. Limita con los Emiratos Árabes Unidos al noroeste, con Arabia Saudita al oeste y con Yemen al suroeste. La costa está conformada por el mar Arábigo al sur y al este, y por el golfo de Omán al noreste. Posee también dos enclaves, la península de Musandam, al norte de los EAU, y Madha, al este de ese mismo país.","Muscat","Muscat","5494691","315331","15","Unitary Islamic|absolute monarchy","Arabic","Omani","104.352504","0.858","Omani rial","+4","+968",".om|عمان."
"PA","Panama","Panamá","Panama","Panama","Panamá","https://en.wikipedia.org/wiki/Special:FilePath/Flag_of_Panama.svg?width=250","Panama, officially the Republic of Panama, is a country located at the southern end of Central America in North America, bordering South America. It is bordered by Costa Rica to the west, Colombia to the southeast, the Caribbean Sea to the north, and the Pacific Ocean to the south. Its capital and largest city is Panama City, whose metropolitan area is home to nearly half of the country's over inhabitants.","A população do país é formada por uma maioria de mestiços de indigenas, africanos, europeus. O setor econômico mais importante é o de serviços, que abrange as atividades financeiras e as rendas obtidas com a zona de livre-comércio de Colón, a exploração do canal e o registro de navios mercantes.","Le Panama, en forme longue la république du Panama, est un pays de appartenant géographiquement à l'Amérique latine.","Panama, ufficialmente Repubblica di Panama, è uno Stato dell'America centrale, situato nella parte più stretta della regione istmica. Confina a nord con il Mar delle Antille, a est con la Colombia, a sud con l'Oceano Pacifico e a ovest e nord-ovest con la Costa Rica. Si estende per e ha una popolazione, nel 2022, di 4 337 768 abitanti. La capitale è Panama, città che conta quasi abitanti.","El país es el escenario geográfico del canal de Panamá, obra que facilita la comunicación entre las costas de los océanos Atlántico y Pacífico; y que influye significativamente en el comercio mundial. Según el Instituto Nacional de Estadística y Censo, su población estimada en 2025 asciende con 4 064&thinsp;780 habitantes.Al ser un país mayoritariamente católico, el 9 de septiembre de 2000, Año santo jubilar, la Conferencia Episcopal Panameña proclamó oficialmente a Santa María La Antigua como Patrona de la República de Panamá.","Panama City","Panama City","4337768","75417","56","Unitary|presidential republic","Spanish","Panamanian","91.731","0.839","Balboa|(|USD|)|United States dollar","−5","+507",".pa"
"PE","Peru","Peru","Pérou","Perù","Perú","https://en.wikipedia.org/wiki/Special:FilePath/Flag_of_Peru.svg?width=250","Peru, officially the Republic of Peru, is a country in western South America. It is bordered to the north by Ecuador and Colombia, to the east by Brazil, to the southeast by Bolivia, to the south by Chile, and to the south and west by the Pacific Ocean. Peru is a megadiverse country, with habitats ranging from the arid plains of the Pacific coastal region in the west, to the peaks of the Andes mountains extending from the north to the southeast of the country, to the tropical Amazon basin rainforest in the east with the Amazon River. Peru has a population of over 32 million, and its capital and largest city is Lima. At 1,285,216, Peru is the 19th largest country in the world, and the third largest in South America.","Peru, oficialmente chamado de República do Peru, é um país sul-americano limitado ao norte pelo Equador e pela Colômbia, a leste pelo Brasil e pela Bolívia e ao sul pelo Chile. O seu litoral, a oeste, é banhado pelo oceano Pacífico. Sua geografia é variada, exibindo desde planícies áridas na costa do Pacífico, aos picos nevados dos Andes e à floresta amazônica, características que proporcionam a este país diversos recursos naturais.","Le, en forme longue la, est un pays de l'ouest de l'Amérique du Sud. Il est bordé au nord par l'Équateur et la Colombie, à l'est par le Brésil, au sud-est par la Bolivie, au sud par le Chili, et au sud et à l'ouest par l'océan Pacifique. Le Pérou est un pays mégadivers avec des habitats allant des plaines arides de la région côtière du Pacifique à l'ouest aux sommets des montagnes des Andes s'étendant du nord au sud-est du pays à la forêt tropicale du bassin amazonien à l'est avec le fleuve Amazone. Le Pérou compte d'habitants et sa capitale et plus grande ville est Lima. Avec de, le Pérou est le plus grand pays du monde et le troisième d'Amérique du Sud.","Il Perù, ufficialmente Repubblica del Perù, è uno Stato indipendente dell'America meridionale. Confina a nord con l'Ecuador, a nord-est con la Colombia, a est con il Brasile, a sud-est con la Bolivia, a sud con il Cile ed è bagnato a ovest dall'oceano Pacifico. Il Perù è un paese megadiverso, con habitat che variano dalle pianure aride della costa del Pacifico alle vette delle Ande che si estendono da nord a sud-est e alle foreste tropicali del bacino amazzonico a est, con il Rio delle Amazzoni.","El Perú, oficialmente República del Perú, es un Estado soberano, ubicado en el oeste de América del Sur. Limita al norte, con Ecuador y Colombia; al este, con Brasil y Bolivia; al sur, con Chile; y al oeste, con el océano Pacífico, que bordea sus 2250 km de costa. Su territorio se compone de diversos paisajes: los valles, las mesetas y las altas cumbres de los Andes se despliegan al oeste hacia la costa desértica y el este hacia la Amazonia. Es uno de los países con mayor diversidad biológica y mayores recursos minerales del mundo.","Lima","Lima","34352720","1285216","23","Unitary|semi-presidential republic","Spanish","Peruvian","380.9","0.794","Peruvian sol","−05:00","+51",".pe"
"PG","Papua New Guinea","Papua-Nova Guiné","Papouasie-Nouvelle-Guinée","Papua Nuova Guinea","Papúa Nueva Guinea","https://en.wikipedia.org/wiki/Special:FilePath/Flag_of_Papua_New_Guinea.svg?width=250","Papua New Guinea, officially the Independent State of Papua New Guinea, is an island country in Oceania that comprises the eastern half of the island of New Guinea and offshore islands in Melanesia, a region of the southwestern Pacific Ocean north of Australia. It has a land border with Indonesia to the west and maritime borders with Australia to the south and the Solomon Islands to the east. Its capital is Port Moresby. The country's 462840 includes a large mainland and hundreds of islands.","A Papua-Nova Guiné é um dos países com maior diversidade cultural no mundo. De acordo com dados recentes, 848 línguas diferentes são listadas no país, das quais 12 não possuem nenhum falante vivo. A maior parte da população, estimada em pouco mais de 7 milhões de habitantes, vive em comunidades tradicionais, que são tão diversas entre si quanto os idiomas. Possui, ainda, um dos menores percentuais de população vivendo em centros urbanos, já que 82% de sua população vive em áreas rurais. O país ainda é pouco explorado, cultural e geograficamente, e muitas espécies existentes em sua flora e fauna ainda são desconhecidas.","La Papouasie-Nouvelle-Guinée, en forme longue lÉtat indépendant de Papouasie-Nouvelle-Guinée, est un État souverain d'Océanie comprenant la moitié orientale de l'île de Nouvelle-Guinée, l'archipel Bismarck, l'île Bougainville ainsi que de nombreuses petites îles. Situé en Océanie proche, dans l'Ouest de l'océan Pacifique, au nord de l'Australie et à l'ouest des îles Salomon, il est le troisième plus grand État insulaire au monde, avec une superficie de. Sa capitale, Port Moresby, se situe le long de la côte sud-est. La Nouvelle-Guinée fait partie du continent australien et sa moitié occidentale est sous souveraineté indonésienne.","La Papua Nuova Guinea, ufficialmente Stato Indipendente della Papua Nuova Guinea, è uno Stato indipendente dell'Oceania, nell'ambito del Commonwealth delle nazioni, dal 16 settembre 1975, giorno in cui il Paese ottenne l'indipendenza dall'Australia. Il capo di Stato della Papua Nuova Guinea è re Carlo III.","A nivel nacional, después de ser gobernada por tres potencias extranjeras desde 1884, Papúa Nueva Guinea estableció su soberanía en 1975. Esto siguió a casi sesenta años de administración australiana, que comenzó durante la Primera Guerra Mundial. Se convirtió en una monarquía en la Mancomunidad de Naciones en 1975 bajo el reinado de Isabel II. También se convirtió en miembro de la Mancomunidad de Naciones por derecho propio. Su sistema de gobierno es la monarquía parlamentaria, el territorio está organizado en veintidós provincias y su capital y ciudad más poblada es Puerto Moresby.","Port Moresby","Port Moresby","11781559","462840","25.5","Unitary parliamentary|constitutional monarchy","English|Hiri Motu|PNG Sign Language|Tok Pisin","Papua New Guinean","32.840202504","0.576","Kina","+10, +11","+675",".pg"
"PH","Philippines","Filipinas","Philippines","Filippine","Filipinas","https://en.wikipedia.org/wiki/Special:FilePath/Flag_of_the_Philippines.svg?width=250","The Philippines, officially the Republic of the Philippines,","Com uma população de mais de 112 milhões de habitantes, as Filipinas são o sétimo país mais populoso da Ásia e o 13º mais populoso do mundo. Um adicional de 12 milhões de filipinos vivem no exterior, o que representa uma das maiores diásporas do mundo. Várias etnias e culturas se encontram em todo o arquipélago. Em tempos pré-históricos, os negritos foram alguns dos primeiros habitantes do arquipélago. Eles foram seguidos por ondas sucessivas de povos austronésios. Vários reinos e nações foram estabelecidos no território, governados por datus, rajás, sultões ou lakans. O comércio com a China, com povos malaios, indianos e muçulmanos também começou a ocorrer.","Les Philippines, en forme longue la république des Philippines, est un pays d'Asie du Sud-Est constitué d'un archipel de dont onze totalisent plus de 90 % des terres et dont un peu plus de seulement sont habitées, alors qu'environ n'ont même pas reçu de nom.","L'arcipelago comprende isole distribuite in tre regioni geografiche principali: Luzon a nord, Visayas nel centro e Mindanao a sud. Dal 1976 la capitale è ufficialmente Manila, nella cui area metropolitana di Metro Manila risiede il governo. Con una popolazione stimata di quasi 111 milioni di persone, le Filippine sono il 13º Paese più popoloso del mondo e altri undici milioni di filippini vivono all'estero. Varie etnie e culture convivono sulle isole delle Filippine, che sono considerate come una nazione di recente industrializzazione;","Filipinas —oficialmente la República de Filipinas — es un país insular situado en el Sudeste Asiático, sobre el océano Pacífico. Su capital es Manila y su ciudad más poblada es la Ciudad Quezón. Al norte se encuentra separado de la isla de Taiwán por el estrecho de Luzón; al oeste se halla el mar de la China Meridional y Vietnam; al suroeste, Borneo; al sur, el mar de Célebes lo separa de otras islas de Indonesia, y al este limita con el mar de Filipinas. Su ubicación en el cinturón de fuego del Pacífico y su clima tropical lo convierten en un lugar propenso a terremotos y tifones. El país es rico en recursos naturales y se encuentra en una de las zonas con mayor biodiversidad del mundo. Está formado por 7.107 islas que se clasifican geográficamente en tres grupos: Luzón, las Bisayas y Mindanao.","Manila","Quezon City","112729484","300000","363.45","Unitary|presidential republic","Filipino|English","Filipino|Filipina (feminine)|Pinoy|Pinay (colloquial feminine)|Philippine (adjective for certain common nouns)","512.222","0.72","Philippine peso|(|₱|)","+8","+63",".ph"
"PK","Pakistan","Paquistão","Pakistan","Pakistan","Pakistán","https://en.wikipedia.org/wiki/Special:FilePath/Flag_of_Pakistan.svg?width=250","Pakistan, officially the Islamic Republic of Pakistan, is a country in South Asia. It is the fifth-most populous country, with a population of over 241.5 million, having the second-largest Muslim population as of 2023. Islamabad is the nation's capital, while Karachi is its largest city and financial centre. Pakistan is the 33rd-largest country by area. Bounded by the Arabian Sea on the south, the Gulf of Oman on the southwest, and the Sir Creek on the southeast, it shares land borders with India to the east; Afghanistan to the west; Iran to the southwest; and China to the northeast. It shares a maritime border with Oman in the Gulf of Oman, and is separated from Tajikistan in the northwest by Afghanistan's narrow Wakhan Corridor.","O território que hoje constitui o Paquistão moderno foi o lar de várias culturas antigas, como a Mergar durante o Neolítico, da Civilização do Vale do Indo durante a Idade do Bronze e, posteriormente, foi a sede de reinos governados por pessoas de diferentes credos e culturas, como hindus, indo-gregos, muçulmanos, turco-mongóis, afegãos e siques. A região foi governada por vários impérios e dinastias, como o Império Máuria indiano, o Império Aquemênida persa, o Império de Alexandre, o Califado Omíada árabe, o Império Mongol, o Império Durrani, o Império Sique e o Império Britânico. Como resultado do Movimento Paquistanês, liderado por Muhammad Ali Jinnah, e pela luta da região por independência política, o Paquistão foi criado em 1947 como uma nação independente para os muçulmanos das regiões no leste e no oeste do subcontinente indiano, onde havia uma maioria muçulmana. Inicialmente um domínio, o Paquistão adotou uma nova constituição em 1956, tornando-se uma república islâmica. A guerra civil, em 1971, resultou na secessão do Paquistão Oriental como um novo país chamado Bangladesh.","Le Pakistan, en forme longue la république islamique du Pakistan, est un pays d'Asie du Sud entouré par l'Iran, l'Afghanistan, la Chine, l'Inde et la mer d'Oman. Fondé le par la Ligue musulmane avec pour but d'être l’État-nation des musulmans indiens, il naît au terme de la partition des Indes sous la forme d'un État constitué de deux parties séparées par près de de territoire indien. Le pays se trouve réduit à sa partie occidentale en 1971 à l'issue de la guerre d'indépendance du Bangladesh. Depuis sa création, il entretient des relations tendues avec l'Inde en raison de prétentions territoriales concurrentes sur le Cachemire, les deux pays s'étant affrontés à travers, ainsi qu'un conflit frontalier avec l'Afghanistan. En revanche, le Pakistan a des relations cordiales avec la Chine et a souvent été allié aux États-Unis. Le pays dispose de l'arme nucléaire après avoir fait des essais en 1998.","Il suo territorio è considerato una culla della civiltà e in precedenza fu sede di diverse culture antiche, tra cui quella Mehrgarh del neolitico e la civiltà della valle dell'Indo dell'età del bronzo. In seguito vi succedettero regni governati da persone di fedi e culture diverse, tra cui indù, indo-greci, buddhisti, musulmani, turco-mongoli, afgani e sikh. Vi dominarono numerosi imperi e dinastie, tra cui l'Impero Maurya bengalese, l'Impero achemenide persiano, Alessandro di Macedonia, il Califfato omayyade e il Califfato abbaside arabi, il Sultanato di Delhi, l'Impero mongolo, l'Impero Mughal, l'Impero Durrani, l'Impero Sikh e l'Impero britannico.","Pakistán o Paquistán, oficialmente República Islámica de Pakistán, es un Estado soberano de Asia ubicado en Oriente Medio y el subcontinente indio que comparte fronteras con Afganistán al norte y noroeste, con Irán al oeste, con la India al este y con China al noreste, mientras que hacia el sur posee unos 1046 km de costa bañada por el mar Arábigo y el golfo de Omán, en el océano Índico. El corredor afgano de Vaján lo separa de Tayikistán en el norte. Con más de 240 millones de habitantes según el censo oficial llevado a cabo a partir de marzo de 2023, Pakistán es el quinto país más poblado del mundo, así como uno de los más densamente poblados.","Islamabad","Karachi","241499431","881913","273.8","Federal|parliamentary|Islamic republic","Urdu|English","Pakistani","407.79","0.544","Pakistani rupee","+5","+92",".pk|پاکستان."
"PL","Poland","Polónia","Pologne","Polonia","Polonia","https://en.wikipedia.org/wiki/Special:FilePath/Flag_of_Poland.svg?width=250","Poland, officially the Republic of Poland, is a country in Central Europe. It extends from the Baltic Sea in the north to the Sudetes and Carpathian Mountains in the south, and borders Lithuania and Russia to the northeast; Belarus and Ukraine to the east; Slovakia and the Czech Republic to the south; and Germany to the west. The territory has a varied landscape, diverse ecosystems, and a temperate climate. Poland is composed of sixteen voivodeships and is the fifth most populous member state of the European Union, with over 38 million people, and the fifth largest EU country by land area, covering 312696. The capital and largest city is Warsaw; other major cities include Kraków, Wrocław, Łódź, Poznań, and Gdańsk.","Muitos historiadores traçam o estabelecimento do Estado polonês em 966, quando Mieszko I, governante de um território mais ou menos com a mesma extensão que o da atual Polônia, se converteu ao catolicismo. O Reino da Polônia foi fundado em 1025 e em 1569 cimentou uma associação política de longa data com o Grão-Ducado da Lituânia, assinando a União de Lublin, que acabou por formar a Comunidade Polaco-Lituana. A Comunidade gradualmente deixou de existir nos anos 1772-1795, quando o território polaco foi dividido entre o Reino da Prússia, o Império Russo e a Áustria. A Polônia recuperou sua independência, no final da Primeira Guerra Mundial, em 1918.","La Pologne, en forme longue république de Pologne, est un État d'Europe centrale, frontalier avec l'Allemagne à l'ouest, la Tchéquie au sud-ouest, la Slovaquie au sud, l'Ukraine à l'est-sud-est et la Biélorussie à l'est-nord-est, et enfin l'enclave russe de Kaliningrad et la Lituanie au nord-est.","Lo Stato polacco ha una storia lunga più di un millennio; nel XVI secolo, sotto la dinastia degli Jagelloni, e specialmente sotto Giovanni III Sobieski, era uno dei paesi europei più potenti e influenti, per poi cessare di esistere per 123 anni, in quanto diviso tra gli imperi della Russia, dell'Austria-Ungheria e del Regno di Prussia. L'indipendenza venne riguadagnata nel 1918, in seguito alla prima guerra mondiale, come Seconda Repubblica di Polonia. Dopo la seconda guerra mondiale, divenne uno Stato satellite dell'Unione Sovietica, conosciuto come Repubblica Popolare Polacca.","Su territorio tiene una extensión de 312 696 km² y una población de 38.2 millones de personas, por lo que es el quinto país más poblado de la UE. Comprende en su porción más grande al norte parte de la gran llanura europea y abarca al sur territorio montañoso de los Sudetes, los Cárpatos y la sierra de Santa Cruz. Aunque la capital y ciudad más poblada es Varsovia, el centro académico-cultural es la segunda ciudad más grande, Cracovia.","Warsaw","Warsaw","37314000","312696","126","Unitary parliamentary republic","Polish","Polish|Pole","1.134","0.906","Złoty","+1","+48",".pl"
"PW","Palau","Palau","Palaos","Palau (stato)","Palaos","https://en.wikipedia.org/wiki/Special:FilePath/Flag_of_Palau.svg?width=250","Palau, officially the Republic of Palau, is an island country located in the Micronesia subregion of Oceania in the western Pacific Ocean. The Republic of Palau consists of approximately 340 islands and is the western part of the Caroline Islands, while the eastern and central parts make up the Federated States of Micronesia.","O país foi estabelecido originalmente há cerca de por migrantes das Filipinas, tendo sofrido uma povoação de negritos até há cerca de 900 anos. As ilhas foram visitadas pelos europeus no século XVIII, e se tornaram parte do Império Espanhol na Ásia e Oceania, em 1885. Após a derrota da Espanha na Guerra Hispano-Americana, em 1898, as ilhas foram vendidas à Alemanha Imperial em 1899, nos termos do Tratado Germano-Espanhol, onde foram administrados como parte da Nova Guiné Alemã. A Marinha Imperial Japonesa conquistou Palau durante a Primeira Guerra Mundial, e as ilhas foram feitas mais tarde uma parte do Mandato do Pacífico Sul pela Liga das Nações. Durante a Segunda Guerra Mundial, escaramuças, incluindo a Batalha de Peleliu, foram travadas entre as tropas norte-americanas e japonesas, como parte da Campanha nas Ilhas Marianas e Palau. Após a guerra, junto com outras ilhas do Pacífico, Palau foi posta sob alçada do governo dos Estados Unidos, através do Protetorado das Ilhas do Pacífico em 1947. O país votou contra a formação de um único estado com os Estados Federados da Micronésia em 1979, ganhando soberania plena em 1994 sob um Tratado de Livre Associação com os Estados Unidos.","Les Palaos, en forme longue la république des Palaos, sont un pays d'Océanie situé en Micronésie, à l'est de Mindanao, au nord de la Nouvelle-Guinée occidentale, à l'ouest des États fédérés de Micronésie et occupant l'extrémité occidentale de l'archipel des Carolines.","Palau, a volte scritto anche Belau, ufficialmente Repubblica di Palau, è uno Stato insulare nell'oceano Pacifico, situato a circa a est delle Filippine. Ha ottenuto l'indipendenza dagli Stati Uniti d'America nel 1994.","Palaos, oficialmente la República de Palaos, es un país insular, uno de los cuatro que forman Micronesia y uno de los catorce que conforman Oceanía. Su capital es Ngerulmud y su ciudad más poblada es Koror.","Ngerulmud","Koror","17663","459","38.375","Unitary|presidential republic|under a|non-partisan democracy","Palauan|English","Palauan","322","0.786","United States dollar","+9","+680",".pw"
"PY","Paraguay","Paraguai","Paraguay","Paraguay","Paraguay","https://en.wikipedia.org/wiki/Special:FilePath/Flag_of_Paraguay.svg?width=250","Paraguay, officially the Republic of Paraguay, is a landlocked country located in the central region of South America. It borders Bolivia to the northwest and north, Brazil to the northeast and east, and Argentina to the southeast, south, and west. Paraguay has access to the Atlantic Ocean via the Paraná–Paraguay Waterway. The country is governed as a unitary presidential republic composed of a capital district and seventeen departments. Its capital and largest city is Asunción.","O Paraguai está localizado no centro-sul da América do Sul. A topografia da área do leste do país é extensamente plana. O principal produto de exportação cultivado nessa região é a soja. No oeste, a principal atividade econômica do cerrado do Grande Chaco é a pecuária. O rio Paraguai divide o país entre o norte e o sul. O próprio rio é a mais importante rota comercial de transporte num país que não tem saída para o mar. São parte integrante da população do Paraguai uma grande quantidade de brasileiros, os brasiguaios. Os brasiguaios abrangem uma área muito grande próximo à fronteira com o Brasil. Essa área ocupada pelos brasiguaios é uma fonte de preocupação para os demais habitantes da região.","Le Paraguay, en forme longue république du Paraguay depuis 1813, est un État souverain enclavé d'Amérique du Sud. Néanmoins, il dispose d'un accès à la mer via le rio Paraná qui se jette dans l'océan Atlantique. Le pays a des frontières terrestres avec l'Argentine, la Bolivie et le Brésil.","Confina a nord con la Bolivia, a est con il Brasile e a sud e ovest con l'Argentina. Il Paraguay è una repubblica presidenziale, e l'attuale capo di Stato e di governo è Santiago Peña.","Paraguay, oficialmente República del Paraguay, es un país soberano situado en el centro de Sudamérica con grandes extensiones de bosques, cataratas y humedales. Está organizado como un estado unitario, compuesto por una capital y diecisiete departamentos. Su capital es Asunción, una de las ciudades más antiguas de América. Su forma de gobierno es de república que se rige por el sistema presidencial y se organiza como un estado de derecho. Es miembro fundador de la ONU, la OEA, la OIM y el MERCOSUR.","Asunción","Asunción","6460159","406752","39","Unitary|presidential republic","Spanish|Guarani","Paraguayan","60.542","0.756","Guaraní","–03:00","+595",".py"
"QA","Qatar","Catar","Qatar","Qatar","Catar","https://en.wikipedia.org/wiki/Special:FilePath/Flag_of_Qatar.svg?width=250","Qatar, officially the State of Qatar, is a country in West Asia. It occupies the Qatar Peninsula on the northeastern coast of the Arabian Peninsula in the Middle East; it shares its sole land border with Saudi Arabia to the south, with the rest of its territory surrounded by the Persian Gulf. The Gulf of Bahrain, an inlet of the Persian Gulf, separates Qatar from nearby Bahrain. The capital is Doha, home to over 80% of the country's inhabitants. Most of the land area is made up of flat, low-lying desert.","O Catar é um emirado absolutista e hereditário comandado pela Casa de Thani desde meados do. As posições mais importantes no país são ocupadas por membros ou grupos próximos da família al-Thani. Em 1995, o xeque Hamad bin Khalifa Al Thani tornou-se emir após depor seu pai, Khalifa bin Hamad al Thani, em um golpe de Estado​​.","Le Qatar, en forme longue l'État du Qatar, est un émirat du Moyen-Orient d'une superficie de. Le Qatar est situé sur une petite péninsule s'avançant dans le golfe Persique et reliée à la péninsule Arabique au sud, où elle a une frontière terrestre avec l'Arabie saoudite. Sa capitale est Doha, sa langue officielle l'arabe, sa religion d'État l'islam et sa monnaie le riyal qatarien.","Il Qatar, ufficialmente Stato del Qatar, è un paese arabo del Medio Oriente affacciato sul golfo Persico; confina con l'Arabia Saudita a sud. È uno degli Stati più ricchi al mondo, forte della sua industria petrolifera.","Catar, cuyo nombre oficial es Estado de Catar, es un Estado soberano árabe ubicado en el oeste de Asia que ocupa la pequeña península homónima en el este de la península arábiga. Tiene una única frontera terrestre, por el sur con Arabia Saudita, mientras que el resto del territorio lo bañan las aguas del golfo Pérsico. Un estrecho de agua separa esta península del Estado insular de Baréin.","Doha","Doha","3214609","11581","264","Unitary|authoritarian|semi-constitutional monarchy","Arabic","Qatari","222.78","0.886","Qatari riyal","+3:00","+974",".qa|قطر."
"RO","Romania","Romênia","Roumanie","Romania","Rumania","https://en.wikipedia.org/wiki/Special:FilePath/Flag_of_Romania.svg?width=250","Romania is a country in Central and Southeastern Europe. It lies on the lower course of the Danube, north of the Balkan Peninsula, and on the northwestern shore of the Black Sea. It borders Ukraine to the north and east, Hungary to the west, Serbia to the southwest, Bulgaria to the south, Moldova to the east, and the Black Sea to the southeast. It is the twelfth-largest country in Europe by area, covering 238397, and the sixth-most populous member state of the European Union, with 19 million inhabitants. The capital, largest city and economic centre is Bucharest. Other major cities include Cluj-Napoca, Iași, Constanța, Timișoara and Brașov.","Com 20,1 milhões de habitantes, é o sétimo membro mais populoso da União Europeia. Sua capital e maior cidade, Bucareste, é a sexta maior cidade da UE. Cerca de 90% da população identifica-se como praticantes da Ortodoxia Oriental e são falantes nativos do romeno, uma língua românica. Com uma rica história cultural, a Romênia tem sido o lar de artistas, músicos e inventores influentes e apresenta uma variedade de atrações turísticas, como o ""Castelo do Drácula"".","La Roumanie est un pays d'Europe de l'Est, partagé entre Europe centrale, orientale et du Sud-Est. C’est le sixième pays le plus peuplé de l'Union européenne et le huitième pays le plus grand pour sa superficie totale. La géographie du pays est structurée par les Carpates, le Danube et le littoral de la mer Noire. La Roumanie a comme pays frontaliers la Hongrie, l'Ukraine, la Moldavie, la Bulgarie et la Serbie.","Confina a ovest con l'Ungheria e la Serbia, a sud con la Bulgaria, a est con il Mar Nero, la Moldavia e l'Ucraina e a nord nuovamente con l'Ucraina. Dal 29 marzo 2004 la Romania fa parte della NATO e, dal 1º gennaio 2007, dell'Unione europea.","Rumania o Rumanía es uno de los veintisiete Estados soberanos que forman la Unión Europea. Está ubicado en la intersección de Europa Oriental y del Sureste, y cuenta con costa en el Mar Negro por el sudeste.","Bucharest","Bucharest","19043151","238397","83","Unitary|semi-presidential republic","Romanian","Romanian","480.834","0.845","Romanian leu","+2","+40",".ro"
"RS","Serbia","Sérvia","Serbie","Serbia","Serbia","https://en.wikipedia.org/wiki/Special:FilePath/Flag_of_Serbia.svg?width=250","Serbia, officially the Republic of Serbia, is a landlocked country in Southeast and Central Europe. Located in the Balkans, it is bordered by Hungary to the north, Romania to the northeast, Bulgaria to the southeast, North Macedonia to the south, Croatia to the northwest, Bosnia and Herzegovina to the west, and Montenegro to the southwest. Serbia also claims to share a border with Albania through the disputed territory of Kosovo. Serbia has about 6.6 million inhabitants, excluding Kosovo. Belgrade, Serbia's capital, is also its largest city.","A maioria albanesa instalada no Cossovo proclamou unilateralmente a independência da província do sul em 17 de fevereiro de 2008 como a ""República do Cossovo"". O governo sérvio, tal como o russo, o espanhol e outros, não a reconhece, reivindicando-a como Província Autônoma de Cossovo e Metóquia.","La Serbie, en forme longue la république de Serbie, est un État des Balkans occidentaux et de l’Europe du Sud et du Sud-Est, parfois situé en Europe centrale ; son régime politique est de type démocratie parlementaire monocamérale. La Serbie est frontalière de la Roumanie à l'est-nord-est, de la Bulgarie au sud-est, de la Macédoine du Nord au sud-sud-est, du Kosovo ou de l'Albanie au sud, du Monténégro au sud-ouest, de la Bosnie-Herzégovine à l'ouest, de la Croatie au nord-ouest et de la Hongrie au nord-nord-ouest. Sa capitale est Belgrade.","La Serbia, ufficialmente Repubblica di Serbia, è uno Stato dell'Europa sudorientale senza sbocco sul mare, compreso tra il bassopiano pannonico e la penisola balcanica.","Serbia formó un reino medieval que evolucionó hasta convertirse en un imperio que alcanzó su máxima extensión en el. En el, el territorio serbio fue conquistado por el Imperio otomano, al que perteneció hasta el, cuando Serbia recuperó su independencia y expandió su territorio. Tras el fin de la Primera Guerra Mundial, Serbia formó junto con otros territorios balcánicos el Reino de Yugoslavia. Después de la Segunda Guerra Mundial, pasó a ser parte de la República Federal Socialista de Yugoslavia, que terminó desintegrándose tras una serie de guerras en la década de 1990. Finalmente, Serbia se convirtió de nuevo en un Estado independiente en 2006, tras la disolución de la unión de Serbia con Montenegro.","Belgrade","Belgrade","6532019","88499","84.19","Unitary parliamentary republic","Serbian","Serbian","112.03","0.833","Serbian dinar","+1","+381",".rs|.срб"
"RU","Russia","Rússia","Russie","Russia","Rusia","https://en.wikipedia.org/wiki/Special:FilePath/Flag_of_Russia.svg?width=250","Russia, or the Russian Federation, is a country in Eastern Europe and North Asia. It is the largest country in the world, spanning eleven time zones and sharing land borders with fourteen countries. With a population of over 140 million, Russia is the most populous country in Europe and the ninth-most populous in the world. It is a highly urbanised country, with sixteen of its urban areas having more than 1 million inhabitants. Moscow, the most populous metropolitan area in Europe, is the capital and largest city of Russia, while Saint Petersburg is its second-largest city and a major cultural centre.","Federação da Rússia, ou simplesmente chamada de Rússia, é um país localizado no norte da Eurásia, com área de quilómetros quadrados. É o maior país do planeta, cobrindo mais de um nono da superfície terrestre. É também o nono país mais populoso, com 146 milhões de habitantes e o país mais populoso da Europa. Faz fronteira com os seguintes países, de noroeste para sudeste: Noruega, Finlândia, Estónia, Letónia, Lituânia e Polónia, Bielorrússia, Ucrânia, Geórgia, Azerbaijão, Cazaquistão, China, Mongólia e Coreia do Norte. Também tem fronteiras marítimas com o Japão, pelo Mar de Okhotsk e pelo Mar do Japão, e com os Estados Unidos, pelo Estreito de Bering.","La Russie, en forme longue la fédération de Russie, est un pays transcontinental, le plus vaste État de la planète, à cheval sur l'Asie du Nord et sur l'Europe de l'Est.","La Russia, ufficialmente Federazione Russa, è uno Stato transcontinentale, principalmente sito nell’ Asia settentrionale, che si estende per un terzo in Europa. È il più vasto Stato del mondo, con una superficie di km², ed a inizio 2024 conta circa 143,968,824 abitanti. La capitale è Mosca. La lingua ufficiale è il russo, ma le repubbliche autonome possono avere altre lingue ufficiali. L'attuale presidente della federazione è Vladimir Putin.","Rusia, conocida formalmente como Federación Rusa, es un país euroasiático que se extiende sobre Europa del Este y Asia del Norte. Es el país más extenso del mundo, con una superficie de, equivalente a algo más de la novena parte de la tierra firme del planeta, y posee una gran variedad de relieve y de ecosistemas. Su capital es la ciudad federal de Moscú.","Moscow","Moscow","146028325","17098246","8.4","Federal|semi-presidential republic|under an|authoritarian|government","Russian","Russian","2.656","0.832","Russian ruble|(|₽|)","+2 to +12","+7",".ru"
"RW","Rwanda","Ruanda","Rwanda","Ruanda","Ruanda","https://en.wikipedia.org/wiki/Special:FilePath/Flag_of_Rwanda.svg?width=250","Rwanda, officially the Republic of Rwanda, is a landlocked country in East Africa. Its geography is dominated by mountains in the west and savanna in the southeast. The largest and most notable lakes are mainly in the western and northern regions of the country, and several volcanoes that form part of the Virunga volcanic chain are primarily in the northwest. The climate is considered tropical highland, with two rainy seasons and two dry seasons each year. Its capital and largest city is Kigali, located at the centre of the country, at 1,567 metres above sea level. Rwanda lies a few degrees south of the Equator in the Great Rift Valley of East Africa. Rwanda is bordered by Uganda to the north, Tanzania to the east, Burundi to the south, and the Democratic Republic of the Congo to the west. With a population of about 14 million people living within a total area of 26338, of which land accounts for about 93.7%, Rwanda is the 21st most densely populated country in the world, with an average of about 578 people per square kilometre.","Ruanda recebeu uma atenção internacional considerável devido ao genocídio ocorrido em 1994, no qual cerca de 800 mil pessoas foram mortas. Desde então, o país viveu uma grande recuperação social e, hoje em dia, apresenta um modelo de desenvolvimento que é considerado exemplar para países em desenvolvimento. Em 2009, uma reportagem da rede de notícias CNN classificou Ruanda como tendo a história de maior sucesso do continente, tendo alcançado estabilidade, crescimento da economia e integração internacional. Em 2007, a revista Fortune publicou um artigo intitulado ""Why CEOs Love Rwanda"". A capital, Quigali, é a primeira cidade africana a ser galardoada com o Habitat Scroll of Honor Award, em reconhecimento de sua ""limpeza, segurança e conservação do modelo urbano"". Em 2008, Ruanda tornou-se o primeiro país a eleger uma legislatura nacional na qual a maioria dos membros era mulheres. Ruanda aderiu à Commonwealth of Nations em 29 de novembro de 2009 como seu quinquagésimo quarto membro, fazendo do país um dos apenas três membros sem um passado colonial britânico.","Le Rwanda, en forme longue la république du Rwanda, surnommé le « pays des mille collines », est un pays d'Afrique de l'Est. En 2026, la population du pays comptait 14 803 020 habitants. Le Rwanda étend ses dans la région des Grands Lacs. Il partage des frontières avec, au nord, l'Ouganda, à l'est, la Tanzanie, au sud, le Burundi, et à l'ouest, la république démocratique du Congo. Sa capitale Kigali est située au centre du pays.","Il Ruanda, ufficialmente Repubblica del Ruanda, è uno Stato dell'Africa orientale, con capitale Kigali. Confina a ovest con la Repubblica Democratica del Congo, a nord con l'Uganda, a est con la Tanzania, a sud con il Burundi e non ha sbocchi sul mare.","Ruanda es un país de rentas bajas, que en las décadas desde 1995 a al menos 2019 viene consiguiendo unas de las cuotas de crecimiento más altas del continente. Gran parte de la población trabaja en la agricultura, principalmente de subsistencia, pero hay una creciente producción mineral y procesamiento de productos agrícolas. El turismo es actualmente la principal fuente de renta del país, y desde 2008 la minería ha sobrepasado al café y té como principal fuente de productos para exportación.","Kigali","Kigali","14104969","26338","578","Unitary|semi-presidential republic|under an|authoritarian|dictatorship","Kinyarwanda|English|French|Swahili","Rwandan|Rwandese","17.33617","0.578","Rwandan franc","+2","+250",".rw"
"SA","Saudi Arabia","Arábia Saudita","Arabie saoudite","Arabia Saudita","Arabia Saudita","https://en.wikipedia.org/wiki/Special:FilePath/Flag_of_Saudi_Arabia.svg?width=250","Saudi Arabia, officially the Kingdom of Saudi Arabia, is a country in West Asia. Located in the centre of the Middle East, it covers the bulk of the Arabian Peninsula and has a land area of about, making it the fifth-largest country in Asia, the largest in the Middle East, and the twelfth-largest in the world. It is bordered by the Red Sea to the west; Jordan, Iraq, and Kuwait to the north; the Arabian Gulf, Bahrain, Qatar and the United Arab Emirates to the east; Oman to the southeast; and Yemen to the south. The Gulf of Aqaba in the northwest separates Saudi Arabia from Egypt and Israel. Saudi Arabia is the only country with a coastline along both the Red Sea and the Arabian Gulf, and most of its terrain consists of arid desert, lowland, steppe, and mountains. The capital and largest city is Riyadh; other major cities include Jeddah and the two holiest cities in Islam, Mecca and Medina. With a population of 33.7 million, Saudi Arabia is the sixth most populous country in the Arab world.","Arábia Saudita, oficialmente Reino da Arábia Saudita, é considerado por tamanho de território, o maior país árabe na Ásia e na península Arábica, constituindo a maior parte da península Arábica, e o segundo maior país árabe do mundo. Tem fronteiras com Jordânia e Iraque ao norte; Cuaite a nordeste; Catar, Barém e Emirados Árabes Unidos a leste; Omã a sudeste; Iêmen ao sul; mar Vermelho a oeste e com o golfo Pérsico a leste. Sua população é estimada em 16 milhões de cidadãos nativos, 9 milhões de expatriados estrangeiros e 2 milhões de imigrantes ilegais registrados. Suas principais cidades são: Riade, a capital; Gidá, principal porto e antiga capital; Meca e Medina, cidades sagradas do islamismo; e Damã, banhada pelo golfo Pérsico.","L, en forme longue le, est une monarchie arabe et islamique depuis l'unification du royaume en 1932 par Abdelaziz ibn Saoud. Peuplée de d'habitants en 2024, occupant 80 % de la péninsule Arabique, c'est le plus grand pays du Moyen-Orient avec une superficie de plus de deux millions de kilomètres carrés.","Il Regno dell'Arabia Saudita è stato fondato nel 1932 da ʿAbd al-ʿAzīz b. Saʿūd, anche se le conquiste che infine hanno portato alla creazione del Regno presero l'avvio nel 1902 quando egli conquistò Riad, la sede ancestrale della sua famiglia, la dinastia saudita, denominata in arabo ""Āl Saʿūd"". Sin dalla sua nascita il governo dell'Arabia Saudita è una monarchia assoluta e segue le linee guida islamiche in materia di successione. L'Arabia Saudita è il luogo di nascita dell'Islam e il regno è talvolta chiamato ""la terra delle due sacre moschee"" in riferimento all'al-Masjid al-Ḥaram e all'al-Masjid al-Nabawī, i due santuari più sacri dell'Islam.","Limita con Jordania por el noroeste, con Irak por el noreste, con Kuwait, Emiratos Árabes Unidos, Catar y el golfo Pérsico por el este, con el mar Rojo por el oeste, y con Omán y Yemen por el sur, además de estar conectado con Baréin, a través de la calzada del Rey Fahd. El país posee km² de superficie, y contaba con una población de más de 29 millones de habitantes en 2012. Su preponderancia en la exportación mundial de petróleo la ha convertido en una de las veinte economías más grandes del planeta. Es también denominada como «la tierra de las mezquitas sagradas» en referencia a la Gran Mezquita de La Meca y la Mezquita del Profeta de Medina, los dos lugares más sagrados del islam, a los cuales les está estrictamente prohibido el acceso a los no musulmanes.","Riyadh","Riyadh","33702731","2149690","15","Unitary Islamic|absolute monarchy","Arabic","Saudi|Saudi Arabian","1.389","0.9","Saudi riyal","+3","+966",".sa|السعودية."
"SB","Solomon Islands","Ilhas Salomão","Îles Salomon","Isole Salomone","Islas Salomón","https://en.wikipedia.org/wiki/Special:FilePath/Flag_of_the_Solomon_Islands.svg?width=250","Solomon Islands, also known simply as the Solomons, is an archipelagic country consisting of six major islands and over 1,000 smaller islands in Melanesia, Oceania, to the north-east of Australia. It is adjacent to Bougainville to the west, New Caledonia and Vanuatu to the south-east, Fiji, Tuvalu, and Wallis and Futuna to the east, and the Federated States of Micronesia and Nauru to the north. It has a total area of 28,896 square kilometres, and a population of 828,857 according to official estimates from 2025. Its capital and largest city, Honiara, is located on the largest island, Guadalcanal. The country takes its name from the wider area of the Solomon Islands archipelago, which is a collection of Melanesian islands that also includes the Autonomous Region of Bougainville, but excludes the Santa Cruz Islands.","As ilhas foram habitadas por milhares de anos. Em 1568, o navegador espanhol Álvaro de Mendaña foi o primeiro europeu a chegar ao lugar, nomeando-os como Islas Salomón. A Grã-Bretanha definiu sua área de interesse no arquipélago das Ilhas Salomão em junho de 1893, quando o capitão Gibson RN, do HMS Curacoa, declarou o sul das Ilhas Salomão um protetorado britânico. Durante a Segunda Guerra Mundial, a Campanha nas Ilhas Salomão sediou ferozes combates entre os Estados Unidos e o Império do Japão, como a Batalha de Guadalcanal.","Les îles qui composent ce pays se trouvent essentiellement dans l’océan Pacifique, en mer des Salomon et en mer de Corail. Cet État mélanésien est constitué d’une douzaine d’îles principales et de près d’un millier d’îles plus petites réparties sur trois archipels : l’archipel des îles Salomon pour la plus grande partie du pays, les îles Santa Cruz et les îles Duff pour la province de Temotu.","Le Isole Salomone sono uno Stato insulare dell'Oceano Pacifico meridionale, nell'Oceania vicina, parte dell'omonimo arcipelago e situate ad est della Papua Nuova Guinea. Consistono in circa mille isole, che complessivamente coprono una superficie di circa 29.000 chilometri quadrati. La capitale, che sorge sull'isola di Guadalcanal, è Honiara, con circa 80.000 abitanti.","Las Islas SalomónRennell y Bellona se encuentran fuera del archipiélago principal. Su capital y ciudad más poblada es Honiara, ubicada en la isla de Guadalcanal. Cuenta con una superficie de, y una población de 740 424 habitantes.","Honiara","Honiara","828857","28896","28.68","Unitary|parliamentary constitutional monarchy","English","Solomon IslanderSolomonese","1.6812","0.584","Solomon Islands dollar","+11","+677",".sb"
"SC","Seychelles","Seicheles","Seychelles","Seychelles","Seychelles","https://en.wikipedia.org/wiki/Special:FilePath/Flag_of_Seychelles.svg?width=250","Seychelles, officially the Republic of Seychelles, is an archipelagic country consisting of 115 islands in the Indian Ocean. Its capital and largest city, Victoria, is east of mainland Africa. Nearby island countries and territories include the Maldives, Comoros, Madagascar, Mauritius, and the French overseas departments of Mayotte and Réunion to the south; and the Chagos Archipelago to the east. Seychelles is the smallest country in Africa as well as the least populated sovereign African country, with an estimated population of 100,600 in 2022.","As Seicheles eram desabitadas antes de serem encontradas pelos europeus no século XVI. Enfrentaram interesses franceses e britânicos concorrentes, até ficar sob controle britânico total no final do século XIX. Desde a proclamação da independência do Reino Unido em 1976, o país passou de uma sociedade amplamente agrícola para uma economia diversificada baseada no mercado, caracterizada pelo rápido crescimento das atividades de serviços, setor público e turismo. De 1976 até 2015, o PIB nominal cresceu quase sete vezes e a paridade do poder de compra aumentou quase dezesseis vezes. Desde o final de 2010, o governo tomou medidas para incentivar o investimento estrangeiro.","Les Seychelles, en forme longue la république des Seychelles est un archipel de 115 îles, situé en Afrique de l'Est, dans l'Ouest de l'océan Indien. Toutes ces îles sont regroupées en un État dont la capitale est la ville de Victoria, implantée sur l'île principale de Mahé.","Le Seychelles, in italiano anche Seicelle, ufficialmente Repubblica delle Seychelles, sono uno Stato insulare africano il cui territorio è costituito da un arcipelago di 115 isole, localizzato nell'Oceano Indiano a circa a est delle coste della Tanzania.","Su capital es Victoria, la única ciudad del archipiélago, ubicada en la isla Mahé y habitada por un tercio de la población. Posee el único aeropuerto y puerto internacional del país, que recibe vuelos desde los aeropuertos internacionales más importantes del mundo, ya que la principal fuente de divisas del país es el turismo.","Victoria","Victoria","111313","457","262.3","Unitary|presidential republic","Creole|English|French","Seychellois|Seychelloise|Seselwa (Creole)","2250.202520251014","0.848","Seychellois rupee","+04:00","+248",".sc"
"SD","Sudan","Sudão","Soudan","Sudan","Sudán","https://en.wikipedia.org/wiki/Special:FilePath/Flag_of_Sudan.svg?width=250","Sudan, officially the Republic of the Sudan, is a country in Northeast Africa. It borders the Central African Republic to the southwest, Chad to the west, Libya to the northwest, Egypt to the north, the Red Sea to the east, Eritrea and Ethiopia to the southeast, and South Sudan to the south. Sudan has a population of 51.8 million people as of 2025 and occupies 1,886,068 square kilometres, making it Africa's third-largest country by area. Sudan's capital and most populous city is Khartoum.","A área que hoje é o Sudão testemunhou as culturas Khormusana, Cultura Halfana, Sebiliana, Cultura Qadana, a guerra de Jebel Sahaba, a guerra mais antiga conhecida no mundo, por volta de 11500 a.C., a Cultura do Grupo A, o Reino de Kerma, o Império Novo Egípcio e o Reino de Cuxe. Após a queda de Cuxe, os Núbios formaram os três reinos cristãos de Nobácia, Macúria e Alódia. Entre os séculos XIV e XV, a maior parte do Sudão foi gradualmente colonizada por nômades árabes. Do século XVI ao XIX, o centro e o leste do Sudão foram dominados pelo sultanato de Funj, enquanto o Darfur governava o oeste e os Otomanos o leste. A partir do século XIX, todo o Sudão foi conquistado pelos egípcios sob a Dinastia de Maomé Ali. Um fervor religioso-nacionalista eclodiu na Revolta Mahdista, na qual as forças mahdistas foram eventualmente derrotadas por uma força militar conjunta egípcio-britânica. Em 1899, sob pressão britânica, o Egito concordou em compartilhar a soberania sobre o Sudão com o Reino Unido na forma de um condomínio. Na prática, o Sudão era governado como uma posse britânica. A Revolução Egípcia de 1952 derrubou a monarquia e exigiu a retirada das forças britânicas de todo o Egito e Sudão. Muhammad Naguib, um dos dois colíderes da revolução e primeiro presidente do Egito, era meio-sudanês e havia sido criado no Sudão. Ele fez da garantia da independência sudanesa uma prioridade do governo revolucionário. Em 1º de janeiro de 1956, o Sudão foi declarado um estado independente.","Le Soudan, en forme longue la république du Soudan, est un pays d'Afrique de l’Est. Il est bordé par la Libye au nord-ouest, l’Égypte au nord, la mer Rouge à l'est-nord-est, l'Érythrée à l'est, l'Éthiopie à l'est-sud-est, le Soudan du Sud au sud, la République centrafricaine au sud-ouest et le Tchad à l'ouest. Les langues officielles du pays sont l’arabe et l'anglais depuis 2005.","La popolazione del Sudan ha una lunga storia fin dall'antichità, che si intreccia con la storia dell'Egitto. Il Sudan ha sofferto diciassette anni di guerra civile, durante la guerra civile sudanese, seguita dalla seconda guerra civile sudanese tra il governo centrale del Sudan e il SPLA/M del Sudan del sud. A causa delle continue lotte politiche e militari, il Sudan ha subito un incruento colpo di Stato dal colonnello Omar al-Bashir, nel 1989, che si proclamò presidente del Sudan. La guerra civile si è conclusa con la firma di un accordo globale di pace che ha concesso l'autonomia a quella che allora era la regione meridionale del Paese. In seguito, un referendum tenutosi nel gennaio 2011 ha decretato la separazione del Sudan del Sud dal Paese, avvenuta il 9 luglio 2011 con il consenso del Sudan.","Está situado al noreste de África y comparte frontera con Egipto al norte, con el mar Rojo al noreste que la separa de Arabia Saudita, con Eritrea y Etiopía al este, con Sudán del Sur al sur, con la República Centroafricana al suroeste, con Chad al oeste y con Libia al noroeste. Hasta el año 2011, momento en que se separó la región sur del país fue el Estado africano que compartía frontera con un mayor número de países, incluyendo a Kenia, Uganda y la República Democrática del Congo. La población de Sudán es una combinación de africanos indígenas con lengua madre nilo-sahariana y descendientes de emigrantes de la península arábiga. Debido a un proceso de arabización, común al resto del mundo musulmán, hoy en día la cultura árabe predomina en Sudán. La mayoría de la población profesa el islam. El río Nilo cruza el país de sur a norte.","Khartoum","Khartoum","51767437","1886068","21.3","Federal republic|under a|military junta","Arabic|English","Sudanese","31.5101","0.511","Sudanese pound","+2","+249",".sd|.السودان"
"SE","Sweden","Suécia","Suède","Svezia","Suecia","https://en.wikipedia.org/wiki/Special:FilePath/Flag_of_Sweden.svg?width=250","Sweden, formally the Kingdom of Sweden, is a Nordic country located on the Scandinavian Peninsula in Northern Europe. It borders Norway to the west and north, and Finland to the east, and shares a maritime border with Denmark to the south. At 450295 mostly in the southern and central portions of the country. Sweden's urban areas together cover 1.5% of its land area. Sweden has a diverse climate owing to the length of the country, which ranges from 55°N to 69°N.","Possui uma população total de de habitantes. É uma monarquia constitucional hereditária com um sistema parlamentar de governo, onde o monarca tem funções unicamente representativas e o primeiro-ministro é o chefe de governo.","La Suède est un pays d'Europe du Nord et de Scandinavie. Sa capitale est Stockholm, ses citoyens sont les Suédois et Suédoises et sa langue officielle et majoritaire est le suédois. Le finnois et le sami sont aussi parlés, principalement dans le Nord du pays. Les variations régionales sont fréquentes.","La Svezia, ufficialmente chiamata Regno di Svezia, è uno Stato membro dell'Unione europea, dell'ONU e della NATO, situato nella penisola scandinava.","Suecia, oficialmente el Reino de Suecia, es un país escandinavo de Europa del Norte, constituido en estado social y democrático, con la monarquía parlamentaria como sistema de gobierno. Es uno de los veintisiete Estados soberanos que forman la Unión Europea. Limita al norte con Noruega y Finlandia, al este con Finlandia y el golfo de Botnia, al sur con el mar Báltico y al oeste con el mar del Norte y Noruega. Tiene fronteras terrestres con Noruega y Finlandia, y está conectado a Dinamarca por el puente de Øresund. Su capital es Estocolmo, que es también su ciudad más poblada.","Stockholm","Stockholm","10610485","450295","25","Unitary parliamentary|constitutional monarchy","Swedish","Swede","760.481","0.959","Swedish krona","+1","+46",".se"
"SG","Singapore","Singapura","Singapour","Singapore","Singapur","https://en.wikipedia.org/wiki/Special:FilePath/Flag_of_Singapore.svg?width=250","Singapore, officially the Republic of Singapore, is an island country in Southeast Asia. Its territory comprises a main island, over 60 satellite islands and islets, and one outlying islet. The country is about one degree of latitude north of the equator, off the southern tip of the Malay Peninsula, bordering the Strait of Malacca to the west, the Singapore Strait to the south along with the Riau Islands in Indonesia, the South China Sea to the east and the Straits of Johor along with the State of Johor in Malaysia to the north.","Singapura foi parte de diversos impérios locais desde que foi habitado no d.C. O país moderno foi fundado como um posto comercial da Companhia Britânica das Índias Orientais por Sir Stamford Raffles em 1819 com a permissão do Sultanato de Jor. O Império Britânico obteve soberania completa da ilha em 1824 e a cidade se tornou um dos Estabelecimentos dos Estreitos em 1826. Singapura foi ocupada pelo Império do Japão durante a Segunda Guerra Mundial e voltou ao domínio britânico após o conflito. Tornou-se autogovernada internamente em 1959. O território uniu-se a outros ex-territórios britânicos para formar a Malásia em 1963 e tornou-se um Estado totalmente independente dois anos mais tarde. Desde então, teve um aumento maciço em termos de riqueza e é um dos quatro Tigres Asiáticos. A economia depende fortemente da indústria e dos serviços. O país é um líder mundial em diversas áreas: é o quarto principal centro financeiro do mundo, o segundo maior mercado de casinos e o terceiro maior centro de refinação de petróleo do mundo. Seu porto é um dos cinco mais movimentados do mundo. O país é o lar do maior número de famílias milionárias em dólares per capita do planeta. O Banco Mundial considera a cidade como o melhor lugar no mundo para se fazer negócios. O país tem o terceiro maior PIB per capita por paridade do poder de compra do mundo, tornando Singapura um dos países mais ricos do planeta.","Singapour, en forme longue la république de Singapour, est un pays d'Asie du Sud-Est. La superficie de cette cité-État est de. Elle comprend, dont la principale est Pulau Ujong. Cette île est très densément urbanisée, mais la végétation luxuriante a valu à Singapour le surnom de. Cette abondance de verdure découle en partie d'un climat équatorial, uniformément chaud et orageux tout au long de l'année. Sa densité de population est la deuxième plus élevée au monde parmi les États indépendants.","Singapore, ufficialmente Repubblica di Singapore, è una città-Stato del sud-est asiatico, situata sull'estrema punta meridionale della penisola malese, a a nord dell'equatore. È uno stato insulare, in quanto si sviluppa su un arcipelago formato da 58 isole, la più grande e principale delle quali è l'isola di Singapore che ospita la metropoli. A nord Singapore è separata dalla Malaysia dallo stretto di Johor, a sud è separata dalle indonesiane isole Riau dallo stretto di Singapore.","* en inglés: Singapore, AFI: [] ; * en chino mandarín: 新加坡, trans. Xīnjiāpō ; * en tamil: சிங்கப்பூர், trans. Ciṅkappūr, AFI: [] ; * en malayo: Singapura, AFI: []. oficialmente conocida como República de Singapur, es una ciudad-Estado y país insular, situada en el corazón marítimo del Sudeste asiático. Enclavada entre el estrecho de Malaca, el estrecho de Singapur, el mar de la China Meridional y el estrecho de Johor, tiene una posición geográfica estratégica que ha influido significativamente en la historia de la región. El territorio del país comprende una isla principal y 63 islas e islotes satélites y una periférica. Sus proyectos de tierras ganadas al mar han aumentado la superficie combinada en aproximadamente un 25 % desde la independencia del país.","Singapore(|city-state|)","Tampines","6110200","744.3","8290","Unitary parliamentary republic","English|Malay|Mandarin|Tamil","Singaporean","659.572","0.946","Singapore dollar","+8","+65",".sg"
"SI","Slovenia","Eslovénia","Slovénie","Slovenia","Eslovenia","https://en.wikipedia.org/wiki/Special:FilePath/Flag_of_Slovenia.svg?width=250","Slovenia, officially the Republic of Slovenia, is a country in Central Europe. Ljubljana, the capital and largest city, sits near the centre of the country.","Ao longo de sua história, o país fez parte do Império Romano, do Império Bizantino, da República de Veneza, do Ducado de Carantânia, do Sacro Império Romano-Germânico, da Monarquia de Habsburgo, do Império Austríaco, do Reino dos Sérvios, Croatas e Eslovenos e da República Socialista Federativa da Jugoslávia de 1945 até finalmente conquistar sua independência em 1991.","La Slovénie, en forme longue la république de Slovénie, est un pays d’Europe centrale au carrefour des principales cultures européennes. Sa capitale est Ljubljana. Le pays partage ses frontières avec l'Italie à l'ouest, l’Autriche au nord, la Hongrie à l'est-nord-est et la Croatie au sud-est. La Slovénie dispose au sud-ouest d'un littoral d'une quarantaine de kilomètres sur la mer Adriatique. Comptant environ deux millions d'habitants, la Slovénie est un État membre de l'Organisation du traité de l'Atlantique nord depuis le et de l'Union européenne depuis le [[Procédure d'adhésion de la Slovénie à l'Union européenne|]].","La Slovenia, ufficialmente Repubblica di Slovenia, è uno Stato sovrano dell'Europa centrale. Confina a ovest con l'Italia, a nord con l'Austria, a est con l'Ungheria e a sud con la Croazia, affacciandosi a sud-ovest sul mare Adriatico. La sua capitale è Lubiana.","Eslovenia, cuyo nombre oficial es República de Eslovenia es un país ubicado en Europa Central, siendo uno de los veintisiete Estados soberanos que forman la Unión Europea. Limita con Italia al oeste; con el mar Adriático, al suroeste; con Croacia al sur y al este; con Hungría, al noreste; y con Austria, al norte. Tiene una población de 2.123.949 habitantes a fecha del 1 de enero de 2024. La capital y ciudad más poblada es Liubliana.","Ljubljana","Ljubljana","2135107","20272","103","Unitary parliamentary republic","Slovene","Slovenian","86.722","0.931","Euro|(|€|)","+1","+386",".si"
"SL","Sierra Leone","Serra Leoa","Sierra Leone","Sierra Leone","Sierra Leona","https://en.wikipedia.org/wiki/Special:FilePath/Flag_of_Sierra_Leone.svg?width=250","Sierra Leone, officially the Republic of Sierra Leone, is a country on the west coast of West Africa. It is bordered to the southeast by Liberia and by Guinea to the north. Sierra Leone's land area is 73,252. It has a tropical climate and environments ranging from savannahs to rainforests. As of the 2023 census, Sierra Leone had a population of 8,460,512. Freetown is its capital and largest city.","Em 1462, a área do atual território do país foi visitada pelo explorador português Pedro de Sintra, que a nomeou Serra Leoa. O país tornou-se um importante centro do comércio transatlântico de escravos até 11 de março de 1792, quando Freetown foi fundada pela Companhia da Serra Leoa, como forma de servir como um lar para ex-escravos do Império Britânico. Após a conferência de Berlim, o Reino Unido decidiu que era preciso estabelecer maior domínio sobre as áreas do interior e, assim, instituiu o Protetorado da Serra Leoa. Com essa mudança, o Império Britânico passa a expandir seu aparato administrativo na região, recrutando cidadãos britânicos para ocupar postos na administração colonial e excluindo os krios de suas posições no governo, além de expulsá-los das áreas residenciais mais cobiçadas de Freetown. Entre 1991 e 2002 ocorreu a Guerra Civil da Serra Leoa, que devastou o país e resultou na morte de aproximadamente pessoas. Grande parte da infraestrutura do país foi destruída, e mais de dois milhões de pessoas deslocadas em países vizinhos como refugiados; principalmente para a Guiné, que recebeu mais de refugiados serra-leoneses.","La Sierra Leone, en forme longue la république de Sierra Leone, est un État d'Afrique de l'Ouest, d'une superficie de, peuplé d'environ 8,46 millions d'habitants en 2023. Il est situé entre la Guinée, le Liberia et l'océan Atlantique.","La Sierra Leone, ufficialmente Repubblica della Sierra Leone, è uno Stato dell'Africa occidentale, sulla costa dell'oceano Atlantico. Confina con la Guinea a nord e a est, e con la Liberia a sud-est. La vicenda della liberazione degli schiavi rimasti nei territori della Sierra Leone è stata ricordata nel nome della capitale Freetown, ""città libera"".","Al igual que su país vecino Liberia, Sierra Leona fue fundada principalmente para establecer a esclavos liberados. Para eso, el líder abolicionista Granville Sharp compró a los jefes de distintas etnias un territorio de 250 km² e instaló en él una sociedad de agricultores, organizada sobre bases democráticas y pronto transformada en una empresa colonizadora británica. En los siguientes 50 años, desembarcaron 70 000 esclavos en Freetown a los que se sumó la migración de gentes indígenas desde el interior. Los esclavos liberados fundaron la capital del país, Freetown, en 1791. En 1808, Freetown pasó a ser una colonia de la Corona británica, pasando el resto del país bajo el protectorado británico en 1896.","Freetown","Freetown","8460512","73252","124","Unitary|presidential republic","English","Sierra Leonean","8.3901","0.467","Leone","±00:00","+232",".sl"
"SM","San Marino","San Marino","Saint-Marin","San Marino","San Marino","https://en.wikipedia.org/wiki/Special:FilePath/Flag_of_San_Marino.svg?width=250","San Marino, officially the Republic of San Marino, is a landlocked country in Southern Europe, completely surrounded by Italy. Located on the northeastern slopes of the Apennine Mountains, it is the larger of two microstates within the Italian Peninsula, the other being Vatican City. San Marino is the fifth-smallest country in the world, Its capital, the City of San Marino, sits atop Monte Titano, while its largest settlement is Dogana, in the municipality of Serravalle.","San Marino é considerado o Estado nacional mais antigo do mundo. O país foi fundado em 3 de setembro de 301 pelo diácono Marinho, que era oriundo de uma das ilhas da costa da Dalmácia. Marinus deixou Rab, então uma colónia romana, em 257, quando o futuro imperador, Diocleciano, emitiu um decreto solicitando a reconstrução dos muros da cidade de Rimini, que havia sido destruída por piratas libúrnios.","Saint-Marin, en forme longue république de Saint-Marin, aussi appelée non officiellement sérénissime république de Saint-Marin, est un micro-État européen enclavé à l'intérieur de l'Italie. C'est le troisième plus petit État d'Europe après le Vatican et Monaco, ainsi que le cinquième au monde après ces deux mêmes États, Nauru et Tuvalu. C’est aussi la plus ancienne république au monde existant de manière continue jusqu'à aujourd'hui, avec un système constitutionnel qui remonte au.","San Marino, ufficialmente Repubblica di San Marino, è un paese dell'Europa meridionale, situato nel centro-nord della penisola italiana, al confine tra le regioni Emilia-Romagna e Marche, e costituisce un'enclave all'interno della Repubblica Italiana.","San Marino es uno de los tres únicos Estados soberanos enclavados sin litoral del mundo, junto con la Ciudad del Vaticano, también enclave en Italia, y Lesoto, estado enclave en Sudáfrica. Es además uno de los seis micro-Estados europeos.","City of San Marino","Dogana","34172","61.19","579","Unitary parliamentary diarchic|directorial republic","Italian","Sammarinese","2.034","0.915","Euro|(|€|)","+01","+378",".sm"
"SO","Somalia","Somália","Somalie","Somalia","Somalia","https://en.wikipedia.org/wiki/Special:FilePath/Flag_of_Somalia.svg?width=250","Somalia, officially the Federal Republic of Somalia, to the northwest, Kenya to the southwest, the Gulf of Aden to the north, and the Indian Ocean to the east. Somalia has the longest coastline on Africa's mainland. Somalia has an estimated population of more than 18 million, of which 2.7 million live in the capital and largest city, Mogadishu. As one of Africa's most ethnically homogeneous countries, around 85% of its residents are ethnic Somalis. The official and national language of the country is Somali while Arabic is recognised as a second language. The overwhelming majority of the population are Sunni Muslims.","Na Antiguidade, a Somália foi um importante centro de comércio com o resto do mundo antigo. Seus marinheiros e mercadores eram os principais fornecedores de incenso, mirra e especiarias, os itens que foram considerados luxos valiosos para os antigos egípcios, fenícios, micênicos e babilônios com quem o povo Somali negociava. De acordo com a maioria dos estudiosos, a Somália é também o local onde o antigo Reino de Punt estava localizado. Os antigos Punties eram uma nação de pessoas que tinham relações estreitas com o Egito faraônico durante os tempos do faraó Sefrés e da rainha Hatexepsute. As estruturas piramidais, templos e casas antigas de alvenaria em torno da Somália acredita-se que datam deste período. Na época clássica, várias antigas cidades-estado como Opone, Mosyllon e Malao, competiam com os sabeus, partos e axumitas pelo rico comércio indo-greco-romano que também floresceu na Somália.","La Somalie, en forme longue la république fédérale de Somalie, est un pays situé à l'extrémité orientale de la Corne de l'Afrique, dans le golfe d'Aden. Le pays a des frontières directes avec trois pays voisins : Djibouti au nord-ouest, l'Éthiopie à l'ouest et le Kenya au sud-ouest.","Il nome attuale in italiano della Somalia, in passato nota come ""Penisola dei Somali"" o ""Paese dei Somali"", fu dato dall'esploratore italiano Luigi Robecchi Bricchetti, primo europeo a visitare estensivamente la regione del Corno d'Africa denominata Benadir.","Somalia, cuyo nombre oficial es República Federal de Somalia, es un país ubicado en el Cuerno de África, al este del continente africano. Limita al oeste y noroeste con Etiopía y Yibuti, al sur con Kenia, al norte con el golfo de Adén, y al este con el océano Índico. Su capital y ciudad más poblada es Mogadiscio.","Mogadishu","Mogadishu","19655000","637657","27.2","Federal|parliamentary republic|under a|Provisional Constitution","Somali","Somali|(see|Etymology|for further details).","14.174","0.404","Somali shilling","+3","+252",".so"
"SR","Suriname","Suriname","Suriname","Suriname","Surinam","https://en.wikipedia.org/wiki/Special:FilePath/Flag_of_Suriname.svg?width=250","Suriname, officially the Republic of Suriname, is a country in northern South America, also considered as part of the Caribbean and the West Indies. Situated slightly north of the equator, over 90% of its territory is covered by rainforest, the second-highest proportion of forest cover in the world. Suriname is bordered by the Atlantic Ocean to the north, French Guiana to the east, Brazil to the south, and Guyana to the west. It is the smallest country in South America by both population and territory, with around inhabitants in 2021 in an area of approximately 165940.. The capital and largest city is Paramaribo, which is home to roughly half the population.","Suriname foi por muito tempo habitado por vários povos indígenas antes de ser explorado e contestado pelas potências europeias do século XVI, chegando finalmente ao domínio holandês no final do século XVII. Durante o período colonial holandês, foi principalmente uma economia de plantação dependente de escravos africanos, mas que, após a abolição da escravidão, servos da Ásia foram contratados. Em 1954, Suriname tornou-se um dos países constituintes do Reino dos Países Baixos. Em 25 de novembro de 1975, Suriname deixou o Reino dos Países Baixos para se tornar um estado independente, mantendo, no entanto, estreitos laços econômicos, diplomáticos e culturais com seu antigo colonizador.","Le Suriname, en forme longue la république du Suriname, est un pays d'Amérique du Sud.","Bagnato a nord dall'oceano Atlantico, confina a est con il dipartimento d'oltremare della Guyana francese, a sud con il Brasile e a ovest con la Guyana. La lingua ufficiale è l'olandese. Altre lingue parlate sono lo sranan tongo, l'hindī, il giavanese e il saramaccano.","Surinam, oficialmente República de Surinam o República de Suriname antiguamente conocida como Guayana Neerlandesa; es un país ubicado en el norte de América del Sur y el Caribe, que colinda con el océano Atlántico al norte, con el departamento de ultramar francés de Guayana Francesa al este, con Guyana al oeste y con Brasil al sur.","Paramaribo","Paramaribo","632638","165940","3.9","Unitary|assembly-independent|presidential republic","Dutch","Surinamese","4.506","0.722","Surinamese dollar","-03:00","+597",".sr"
"SS","South Sudan","Sudão do Sul","Soudan du Sud","Sudan del Sud","Sudán del Sur","https://en.wikipedia.org/wiki/Special:FilePath/Flag_of_South_Sudan.svg?width=250","South Sudan, officially the Republic of South Sudan, is a landlocked country in East Africa. It is bordered by Sudan to the north, Ethiopia to the east, Kenya to the southeast, Uganda to the south, the Democratic Republic of the Congo to the southwest, and the Central African Republic to the west. South Sudan's diverse landscape includes vast plains and plateaus, dry and tropical savannahs, inland floodplains, and forested mountains. The Nile River system is the defining physical feature of the country, running south to north across its center, which is dominated by a large swamp known as the Sudd. South Sudan has an estimated population of just over 12.7 million in 2024. Juba is the capital and largest city.","O Sudão do Sul é a nação mais jovem do mundo. E o Sudão do Sul era parte do Sudão Anglo-Egípcio e tornou-se parte da República do Sudão, quando ocorreu a independência deste no ano de 1956. Após a Primeira Guerra Civil Sudanesa, o sul do Sudão tornou-se uma região autônoma em 1972. Esta autonomia durou até 1983. A Segunda Guerra Civil Sudanesa desenvolvida anos depois, resultou novamente na autonomia da região, através do Tratado de Naivasha, assinado em 9 de janeiro de 2005 no Quênia, com o Exército Popular de Libertação do Sudão. Em 9 de julho de 2011, o Sudão do Sul tornou-se um estado independente. Em 14 de julho de 2011, o Sudão do Sul tornou-se um Estado-membro das Nações Unidas. O país entrou para a União Africana em 28 de julho de 2011.","Le Soudan du Sud, en forme longue la république du Soudan du Sud, est un État fédéral d’Afrique de l'Est sans accès à la mer et dont la capitale et plus grande ville est Djouba. Il est limitrophe du Soudan au nord, de l'Éthiopie à l'est, du Kenya au sud-est, de l'Ouganda au sud, de la république démocratique du Congo au sud-ouest et de la République centrafricaine à l'ouest.","Il Sudan del Sud, noto anche come Sud Sudan o Sudan meridionale, ufficialmente Repubblica del Sudan del Sud o del Sud Sudan, è uno Stato senza sbocco sul mare situato nel centro-est dell'Africa, compreso nella subregione dell'Africa orientale secondo la classificazione delle Nazioni Unite. L'attuale capitale è Giuba, la città più grande del Paese, anche se in futuro è previsto il trasferimento della capitale in una sede più centrale, Ramciel. Il Sudan del Sud confina a est con l'Etiopia, a sud-est con il Kenya, a sud con l'Uganda, a sud-ovest con la Repubblica Democratica del Congo, a ovest con la Repubblica Centrafricana e a nord con la Repubblica del Sudan. Comprende la vasta regione paludosa del Sudd, formata dal Nilo Bianco e conosciuta localmente come Bahr al Jabal.","Sudán del Sur, oficialmente República de Sudán del Sur ubicado en África Oriental, su capital y ciudad más poblada es Yuba, aunque desde 2011 se ha propuesto el traslado de la capital a Ramciel con el objetivo de descentralizar y mejorar la administración del país. Sudán del Sur limita con Sudán al norte, Etiopía al este, Kenia, Uganda y la República Democrática del Congo al sur y con la República Centroafricana al oeste. De acuerdo con el Índice de desarrollo humano, ocupa el último lugar a nivel mundial.","Juba","Juba","12703714","644329","19","Federal|presidential republic|under a|Transitional Constitution","English","South Sudanese","4.98","0.388","South Sudanese pound","+2","+211",".ss"
"ST","São Tomé and Príncipe","São Tomé e Príncipe","Sao Tomé-et-Principe","São Tomé e Príncipe","Santo Tomé y Príncipe","https://en.wikipedia.org/wiki/Special:FilePath/Flag_of_S%C3%A3o_Tom%C3%A9_and_Pr%C3%ADncipe.svg?width=250","São Tomé and Príncipe, officially the Democratic Republic of Sao Tome and Principe, is an island country in the Gulf of Guinea, off the western equatorial coast of Central Africa. It consists of two archipelagos around the two main islands of São Tomé and Príncipe, about apart and about off the northwestern coast of Gabon. With a population of 201,800, São Tomé and Príncipe is the second-smallest and second-least populous African sovereign state after Seychelles.","As ilhas de São Tomé e Príncipe estiveram desabitadas até à sua descoberta pelos exploradores portugueses João de Santarém e Pedro Escobar em 1470. Gradualmente colonizadas pelos portugueses ao longo do século XVI, serviram de entreposto para o comércio de escravos no Atlântico. O rico solo vulcânico e a proximidade ao equador tornaram São Tomé e Príncipe ideal para o cultivo de açúcar, seguido mais tarde por outras culturas de rendimento como o café e o cacau, atividades fortemente dependente do trabalho de escravos africanos. Ciclos de agitação social e instabilidade económica ao longo dos séculos XIX e XX culminaram na independência pacífica em 1975.","Sao Tomé-et-Principe, São Tomé-et-Príncipe ou Saint-Thomas-et-l'île du Prince, en forme longue la république démocratique de Sao Tomé-et-Principe, est un État insulaire d'Afrique centrale, l'un des plus petits pays d'Afrique. Il occupe un archipel situé dans le golfe de Guinée, à des côtes du Gabon et de la Guinée équatoriale.","São Tomé e Príncipe, ufficialmente Repubblica Democratica di São Tomé e Príncipe è uno stato insulare indipendente dell'Africa con capitale São Tomé.","Los esclavos de Santo Tomé se compraban en la Costa de los esclavos de África Occidental, en el delta del Níger, en la isla de Fernando Poo y, más tarde, en el Congo y en Angola. En el, los esclavos se importaban y exportaban a Portugal, Elmina, el Reino del Congo, Angola y la América española. En 1510, Portugal habría importado entre 10 000 y 12 000 esclavos. En 1516, Santo Tomé recibió a 4072 esclavos con el fin de reexportarlos. De 1519 a 1540, la isla fue el centro del comercio de esclavos entre Elmina y el delta del Níger. A principios y mediados del, Santo Tomé comerciaba con esclavos de forma intermitente con Angola y el Reino del Congo. En 1525, Santo Tomé comenzó a traficar con esclavos hacia las Américas españolas, principalmente hacia el Caribe y Brasil. De 1532 a 1536, Santo Tomé envió una media anual de 342 esclavos a las Antillas. Antes de 1580, la isla representaba el 75% de las importaciones de Brasil, principalmente de esclavos. El comercio de esclavos siguió siendo una piedra angular de la economía de Santo Tomé hasta después de 1600. [[Archivo:Sao Tome Pestana Old Dutch Fort 8.jpg|miniaturadeimagen|Fuerte de São Jerónimo, fortificación construida durante la ocupación neerlandesa de las islas.]] La dinámica de poder de Santo Tomé en el era sorprendentemente diversa, con la participación de mulatos libres y ciudadanos negros en el gobierno. Los colonos voluntarios rechazaban Santo Tomé por sus enfermedades y escasez de alimentos, por lo que la Corona portuguesa deportó a la isla a convictos y fomentó las relaciones interraciales para asegurar la colonia. La esclavitud tampoco era permanente, como demuestra el decreto real de 1515 por el que se concedía la manumisión a las esposas africanas de los colonos blancos y a sus hijos mestizos. En 1517, otro decreto liberó a los esclavos varones que habían llegado a la isla con los primeros colonos. Después de 1520, una cédula real permitió que los mulatos libres, casados y con propiedades, ocuparan cargos públicos, con una constante inestabilidad política.","São Tomé","São Tomé","220372","964","199.7","Unitary|semi-presidential republic","Portuguese","São Toméan|Santomean","7512","0.637","Dobra","+0","+239",".st"
"SV","El Salvador","El Salvador","Salvador","El Salvador","El Salvador","https://en.wikipedia.org/wiki/Special:FilePath/Flag_of_El_Salvador.svg?width=250","El Salvador, officially the Republic of El Salvador, is a country in Central America. It is bordered on the northeast by Honduras, on the northwest by Guatemala, and on the south by the Pacific Ocean. El Salvador's capital and largest city is San Salvador. El Salvador's population in 2024 was 6 million.","O território de El Salvador compreende o que antes era a província de Sonsonate, o qual juntou-se ao município de San Salvador, formando a maior parte do território atual do país. Ambas as províncias ganharam a independência da Espanha, em 1821, pela Capitania-geral da Guatemala, e em 1824 se fundiram para formar o ""Estado de El Salvador"", como parte dos Estados Unidos da América Central. Em tempos pré-colombianos, houve um importante núcleo indígena conhecido como o Senhorio de Cuzcatlán, que significa ""Lugar de joias ou colares"", na língua nahuatl.","Le Salvador ou El Salvador, en forme longue la république du Salvador ou république d'El Salvador, est le plus petit pays d'Amérique centrale, avec une superficie totale de, pour une population estimée à 6 029 976 habitants en 2024, ce qui en fait le pays ayant la densité de population la plus élevée du continent américain avec plus de 300 habitants au km. De climat tropical, le pays est délimité à l'ouest par le Guatemala, au nord-est par le Honduras, et au sud par l'océan Pacifique qui est sa seule façade maritime. Administrativement, le Salvador est divisé en puis en municipalités. San Salvador en est la capitale et sa plus grande ville, loin devant Santa Ana et San Miguel, qui en sont les autres villes les plus importantes.","El Salvador, ufficialmente Repubblica di El Salvador, è uno Stato dell'America centrale, confina a nord-ovest con il Guatemala e a nord e a est con l'Honduras. È bagnato a sud e a ovest dall'oceano Pacifico. A sud-est è separato dal Nicaragua dal golfo di Fonseca. È lo Stato meno esteso, ma anche il più densamente popolato, della regione centroamericana.","El Salvador, oficialmente República de El Salvador, es un país soberano de América Central con costas por el océano Pacífico. De acuerdo con la constitución vigente, es una república unitaria, representativa y presidencialista plena junto con la Asamblea Legislativa. Su territorio está organizado por una ciudad capital, 14 departamentos, y 262 distritos. Su capital y ciudad más poblada es San Salvador.","San Salvador","San Salvador","6029976","21041","286.6","Unitary|presidential republic","Spanish","Salvadoran","37.843","0.678","United States dollar|(|USD|; since 2001)|Salvadoran colón","−6","+503",".sv"
"SY","Syria","Síria","Syrie","Siria","Siria","https://en.wikipedia.org/wiki/Special:FilePath/Flag_of_Syria_(2025-).svg%3C!--_Do_not_change_this_to_the_Ba'athist_flag_or_the_Independence_flag_--%3E?width=250","Syria, officially the Syrian Arab Republic, is a country in West Asia located in the Eastern Mediterranean and the Levant. It borders the Mediterranean Sea to the west, Turkey to the north and northwest, Iraq to the east and southeast, Jordan to the south, and Israel and Lebanon to the southwest. It is a republic under a provisional government and comprises 14 governorates. Damascus is the capital and largest city. With a population of 26 million across an area of 185180, it is the 56th-most populous and 87th-largest country.","Antigamente, o nome de ""Síria"" era sinônimo de Levante, enquanto o Estado moderno abrange os locais de vários reinos e impérios antigos, como a civilização eblana, do Sua capital, Damasco, está entre as mais antigas cidades continuamente habitadas do mundo. Na era islâmica, a cidade se tornou a sede do Califado Omíada e uma capital provincial do Sultanato Mameluco do Egito. A Síria moderna foi estabelecida após a Primeira Guerra Mundial durante o Mandato Francês e era o maior Estado árabe a surgir na região do Levante, que antigamente era dominada pelo Império Otomano. O país conquistou a independência como uma república parlamentar em 24 de outubro de 1945, quando a Síria tornou-se membro fundador da Organização das Nações Unidas, um ato que legalmente pôs fim ao antigo domínio francês — embora as tropas francesas não tenham deixado o país até abril de 1946.","La Syrie, en forme longue la République arabe syrienne, est un pays d'Asie de l'Ouest. Située sur la côte orientale de la mer Méditerranée, elle possède des frontières terrestres avec la Turquie, l'Irak, la Jordanie, Israël, le Liban et une frontière maritime avec Chypre. Sa capitale et sa plus grande ville est Damas, qui fut historiquement la capitale du Califat omeyyade de 661 à 744.","Storicamente per ""Siria"" ci si riferiva all'omonima regione storica, che coincide con il Levante. La Siria vide sorgere sul suo territorio numerosi regni e civiltà, tra i quali la civiltà eblaita; il territorio fu poi soggetto al dominio di numerose civiltà, tra le quali assiri, babilonesi, romani, bizantini, arabi, crociati e ottomani; Damasco fu sede del califfato omayyade e capitale provinciale del sultanato mamelucco. In seguito alla prima guerra mondiale il territorio siriano venne inglobato nel Mandato francese della Siria e del Libano. Lo Stato siriano moderno venne fondato nel 1945, quando la Repubblica di Siria divenne membro fondatore delle Nazioni Unite. Tra il 1958 e il 1961 la Siria fece parte insieme all'Egitto della Repubblica Araba Unita. A partire dal 1963 il partito Ba'th mantenne il potere e dal 1970 la presidenza venne mantenuta dalla famiglia al-Asad. A partire dal 2011 il paese entrò in uno stato di guerra civile che nel 2024 ha portato alla presa del potere da parte delle forze di opposizione.","Siria, oficialmente República Árabe Siria, es un país soberano del Oriente Próximo, bañado por la costa levantina mediterránea. Comparte fronteras con Turquía por el norte, con Irak por el este, con Israel y Jordania al sur, y con Líbano y el mar Mediterráneo por el oeste, pudiéndose ver desde sus costas a lo lejos la isla de Chipre. Siria es miembro de la Organización de las Naciones Unidas desde su fundación.","Damascus","Damascus","26657437","185180","118.3","Unitary|presidential republic|under a|provisional government","Arabic","Syrian","65","0.564","Syrian pound","+03:00","+963",".sy|سوريا."
"SZ","Eswatini","Essuatíni","Eswatini","ESwatini","Suazilandia","https://en.wikipedia.org/wiki/Special:FilePath/Flag_of_Eswatini.svg?width=250","Eswatini, formally the Kingdom of Eswatini, also known by its former official names Swaziland and the Kingdom of Swaziland, is a landlocked country in Southern Africa. It is bordered by South Africa on all sides except the east, where it shares a border with Mozambique. At no more than north to south and east to west, Eswatini is the second smallest country in Africa. However, its climate and topography are diverse, ranging from a cool and mountainous highveld to a hot and dry lowveld. The executive capital and largest city is Mbabane, and the legislative and second capital is Lobamba.","Essuatíni é um país em desenvolvimento com uma economia pequena, baseada na agropecuária. Porém o país não é autossuficiente na produção de alimentos, sendo exportador da cana-de-açúcar e abrigando importantes reservas de carvão mineral. Seu PIB per capita é de US$, classificando a nação com renda média-baixa. Como membro da União Aduaneira da África Austral e do Mercado Comum da África Oriental e Austral, o seu principal parceiro comercial local é a África do Sul. Os principais parceiros comerciais no exterior são os Estados Unidos e a União Europeia. A maior parte do emprego do país é fornecida pelos setores agrícola e manufatureiro. Essuatíni é membro da Comunidade de Desenvolvimento da África Austral, da União Africana, da Commonwealth e das Nações Unidas.","L'Eswatini, en forme longue le royaume d'Eswatini, appelé Swaziland jusqu'en, est un pays d'Afrique australe sans accès à la mer, bordé par l'Afrique du Sud et le Mozambique. Le nom historique du pays est Ngwané ; les souverains portaient autrefois ce nom.","LeSwatini, ufficialmente Regno di eSwatini, è uno Stato indipendente dell'Africa meridionale.","La población está conformada principalmente por la etnia suazi, y el idioma predominante es el siswati o suazi. Los suazis establecieron su reino a mediados del bajo el liderazgo de Ngwane III. El país y la etnia toman sus nombres de Mswati II, un rey del cuyo mandato expandió y unificó el territorio suazi; los límites actuales se trazaron en 1881 durante el reparto de África. Después de la segunda guerra bóer, el reino se convirtió en un protectorado británico desde 1903 hasta su independencia en 1968. El país sufre de la mayor incidencia de sida en el mundo.","Mbabane|Lobamba","Mbabane","1236126","17364","66.8","Unitary|diarchic|absolute monarchy","Swazi|English","Swazi","5.591","0.695","Lilangeni|South African rand","+2","+268",".sz"
"TH","Thailand","Tailândia","Thaïlande","Thailandia","Tailandia","https://en.wikipedia.org/wiki/Special:FilePath/Flag_of_Thailand.svg?width=250","Thailand, officially the Kingdom of Thailand, and formerly known as Siam, is a country located in Mainland Southeast Asia. It shares land borders with Myanmar to the west and northwest, Laos to the east and northeast, Cambodia to the southeast, and Malaysia to the south. Its maritime boundaries include the Gulf of Thailand and the Andaman Sea and shares maritime borders with Vietnam, Indonesia, and India. Thailand has a population of nearly 66 million people and covers an area of approximately 513,115 km. The capital and largest city is Bangkok.","Os historiadores muitas vezes consideram o Reino de Sucotai como o início da história tailandesa, que se insere na influência do Reino de Aiutaia, o primeiro a ter contato com o Ocidente, através de uma missão diplomática portuguesa. Aiutaia teve uma longevidade de 417 anos, chegando ao fim com a guerra birmano-siamesa em 1767. Taksin libertou o país, estabelecendo a cidade de Thonburi como capital e adotando uma política de enfrentamento à ameaça de outras nações. A dinastia Chacri foi fundada por Rama I, o Grande e Banguecoque foi elevada à capital em 1782. Em meio à revolução, o país passou de monarquia absoluta a monarquia constitucional em 1932 e, em 23 de junho de 1939, deixou de chamar-se Sião e adotou seu nome atual, Tailândia. Atualmente, o país é regido por uma junta militar, que tomou o poder em maio de 2014, através de um golpe de Estado. É liderada pelo rei Maha Vajiralongkorn, que ascendeu ao trono em 2016.","La Thaïlande, en forme longue le royaume de Thaïlande, est un pays d’Asie du Sud-Est, appelé royaume de Siam jusqu'en 1939. Ce dernier est bordé au sud-ouest et au nord-ouest par la Birmanie, au sud par la Malaisie, au sud-est par le Cambodge et au nord-est par le Laos. La langue officielle est le thaï et la monnaie le baht. Sa capitale est Bangkok – Khrung Thep étant la forme employée par les Thaïlandais.","È nota anche come Siam, che fu il nome ufficiale del paese fino al 24 giugno 1939 e dal 1945 fino all'11 maggio 1949, data della definitiva assunzione dell'attuale denominazione.","Está ubicado al este de la subregión del Sudeste Asiático, limitando al este con Laos, al sureste con Camboya y el golfo de Tailandia, al sur con Malasia y al oeste con el mar de Andamán y Birmania. Posee una extensión de 513 120 km² y unos 71 600 000 de habitantes en 2021, lo que supone una densidad de población de unos 128 hab./km².","Bangkok","Bangkok","65975198","513120","132.1","Unitary|parliamentary constitutional monarchy","Thai","Thai","579.996","0.798","Thai baht","+7","+66",".th|.ไทย"
"TJ","Tajikistan","Tajiquistão","Tadjikistan","Tagikistan","Tayikistán","https://en.wikipedia.org/wiki/Special:FilePath/Flag_of_Tajikistan.svg?width=250","Tajikistan, officially the Republic of Tajikistan, is a landlocked country located in Central Asia. Dushanbe is the capital and largest city of the country, with a population of over 1.2 million. Tajikistan borders Afghanistan to the south, Uzbekistan to the west, Kyrgyzstan to the north, and China to the east; it is narrowly separated from Pakistan by Afghanistan's Wakhan Corridor. Its total population exceeds 11 million.","A maioria da população do Tajiquistão pertence ao grupo étnico tajique, que partilha sua cultura e história com o Afeganistão e falam persa. Uma vez parte do Império Samânida, o Tajiquistão tornou-se uma república constituinte da União Soviética durante o, conhecida como a República Socialista Soviética Tajique. 90% do seu território é coberto por montanhas.","Le Tadjikistan, en forme longue la république du Tadjikistan, est un pays montagneux d'Asie centrale, sans accès à la mer. Sa capitale est Douchanbé. Il est limitrophe du Kirghizistan au nord-nord-est, de la Chine à l'est, de l'Afghanistan au sud-sud-ouest et de l'Ouzbékistan à l'ouest. C'est le seul État issu de l'ancienne Asie centrale soviétique où la langue dominante n'est pas une langue turcique mais iranienne, le tadjik. Les Tadjiks, qui forment le groupe ethnique majoritaire, appartiennent à la famille des peuples iraniens.","Dal 9 settembre 1991 il Tagikistan è una repubblica presidenziale, di fatto una dittatura autoritaria; il presidente è il leader Emomalī Rahmon, che nomina ogni anno il Primo ministro. L'Assemblea suprema viene eletta dal popolo e resta in carica 5 anni. La costituzione del paese è stata varata nel 1994. Dal marzo 2013, è diventato un membro dell'Organizzazione mondiale del commercio.","El territorio que actualmente constituye Tayikistán estuvo poblado en el pasado por varias culturas prehistóricas, como la ciudad de Sarazm del Neolítico y la Edad del Bronce. Más tarde se organizó en reinos gobernados por personas de diferentes religiones y culturas, como la civilización Oxus, la cultura de Andrónovo, el budismo, el cristianismo nestoriano, el zoroastrismo y el maniqueísmo. La zona ha sido gobernada por numerosos imperios y dinastías: el Imperio aqueménida, el Imperio sasánida, los heftalitas, los samánidas, el Imperio mongol, dinastía timúrida y el Imperio ruso. Como resultado de la disolución de la Unión Soviética, Tayikistán se convirtió en una nación independiente en 1991. Casi inmediatamente después de la independencia se libró una guerra civil, que duró desde 1992 hasta 1997. Desde el final de la guerra, la estabilidad política y la ayuda externa han permitido que la economía del país crezca.","Dushanbe","Dushanbe","10978599","143100","78","Unitary|presidential republic|under an|authoritarian|dictatorship","Tajik|Russian","Tajikistani|•|Tajik","20.42","0.691","Somoni","+5","+992",".tj"
"TL","Timor-Leste","Timor-Leste","Timor oriental","Timor Est","Timor Oriental","https://en.wikipedia.org/wiki/Special:FilePath/Flag_of__East_Timor.svg?width=250","Timor-Leste, also known as East Timor, officially the Democratic Republic of Timor-Leste, is a country in Southeast Asia. It comprises the eastern half of the island of Timor, the coastal exclave of Oecusse in the island's northwest, and the islands of Atauro and Jaco, for a total land area of 15,007. Timor-Leste shares a land border with Indonesia to the west; Australia is the country's southern neighbour, across the Timor Sea. Dili, on the north coast of Timor, is its capital and largest city.","A língua mais falada em Timor-Leste era o indonésio no tempo da ocupação indonésia, sendo hoje o tétum. O tétum e o português formam as duas línguas oficiais do país, enquanto o indonésio e a língua inglesa são consideradas línguas de trabalho pela atual constituição de Timor-Leste. Geograficamente, o país enquadra-se no chamado sudeste asiático, enquanto do ponto de vista biológico aproxima-se mais das ilhas vizinhas da Melanésia, o que o colocaria na Oceania e, por conseguinte, faria dele uma nação transcontinental.","Le Timor oriental ou Timor-Leste, en forme longue la république démocratique du Timor oriental ou république démocratique du Timor-Leste, est un pays d'Asie du Sud-Est, également reconnu comme un pays d’Océanie. Il est constitué de la moitié orientale de l'île de Timor – d'où son nom – et de l'Oecusse, une enclave située dans la partie occidentale de cette île de la Sonde, ainsi que des îles d'Atauro et Jaco. Sa capitale est Dili et sa monnaie le dollar américain.","Timor Est, ufficialmente Repubblica Democratica di Timor Est, è uno Stato del Sud-est asiatico, composto dalla metà orientale dell'isola di Timor, dall'exclave di Oecusse sulla costa nord della parte occidentale di Timor, dall'isola di Atauro, a nord, e dall'isolotto di Jaco, al largo della punta orientale dell'isola. L'unico confine terrestre è condiviso con l'Indonesia, con le acque territoriali confinanti a sud con le acque australiane nel Mar di Timor. La sua capitale è Dili, città costiera nel Nord dell'isola.","Timor Oriental,, es un país del Sudeste Asiático. Su territorio comprende la mitad oriental de la isla de Timor, las cercanas islas de Atauro y Jaco, y el enclave de Oecusse, rodeado del territorio indonesio de Timor Occidental. En total suman y más de.","Dili","Dili","1434991","15007","94","Unitary|semi-presidential republic","Portuguese|Tetun","East Timorese|Timorese|Maubere (informal)","2.12","0.634","United States dollar|Timor-Leste centavo","+9","+670",".tl"
"TM","Turkmenistan","Turquemenistão","Turkménistan","Turkmenistan","Turkmenistán","https://en.wikipedia.org/wiki/Special:FilePath/Flag_of_Turkmenistan.svg?width=250","Turkmenistan officially the Republic of Turkmenistan is a landlocked country located in Central Asia, it is bordered by Kazakhstan and Uzbekistan to the north, Afghanistan to the southeast, Iran to the south and southwest, and the Caspian Sea to the west. It is one of six independent Turkic states. Ashgabat is the capital and largest city. With over 7 million people, Turkmenistan is the 35th most-populous country in Asia and has the lowest population of the Central Asian republics while being one of the most sparsely populated nations located on the Asian continent.","O atual Turquemenistão encontra-se em territórios que já foram caminhos usados por civilizações por séculos. Na Idade Média, Merv era uma das grandes cidades do mundo islâmico, e um importante ponto de parada na Rota da Seda, uma imensa rota usada para o comércio com a China até meados do Século XV. Anexado ao Império Russo em 1881, o Turquemenistão chegou a ter um papel proeminente no movimento antibolchevique na Ásia Central. Em 1924, o Turquemenistão tornou-se uma república constituinte da União Soviética, a República Socialista Soviética Turcomena ; tornou-se independente após a dissolução da URSS em 1991.","Le Turkménistan est un pays d'Asie centrale. Il est bordé par le Kazakhstan au nord-ouest, l'Ouzbékistan au nord-nord-est et à l'est, l'Afghanistan au sud-est, l'Iran au sud-sud-ouest et la mer Caspienne à l'ouest. Achgabat est la capitale et la plus grande ville. Il est l'un des six États turciques indépendants. Avec une population de 7 millions d'habitants, le Turkménistan est le pays plus peuplé d'Asie. Il possède la plus faible population d'Asie centrale et est l'un des pays les moins peuplés du continent asiatique. La majeure partie de son territoire est couverte par le désert du Karakoum.","Il Turkmenistan, ufficialmente Repubblica del Turkmenistan, è una repubblica presidenziale situata nell'Asia centrale. Ha una popolazione di 5,6 milioni di abitanti, la capitale è Aşgabat, che è anche città più popolosa. Confina con l'Iran e l'Afghanistan a sud e con l'Uzbekistan e il Kazakistan a nord e si affaccia sul Mar Caspio. È la seconda potenza economica dell'Asia centrale grazie ai suoi giacimenti ricchi di gas naturale e alla coltivazione del cotone.","En la actualidad, Turkmenistán cubre un territorio que ha estado en la encrucijada de civilizaciones durante siglos. En la época medieval, Merv fue una de las grandes ciudades del mundo islámico y una importante parada de la Ruta de la Seda, una ruta de caravanas usada para el comercio con China hasta mediados del. Anexado por el Imperio ruso en 1881, Turkmenistán más tarde ocupó un lugar destacado en el movimiento antibolchevique de Asia Central. En 1924, Turkmenistán se convirtió en una república constituyente de la Unión Soviética, denominada oficialmente República Socialista Soviética de Turkmenistán. Se independizó poco antes de la disolución de la Unión Soviética, el 27 de octubre de 1991.","Ashgabat","Ashgabat","7057841","491210","14.4","Unitary|presidential republic|under a totalitarian|hereditary dictatorship","Turkmen","Turkmenistani|Turkmen","89.05","0.764","Manat","+05:00","+993",".tm"
"TN","Tunisia","Tunísia","Tunisie","Tunisia","Túnez","https://en.wikipedia.org/wiki/Special:FilePath/Flag_of_Tunisia.svg?width=250","Tunisia, officially the Republic of Tunisia, is a country in the Maghreb region of North Africa. It is bordered by Algeria to the west and southwest, Libya to the southeast, and the Mediterranean Sea to the north and east. Tunisia also shares maritime borders with Italy through the islands of Sicily and Sardinia to the north and Malta to the east. It features the archaeological sites of Carthage dating back to the 9th century BC, as well as the Great Mosque of Kairouan. Known for its ancient architecture, souks, and blue coasts, it covers 163610, and has a population of 12.1 million. It contains the eastern end of the Atlas Mountains and the northern reaches of the Sahara desert; much of its remaining territory is arable land. Its of coastline includes the African conjunction of the western and eastern parts of the Mediterranean Basin. Tunisia is home to Africa's northernmost point, Cape Angela. Located on the northeastern coast, Tunis is the capital of the country, which is itself named after Tunis. The official language of Tunisia is Arabic. The vast majority of Tunisia's population is Arab and Muslim. Vernacular Tunisian Arabic is the most spoken language, and French serves as an administrative and educational language in some contexts, but has no official status.","Quase 40% da superfície do território é ocupada pelo deserto do Saara. O restante é constituído de terras férteis, que foram berço da civilização cartaginesa, a qual atingiu o seu apogeu no, antes de sucumbir ao Império Romano.","La, en forme longue la est un État arabophone et musulman d'Afrique du Nord, souverain depuis 1956, dont le territoire, en plein centre du bassin méditerranéen, au carrefour de l'Afrique, de l'Europe et du Moyen-Orient, témoigne d'une histoire plurimillénaire et pluricivilisationnelle.","Conosciuta per la sua architettura antica, i souk e le coste blu, copre un'area di 163 610 km² e ha una popolazione di 12,1 milioni. Contiene l'estremità orientale delle montagne dell'Atlante e le propaggini settentrionali del deserto del Sahara; gran parte del suo territorio rimanente è terra coltivabile. La sua capitale e città più grande è Tunisi, che si trova sulla costa nord-orientale e dà il nome al paese.","En la antigüedad, Túnez estaba habitado principalmente por bereberes. La inmigración fenicia, un pueblo semita, comenzó en el, asentándose en la costa y estableciendo varios asentamientos, de los cuales Cartago emergió como el más poderoso en el, convirtiéndose en una potencia mercantil importante y rival militar de la República Romana. Los descendientes de los colonos fenicios llegaron a ser conocidos como el pueblo púnico. Cartago fue derrotada por los romanos en 146 a. C. Los romanos, que ocuparon Túnez durante la mayor parte de los siguientes ochocientos años, introdujeron el cristianismo y dejaron legados arquitectónicos como el anfiteatro de El Djem. Después de varios intentos que comenzaron en 647, los musulmanes conquistaron el conjunto de Túnez para el año 697. Los musulmanes se asentaron con sus tribus y familias, trayendo consigo el islam y la cultura árabe. Una posterior migración árabe a gran escala de las tribus Banu Hilal y Banu Sulaym en los siglos y aceleró este proceso. Para el, la región del actual Túnez ya estaba casi completamente arabizada. Luego, en 1534 y 1574, el Imperio otomano tomó el control, manteniéndolo hasta 1881, cuando durante su decadencia en el, Francia estableció un protectorado sobre el país.","Tunis","Tunis","11972169","163610","79","Unitary|presidential republic","Arabic","Tunisian","56.2902504","0.746","Tunisian dinar","+1","+216",".tn|.تونس"
"TO","Tonga","Tonga","Tonga","Tonga","Tonga","https://en.wikipedia.org/wiki/Special:FilePath/Flag_of_Tonga.svg?width=250","Tonga, officially the Kingdom of Tonga, is an island country in Polynesia, part of Oceania. The country has 171 islands, of which 45 are inhabited. 70% of whom live on the main island, Tongatapu. The country stretches approximately north-south. It is surrounded by Fiji and Wallis and Futuna to the northwest, Samoa to the northeast, New Caledonia and Vanuatu to the west, Niue to the east and Kermadec to the southwest. Tonga is about from New Zealand's North Island.","Tonga é um país da Oceania, integrante da Polinésia e formado pela união de 177 ilhas de mesmo nome, também conhecidas como Ilhas Amigáveis, das quais 36 são habitadas. Através de seu território marítimo, faz fronteira ao norte com o território ultramarino francês de Wallis e Futuna e com Samoa; a nordeste com a Samoa Americana; a leste com os territórios de Niue e das Ilhas Cook, pertencentes à Nova Zelândia; e a oeste com Fiji. Ao sul, as ilhas mais próximas são as Kermadec, também sob domínio da Nova Zelândia. A sua capital é Nucualofa, que também é o principal centro urbano.","Les Tonga, en forme longue le royaume des Tonga, sont un État de Polynésie, situé dans l'Ouest de l'océan Pacifique sud, à à l'est-sud-est des îles Fidji et à au sud de Wallis-et-Futuna. Le pays est réparti en trois archipels principaux comportant plus de et îlots.","Tonga, ufficialmente Regno di Tonga o delle Tonga, è uno Stato insulare dell'Oceania, situato nell'Oceano Pacifico meridionale a tre quarti in linea d'aria tra le isole Hawaii e la Nuova Zelanda.","Con un área de 747 km², La población del reino es ligeramente superior a 100 000 habitantes, lo que se traduce en una densidad demográfica de 139 hab./km². La mayor parte de su población es seguidora de alguna iglesia cristiana y habla los dos idiomas oficiales del país: el inglés y el tongano. Los lapita arribaron al actual territorio de Tonga entre los años 1500 y 1000 a. C. Desarrollaron su propia cultura e incluso crearon un Imperio que se extendió a otras islas del Pacífico. Los primeros europeos en llegar al archipiélago fueron los neerlandeses Willem Schouten y Jacob Le Maire en 1616. En 1845 Jorge Tupou I unificó el territorio en un reino y promulgó la constitución del país.","Nukuʻalofa","Nukuʻalofa","100179","748","139","Semi-constitutional monarchy","Tongan|English","Tongan","493","0.739","Paʻanga","+13","+676",".to"
"TR","Turkey","Turquia","Turquie","Turchia","Turquía","https://en.wikipedia.org/wiki/Special:FilePath/Flag_of_Turkey.svg?width=250","Turkey, officially the Republic of Türkiye, is a country mainly located in Anatolia in West Asia, with a smaller part called East Thrace in Southeast Europe. It borders the Black Sea to the north; Georgia, Armenia, Azerbaijan, and Iran to the east; Iraq, Syria, and the Mediterranean Sea to the south; and the Aegean Sea, Greece, and Bulgaria to the west. Turkey is home to over 86 million people; Officially a secular state, Turkey has a Muslim-majority population. Ankara is Turkey's capital and second-largest city. Istanbul is its largest city and economic center. Other major cities include İzmir, Bursa, and Antalya.","Turquia, cujo nome oficial é República da Turquia, é um país transcontinental, com a maior parte de seu território localizada na Ásia Ocidental e uma parte menor na Europa Oriental, estendendo-se pela península da Anatólia e pela Trácia Oriental na região dos Bálcãs. É um dos seis estados independentes cuja população é maioritariamente turca. Faz fronteira com oito países: a noroeste com a Bulgária, a oeste com a Grécia, a nordeste com a Geórgia, a Arménia e o enclave de Naquichevão do Azerbaijão, a leste com o Irão e a sudeste com o Iraque e a Síria. O mar Mediterrâneo e o Chipre situam-se a sul, o mar Egeu a sudoeste-oeste e o mar Negro a norte. O mar de Mármara, o Bósforo e o Dardanelos demarcam a fronteira entre a Trácia e a Anatólia e separam a Europa da Ásia.","La Turquie, en forme longue la république de Turquie, est un pays transcontinental situé aux confins de l'Asie et de l'Europe. Elle a des frontières avec la Grèce et la Bulgarie à l'ouest-nord-ouest, la Géorgie et l'Arménie à l'est-nord-est, l'Azerbaïdjan et l'Iran à l'est, l'Irak et la Syrie à l'est-sud-est. Il s'agit d'une république à régime présidentiel dont la langue officielle est le turc. Sa capitale officielle est Ankara depuis le 13 octobre 1923. La Turquie est bordée au nord par la mer Noire, à l'ouest par la mer Égée et au sud-ouest par la partie orientale de la mer Méditerranée : le bassin Levantin. La Thrace orientale et l'Anatolie sont séparées par la mer de Marmara.","Si estende su una superficie di, la quasi totalità dei quali nella penisola anatolica tra il mar Nero a nord e il mar Mediterraneo a sud; circa si trovano altresì in Tracia orientale, anche nota come Turchia europea. Il mar di Marmara separa la Turchia europea dal resto del Paese; lo stesso mar di Marmara è collegato al mar Nero tramite lo stretto del Bosforo e al mar Mediterraneo tramite quello dei Dardanelli. Tra le varie singolarità geografiche del Paese, la Turchia costituisce la regione più occidentale dell'Asia.","Turquía, formalmente República de Turquía, es un país transcontinental, con la mayor parte de su territorio situado en Asia Occidental y una menor en Europa Oriental, extendiéndose por toda la península de Anatolia, el centro del altiplano armenio y en Tracia Oriental por la zona de los Balcanes.","Ankara","Istanbul","86092168","783562","112","Unitary|presidential republic","Turkish","Turkish|Turk","1.64","0.853","Turkish lira|(|₺|)","+3","+90",".tr"
"TT","Trinidad and Tobago","Trindade e Tobago","Trinité-et-Tobago","Trinidad e Tobago","Trinidad y Tobago","https://en.wikipedia.org/wiki/Special:FilePath/Flag_of_Trinidad_and_Tobago.svg?width=250","Trinidad and Tobago, officially the Republic of Trinidad and Tobago, is the southernmost archipelagic country in the Caribbean, comprising the main islands of Trinidad and Tobago, along with several smaller islets. The capital city is Port of Spain, while its largest and most populous municipality is Chaguanas. Trinidad and Tobago comprises the southernmost islands of the Caribbean eastern islands chain, and it is close to the continent of South America, being north to northeast of Venezuela and northwest of Guyana.","O país tem uma área de e consiste nas ilhas de Trindade, Tobago e numerosos ilhéus. A ilha da Trindade é a maior e mais povoada, representando 94% da área do total e 96% do total de habitantes.","Trinité-et-Tobago, en forme longue la république de Trinité-et-Tobago, est un État insulaire des Caraïbes situé dans la mer des Caraïbes, au large du Venezuela, indépendant depuis 1962, peuplé en 2024 d'environ de Trinidadiens.","Trinidad e Tobago, ufficialmente Repubblica di Trinidad e Tobago, è uno Stato insulare dell'America centrale caraibica, di e abitanti censiti nel 2022, con capitale Port of Spain.","Trinidad y Tobago, oficialmente la República de Trinidad y Tobago, es un país soberano insular ubicado en el mar Caribe, en la región septentrional de América del Sur. Formado por las islas principales, Trinidad y Tobago, y otras numerosas y mucho más pequeñas, está situado a 130 kilómetros al sur de Granada y a 11 kilómetros de la costa del noreste de Venezuela. Su capital es Puerto España y su ciudad más poblada es Chaguanas.","Port of Spain","Chaguanas","1512779","5131","294","Unitary parliamentary republic","English","Trinidadians and Tobagonians|Trini or Trinbagonian (colloquial)","27.887","0.807","Trinidad and Tobago dollar","-4","+1",".tt"
"TZ","Tanzania","Tanzânia","Tanzanie","Tanzania","Tanzania","https://en.wikipedia.org/wiki/Special:FilePath/Flag_of_Tanzania.svg?width=250","Tanzania, officially the United Republic of Tanzania, is a country in East Africa within the African Great Lakes region. It is bordered by Uganda to the northwest, Kenya to the northeast, the Indian Ocean to the east, Mozambique and Malawi to the south, Zambia to the southwest, and Rwanda, Burundi, and the Democratic Republic of the Congo to the west. According to a 2024 estimate, Tanzania has a population of around 67.5 million, making it the most populous African country located entirely south of the equator.","A República Unida da Tanzânia é um estado unitário composto por 26 regiões. A atual chefe de estado é a presidente Samia Suluhu. A capital é Dodoma, sede oficial do governo e do parlamento. Entre a independência e 1996, Dar es Salaam, a maior cidade do país, foi a capital, e continua sendo a principal cidade e o local de facto da maioria das instituições governamentais. O nome Tanzânia é um portmanteau de ""Tanganica"" e ""Zanzibar"". Os dois estados foram unidos em 1964, formando a República Unida de Tanganica e Zanzibar, que posteriormente no mesmo ano foi renomeado para o atual nome.","La Tanzanie, en forme longue la république unie de Tanzanie, est un pays d'Afrique de l'Est situé en bordure de l'océan Indien, dans la partie tropicale de l'hémisphère sud.","Completa: 10 dicembre 1963 proclamazione = 26 aprile 1964 ingressoONU = 14 dicembre 1961 superficieTotale = superficieOrdine = 31 superficieAcqua = 6,2 popolazioneTotale = popolazioneAnno = 2025 popolazioneOrdine = 21 popolazioneDensita = 67 popolazioneCrescita = 2,98% nomeAbitanti = confini = Kenya, Uganda, Ruanda, Burundi, Repubblica Democratica del Congo, Zambia, Malawi e Mozambico continente = Africa orario = UTC+3 valuta = Scellino Tanzaniano PIL = 28247 PILValuta = $ PILAnno = 2012 PILOrdine = 94 PILprocapite = 1040 PILprocapiteValuta = $ PILprocapiteAnno = 2018 PILprocapiteOrdine = 165 PILPPA = 191631 PILPPAValuta = $ PILPPAAnno = 2019 PILPPAOrdine = 70 PILPPAprocapite = 1715 PILPPAprocapiteValuta = $ PILPPAprocapiteAnno = 2013 PILPPAprocapiteOrdine = 160 HDI = 0,549 HDIAnno = 2021 HDIOrdine = 160 TFT = 4,89 energia = tld = telefono = +255 targa = inno = Mungu ibariki Afrika festa = 26 aprile: Festa dell'Unione stato precedente = [[File:Flag of Zanzibar_.svg|20px|border]] Repubblica Popolare di Zanzibar","Tanzania, oficialmente la República Unida de Tanzania, es un país situado en la costa oriental del África Central. Limita al norte con Kenia y Uganda, al oeste con Ruanda, Burundi, la República Democrática del Congo, con el cual no tiene una frontera terrestre, ya que el lago Tanganica los divide, al sur con Zambia, Malaui, Mozambique y al este con el océano Índico. Su capital es Dodoma y su ciudad más poblada es Dar es-Salam, sede del gobierno y centro del poder político del país. El nombre del país proviene de la unión de las palabras «Tanganica» y «Zanzíbar».","Dodoma","Dar es Salaam","67462121","947303","65.2","Unitary dominant-party|presidential republic","Swahili|English","Tanzanian","88.98","0.555","Tanzanian shilling","+3","+255",".tz"
"UA","Ukraine","Ucrânia","Ukraine","Ucraina","Ucrania","https://en.wikipedia.org/wiki/Special:FilePath/Flag_of_Ukraine.svg?width=250","Ukraine is a country in Eastern Europe. It is the second-largest country in Europe after Russia, which borders it to the east and northeast. Ukraine also borders Belarus to the north; Poland and Slovakia to the west; Hungary, Romania and Moldova to the southwest; and the Black Sea and the Sea of Azov to the south and southeast. Kyiv is Ukraine's capital and largest city, followed by Kharkiv, Odesa, and Dnipro. The official language of the country is Ukrainian. Ukraine covers an area of with an estimated total population of 32.3 million in 2026.","Ucrânia é um país do Leste Europeu. É o segundo maior país em área da Europa depois da Rússia, que faz fronteira a leste e nordeste. Também faz fronteira com a Bielorrússia ao norte; Polônia, Eslováquia e Hungria a oeste; Romênia e Moldávia ao sul; e tem um litoral ao longo do mar de Azov e do mar Negro. Abrange uma área de e em 2021 tinha cerca de 41,5 milhões habitantes, o oitavo país mais populoso da Europa. A capital e a maior cidade do país é Kiev.","L'Ukraine est un État d'Europe orientale, deuxième État d'Europe par sa superficie derrière la Russie, premier pour les pays entièrement européens. Elle est bordée par la mer Noire et la mer d'Azov au sud, frontalière avec la Russie au nord-est et à l'est, avec la Biélorussie au nord, avec la Pologne, la Slovaquie et la Hongrie à l'ouest et avec la Roumanie et la Moldavie au sud-ouest. La capitale, et la ville la plus peuplée du pays, est Kiev, suivie par Kharkiv et Odessa qui dépassent également le million d'habitants.","L'Ucraina è uno Stato unitario con un sistema semipresidenziale, ed è membro dell'ONU, del Consiglio d'Europa, dell'OSCE, del GUAM e del triangolo di Lublino. La lingua ufficiale è l'ucraino; molto diffuso nelle regioni orientali e nel sud è il russo, che nella Repubblica autonoma di Crimea è anche lingua ufficiale assieme al tataro di Crimea. L'Ucraina è un Paese in via di sviluppo, e si posiziona al 84º posto nell'indice di sviluppo umano. È uno dei Paesi più poveri d'Europa per PIL pro capite e la corruzione risulta molto diffusa. Tuttavia, grazie alla presenza di estese pianure fertili, l'Ucraina è uno dei maggiori esportatori di grano al mondo.","La historia de Ucrania comienza en el año 882 con el establecimiento de la Rus de Kiev, una federación de tribus eslavas orientales, que llegó a convertirse en el Estado más grande y poderoso de Europa durante el siglo. Tras la invasión mongola de mediados del siglo, la unidad territorial desapareció, y el área fue dividida y gobernada por diversas potencias, incluidas la República de las Dos Naciones, el Imperio austrohúngaro, el Imperio otomano y el Hetmanato cosaco. Entre 1721 y 1917, la mayor parte de Ucrania formó parte del Imperio ruso, constituyendo una zona importante del área de influencia de la Rusia zarista, aunque con importantes sectores de la población manteniendo una identidad nacional ucraniana.","Kyiv","Kyiv","32283000","603628","53.5","Unitary|semi-presidential republic","Ukrainian","Ukrainian","225.337","0.779","Ukrainian hryvnia|(|₴|)","+2","+380",".ua|.укр"
"UG","Uganda","Uganda","Ouganda","Uganda","Uganda","https://en.wikipedia.org/wiki/Special:FilePath/Flag_of_Uganda.svg?width=250","Uganda, officially the Republic of Uganda, is a landlocked country in East Africa. It is bordered to the east by Kenya, to the north by South Sudan, to the west by the Democratic Republic of the Congo, to the south-west by Rwanda, and to the south by Tanzania. The southern part includes a substantial portion of Lake Victoria, shared with Kenya and Tanzania. Uganda is in the African Great Lakes region, lies within the Nile basin, and has a varied equatorial climate., it had a population of 45.9 million, of whom 1.8 million live in the capital and largest city, Kampala.","O nome Uganda deriva do reino do Buganda, que ainda hoje é considerado administrativamente como uma entidade semiautónoma, compreendendo toda a região central do país, incluindo a capital, Campala. Os túmulos dos Reis do Buganda em Kasubi são considerados património da humanidade. Os primeiros habitantes da região eram caçadores-coletores até há 1 700 a 2 300 anos, quando populações de língua bantas migraram para as regiões do sul do país.","LOuganda, en forme longue la république d'Ouganda ou la république de l'Ouganda, est un pays d'Afrique de l'Est. Appartenant à l'Afrique des Grands Lacs, il est entouré par la république démocratique du Congo à l'ouest, le Kenya à l'est, le Rwanda au sud-ouest, le Soudan du Sud au nord et la Tanzanie au sud. Le Sud du pays englobe une vaste partie du lac Victoria. L'Ouganda tire son nom du royaume de Buganda, qui couvrait autrefois les régions les plus au sud. Sa capitale et plus grande ville est Kampala.","LUganda, ufficialmente Repubblica dell'Uganda, è uno Stato dell'Africa orientale, con capitale Kampala. Confina a nord con il Sudan del Sud, a est con il Kenya, a sud con la Tanzania e il Ruanda e a ovest con la Repubblica Democratica del Congo; non ha sbocchi al mare. La parte meridionale del territorio comprende una parte importante del Lago Vittoria che, per il resto, appartiene a Kenya e Tanzania.","Uganda, oficialmente República de Uganda es un país soberano sin salida al mar situado en África oriental. El país limita al este con Kenia, al norte con Sudán del Sur, al oeste con República Democrática del Congo y al sur con Ruanda y al suroeste con Tanzania. Uganda se encuentra en la región de los Grandes Lagos de África, la parte sur del país incluye una parte sustancial del lago Victoria, compartido con Kenia y Tanzania. Uganda se encuentra en la región de los Grandes Lagos africanos y también dentro de la cuenca del Nilo y tiene un clima variado pero generalmente ecuatorial. A fecha de 2024 tiene una población de 49,3 millones de habitantes, de los cuales 8,5 millones viven en el área metropolitana de la capital y ciudad más grande, Kampala.","Kampala","Kampala","45905417","241038","157.1","Unitary|presidential republic","English|Swahili","Ugandan","64.28","0.582","Ugandan shilling","+3","+256",".ug"
"US","United States","Estados Unidos","États-Unis","Stati Uniti d'America","Estados Unidos","https://en.wikipedia.org/wiki/Special:FilePath/Flag_of_the_United_States_(DDD-F-416E_specifications).svg?width=250","The United States of America, also known as the United States or America, is a country primarily located in North America. It is a federal republic consisting of 50 states and a federal capital district, Washington, D.C. The 48 contiguous states border Canada to the north and Mexico to the south, with the semi-exclave of Alaska in the northwest and the archipelago of Hawaii in the Pacific Ocean. The United States also asserts sovereignty over five major island territories and various uninhabited islands in Oceania and the Caribbean. and third-largest population, exceeding 341 million.","Estados Unidos da América, ou simplesmente Estados Unidos ou América, são uma república constitucional federal composta por 50 estados e um distrito federal. A maior parte do país situa-se na região central da América do Norte, formada por 48 estados e o Distrito de Colúmbia, o distrito federal da capital. Banhado pelos oceanos Pacífico e Atlântico, faz fronteira com o Canadá ao norte e com o México ao sul. O estado do Alasca está no noroeste do continente, fazendo fronteira com o Canadá no leste e com a Rússia a oeste, através do estreito de Bering. O estado do Havaí é um arquipélago no Pacífico Central. O país também possui vários outros territórios no Caribe e no Oceano Pacífico. Com 9,37 milhões de km² de área e uma população de mais de 330 milhões de habitantes, o país é o quarto maior em área total, o quinto maior em área contígua e o terceiro em população. Os Estados Unidos são uma das nações mais multiculturais e etnicamente diversas do mundo, produto da forte imigração vinda de muitos países. Sua geografia e sistemas climáticos também são extremamente diversificados, com desertos, planícies, florestas e montanhas que abrigam uma grande variedade de espécies.","Les États-Unis, en forme longue les États-Unis d'Amérique, également appelés de manière informelle les USA ou lAmérique, ou familièrement les States, sont un État transcontinental dont une large majorité du territoire se situe en Amérique du Nord. Les États-Unis ont la structure politique d'une république et d'un État fédéral à régime présidentiel, composé de cinquante États. La capitale fédérale, Washington, est située dans le district de Columbia, une zone enclavée dans l'Union, mais hors des cinquante États. Les États-Unis adoptent l'anglais comme langue officielle le, l'anglais américain ayant servi de facto de langue nationale depuis l'indépendance du pays. La monnaie est le dollar américain.","Gli Stati Uniti d'America sono una repubblica federale dell'America settentrionale composta da cinquanta Stati e un distretto federale. I quarantotto stati contigui e il distretto di Columbia dove si trova Washington occupano la fascia centrale dell'America del Nord tra il Canada e il Messico e sono bagnati dall'Oceano Atlantico a est, dal Golfo del Messico a sud-est e dall'Oceano Pacifico ad ovest. Con in totale e con quasi 350 milioni di abitanti al 2026, gli Stati Uniti sono il terzo Paese del pianeta sia per popolazione sia per estensione territoriale. La geografia e il clima degli Stati Uniti d'America sono estremamente vari, con deserti, pianure, foreste e montagne che ospitano una grande varietà di fauna selvatica. È una delle nazioni più multietniche e multiculturali al mondo, prodotto di larga scala dell'immigrazione da molti Paesi.","Estados Unidos, oficialmente Estados Unidos de América, es una federación constituida en una república constitucional compuesta por cincuenta estados y un distrito federal. Limita al norte con Canadá y al sur con México. Su capital es y su ciudad más poblada es Nueva York. La mayor parte del país se ubica en el medio de América del Norte ―donde se encuentran sus cuarenta y ocho estados contiguos y ―, entre los océanos Pacífico y Atlántico.","Washington, D.C.","New York City","341784857","9147598.63","96.8","Federal|presidential republic","English","American","32.384","0.938","U.S. dollar|(|$|)","−4|to|−12|+10|+11","+1",".us"
"UY","Uruguay","Uruguai","Uruguay","Uruguay","Uruguay","https://en.wikipedia.org/wiki/Special:FilePath/Flag_of_Uruguay.svg?width=250","Uruguay, officially the Oriental Republic of Uruguay, is a country in South America. It shares borders with Argentina to its west and southwest and Brazil to its north and northeast, while bordering the Río de la Plata to the south and the Atlantic Ocean to the southeast. It is part of the Southern Cone region of South America. Uruguay covers an area of approximately 176,215. It has a population of almost 3.5 million people, of whom nearly 2 million live in the metropolitan area of its capital and largest city, Montevideo.","Uruguai, oficialmente República Oriental do Uruguai, é um país localizado na parte sudeste da América do Sul. Sua população é de cerca de 3,5 milhões de habitantes, dos quais 1,8 milhão vivem na capital, Montevidéu, e em sua área metropolitana. Estima-se que entre 88% e 94% da população possua ascendência principalmente europeia ou castiça. A única fronteira terrestre do Uruguai é com o estado brasileiro do Rio Grande do Sul, no norte, sendo a segunda menor fronteira do Brasil com outro país sul-americano. Para o oeste encontra-se o rio Uruguai e a sudoeste situa-se o estuário do rio da Prata. O país faz fronteira com a Argentina apenas em alguns bancos de qualquer um dos rios citados acima, enquanto a sudeste fica o oceano Atlântico. O Uruguai é o segundo menor país da América do Sul, sendo maior apenas que o Suriname.","LUruguay, en forme longue la république orientale de l'Uruguay, est un pays du Cône Sud de l'Amérique du Sud, situé au sud du Brésil et au nord-est de l'Argentine, dont il est séparé par le fleuve Uruguay qui lui a donné son nom.","LUruguay, ufficialmente Repubblica Orientale dell'Uruguay, è uno Stato dell'America meridionale. Ha una superficie di e abitanti, la capitale è Montevideo.","Uruguay, oficialmente República Oriental del Uruguay, es un país soberano de América del Sur, situado en la parte oriental del Cono Sur. Su capital y ciudad más poblada es Montevideo. Limita al noreste con Brasil, al oeste y suroeste con Argentina, separada por el Río de la Plata; y al sur con el océano Atlántico. Abarca y es el segundo país más pequeño de Sudamérica, después de Surinam. Según los datos del último censo del Instituto Nacional de Estadística en 2023, la población de Uruguay es de habitantes, ubicándolo en la décima posición entre los doce países sudamericanos.","Montevideo","Montevideo","3499451","176215","19.5","Unitary presidential republic","Spanish|Uruguayan Sign Language","Uruguayan","96.1","0.862","Uruguayan peso","−03:00","+598",".uy"
"UZ","Uzbekistan","Usbequistão","Ouzbékistan","Uzbekistan","Uzbekistán","https://en.wikipedia.org/wiki/Special:FilePath/Flag_of_Uzbekistan.svg?width=250","Uzbekistan, officially the Republic of Uzbekistan, is a doubly landlocked country located in Central Asia. It is bordered by Kazakhstan to the north, Kyrgyzstan to the northeast, Tajikistan to the southeast, Afghanistan to the south, and Turkmenistan to the south-west. It is one of only two doubly landlocked countries in the world, the other being Liechtenstein. The country has a population of more than 39 million, making it the most populous Republic in Central Asia. Uzbekistan is a member of the Organisation of Turkic States. Uzbek, spoken by the Uzbek people who form more than 89% of the population, is the official language of the country. Russian and Tajik are significant minority languages, with Russian serving as a lingua franca. Tajik is primarily spoken by Tajiks living in the southern parts of the country, such as Samarkand and Bukhara.","A região onde o país atualmente situa-se fez parte do Canato Túrquico e, posteriormente, do Império Timúrida, sendo conquistada no início do Século XVI por nômades turcomanos. Seu território foi anexado pelo Império russo na segunda metade do e em 1924 tornou-se uma das repúblicas da União Soviética, a República Socialista Soviética Uzbeque. Três meses antes da dissolução da URSS, declarou sua independência no dia 31 de agosto de 1991.","LOuzbékistan, en forme longue la république d'Ouzbékistan, est un pays d'Asie centrale de plus de d'habitants en 2024, entouré par le Kazakhstan à l'ouest-nord-ouest et au nord, le Kirghizistan à l'est, le Tadjikistan au sud-est, l'Afghanistan au sud-sud-est et le Turkménistan au sud-ouest.","LUzbekistan, ufficialmente Repubblica dell'Uzbekistan, anche scritto Usbechistan e attestato come Usbechia nell'italiano di fine '700, è uno Stato dell'Asia centrale. La sua capitale è Tashkent, che conta oltre 3 milioni di abitanti. La superficie è di 448.978 km². La popolazione attuale del Paese è di oltre 37,5 milioni di persone. La valuta è il sum. L'Uzbekistan è uno Stato laico con una forma di governo costituzionale semi-presidenziale. L'Uzbekistan è composto da 12 regioni, e dalla repubblica autonoma del Karakalpakstan. L'Uzbekistan è membro dell'Organizzazione degli Stati Turchi, della CSI, dell'ONU, dell'OSCE, dell'SCO. Fino al 1991 faceva parte dell’URSS. La religione principale è l'Islam e la maggioranza degli uzbeki è musulmana.","Uzbekistán, oficialmente República de Uzbekistán, es un país sin litoral situado en Asia Central. Limita al noroeste y al norte con Kazajistán, al sur con Afganistán, al noreste con Kirguistán, al sureste con Tayikistán y al suroeste con Turkmenistán. Junto con Liechtenstein, es uno de los dos únicos países doblemente aislados del mar,es decir, que desde Uzbekistán se han de atravesar dos fronteras como mínimo para llegar al mar, salvo que se consideren como mares —y no como lagos— el Caspio y el casi desaparecido mar de Aral. Es, por lo tanto, uno de los países más interiores y distantes del mar en el mundo. El país tiene una población superior a los 38.2 millones de personas, lo que lo convierte en el más poblado de Asia Central. Uzbekistán es miembro de la Organización de Estados Túrquicos. La lengua oficial del país es el uzbeko, hablado por el pueblo uzbeko que constituye cerca del 85% de su población. El ruso y el tayiko son lenguas minoritarias importantes, fungiendo el ruso como una lengua franca. El tayiko es hablado principalmente por tayikos que habitan las partes meridionales del país como Samarcanda o Bujará.","Tashkent","Tashkent","39047321","448978","87","Semi-presidential republic","Uzbek","Uzbek|•|Uzbekistani","181.51","0.74","Uzbek sum","+5","+998",".uz"
"VE","Venezuela","Venezuela","Venezuela","Venezuela","Venezuela","https://en.wikipedia.org/wiki/Special:FilePath/Flag_of_Venezuela.svg%3C!--DO_NOT_REPLACE_THE_FLAG_WITH_THE_PRE-CHAVEZ_FLAG._THIS_IS_OFFICIAL_FLAG%E2%80%94SEE_TALK_PAGE.--%3E?width=250","Venezuela, officially the Bolivarian Republic of Venezuela, is a country on the northern coast of South America, consisting of a continental landmass and various islands and islets in the Caribbean Sea. It comprises an area of 912,050, with a population estimated at 31.8 million in 2025. The capital and largest urban agglomeration is Caracas. The continental territory is bordered on the north by the Caribbean Sea and the Atlantic Ocean, on the west by Colombia, on the south by Brazil, on the east by Guyana, and on the northeast by Trinidad and Tobago.","Venezuela, oficialmente República Bolivariana da Venezuela, é um país localizado na porção norte da América do Sul, constituído por uma parte continental e inúmeras pequenas ilhas no Mar do Caribe. Possui uma área de, sendo o 32.º maior país no mundo em território, e sua capital e maior aglomeração urbana é a cidade de Caracas. Suas fronteiras são delimitadas a norte com o Mar do Caribe, a oeste com a Colômbia, ao sul com o Brasil e ao leste com a Guiana, com quem mantém disputas territoriais. Através das suas zonas marítimas, tem soberania sobre 71 295 km² de mar territorial, 22 224 km² na zona contígua, 471 507 km² do Mar do Caribe e o Oceano Atlântico sob o conceito de zona econômica exclusiva, e 99 889 km² de plataforma continental. Esta área marinha faz fronteira com treze estados soberanos, sendo Trinidad e Tobago, Granada, São Vicente e Granadinas, Santa Lúcia e Barbados alguns deles. Sua população é estimada em e a capital nacional é Caracas.","Le Venezuela ou Vénézuéla ; en espagnol : ), en forme longue la république bolivarienne du Venezuela ou république bolivarienne du Vénézuéla, en espagnol ', nom officiel en l'honneur de Simón Bolívar, est une république fédérale située dans la partie la plus septentrionale de l'Amérique du Sud, bordé au nord par la mer des Caraïbes, à l'est-sud-est par le Guyana, au sud par le Brésil, au sud-ouest et à l'ouest par la Colombie.","Situato subito a nord dell'equatore, è considerato come uno dei Paesi con la maggiore diversità ecologica nel mondo. Abitata già in epoca precolombiana da gruppi tribali amerindi come caribe e arawak, fu toccata da Cristoforo Colombo nel suo terzo viaggio nel 1498 e venne inglobata nel vasto impero sudamericano spagnolo nel XVI secolo, anche se il clima limitò fortemente l'entità della colonizzazione. Fu il primo Stato sudamericano ad emanciparsi dalla Corona spagnola, proclamando formalmente il 5 luglio 1811 la propria indipendenza, che divenne però effettiva solo nel 1821.","Venezuela, oficialmente República Bolivariana de Venezuela, es un país soberano de América, situado en el extremo norte de América del Sur y en la región del Caribe. Conformado por un territorio continental y numerosas islas, islotes y cayos en el mar Caribe, su capital y mayor aglomeración urbana es la ciudad de Caracas.","Caracas","Caracas","31800000","916445","32","Federal|presidential republic|under an|authoritarian|dictatorship","Spanish","Venezuelan","82.7701","0.709","Venezuelan bolívar","−04:00","+58",".ve"
"VN","Vietnam","Vietnã","Vietnam","Vietnam","Vietnam","https://en.wikipedia.org/wiki/Special:FilePath/Flag_of_Vietnam.svg?width=250","Vietnam, officially the Socialist Republic of Viet Nam, is a country at the eastern edge of Mainland Southeast Asia. With an area of about 331,000 square kilometres and a population of over 102 million, it is the world's 16th-most populous country. One of two communist states in Southeast Asia, Vietnam is bordered by China to the north, and Laos and Cambodia to the west; it lies along the Gulf of Thailand to the southwest and the South China Sea to the east, where it has shared and disputed maritime borders with other countries. Its capital is Hanoi, while its largest city is Ho Chi Minh City.","A parte norte do atual país fez parte da China Imperial por mais de um milênio, a partir de 111 a.C. até 938 d.C. Os vietnamitas se tornaram independentes da China Imperial no ano de 938, após a vitória vietnamita na batalha de Bach Dang. Dinastias reais vietnamitas sucessivas floresceram quando a nação se expandiu geográfica e politicamente para o Sudeste da Ásia, até a península da Indochina ser colonizada pelos franceses em meados do século XIX. Na sequência de uma ocupação japonesa, na década de 1940, os vietnamitas lutaram contra o domínio francês na Primeira Guerra da Indochina, que resultou na expulsão dos Franceses em 1954. A partir daí, o Vietnã foi dividido politicamente em dois estados rivais, o Vietnã do Norte e o Vietnã do Sul. O conflito entre os dois lados se intensificou, com forte intervenção dos Estados Unidos, no conflito que ficou conhecido como a Guerra do Vietnã. A guerra terminou com a vitória norte-vietnamita em 1975. Após a vitória do Vietnã do Norte sobre o Vietnã do Sul, representado pela Frente Nacional de Libertação do Sul do Vietnã, o país passou a ser a República Socialista do Vietnã, mantida até aos dias atuais.","Le Vietnam, Viet Nam ou Viêt Nam, en forme longue la république socialiste du Vietnam, est un pays d'Asie du Sud-Est situé dans l'est de la péninsule indochinoise. Constitué d'une longue côte maritime qui s'étend sur près de, le Vietnam est bordé par le golfe du Tonkin au nord, la mer de Chine méridionale à l'est et le golfe de Thaïlande au sud-ouest et partage ses frontières avec la Chine au nord, le Laos au nord-ouest et le Cambodge au sud-ouest. Sa capitale est Hanoï, tandis que sa municipalité la plus peuplée est Hô Chi Minh-Ville. La langue officielle est le vietnamien, et la monnaie, le dong. C'est un État communiste à parti unique où existe la liberté d'entreprendre. D'autres partis siègent à l'Assemblée nationale, mais lui sont étroitement affiliés.","Il Vietnam o Viet Nam, ufficialmente Repubblica Socialista del Vietnam, è uno Stato del sud-est asiatico. Confina a nord con la Cina, a ovest con il Laos e la Cambogia, mentre a est e a sud si affaccia sul Mar Cinese Meridionale, che tra l'isola cinese di Hainan e il nord del Vietnam forma il golfo del Tonchino. A sud, per un breve tratto, il Vietnam si affaccia sul golfo del Siam. La capitale è Hanoi.","Los vietnamitas se independizaron de la China Imperial en 939 tras la batalla del río Bach Dang, la cual marcó el fin de 1100 años de dominación extranjera. En los siglos siguientes florecieron diversas dinastías reales vietnamitas al tiempo que el reino expandía sus fronteras geográficas y políticas por el Sudeste Asiático. En el la península Indochina fue colonizada por los franceses. Tras un período de ocupación japonesa durante la Segunda Guerra Mundial, los vietnamitas iniciaron la guerra de Indochina contra Francia, que acabó con la derrota y expulsión de las tropas galas en 1954. Sin embargo, el país quedó dividido políticamente en dos estados rivales, el Norte y el Sur, que iniciaron un conflicto de creciente intensidad que acabó en la conocida como guerra de Vietnam, en la que se enfrentaron el Norte y las guerrillas comunistas conocidas como Viet cong, contra las tropas del Sur y las fuerzas armadas de los Estados Unidos. La guerra finalizó en 1975 con la victoria del Norte y al año siguiente el país se unificó bajo un régimen de orientación socialista.","Hanoi","Ho Chi Minh City","102300000","331344.82","309","Unitary|communist state","Vietnamese","Vietnamese|Viet (colloquial)","527.266","0.766","Vietnamese đồng","+07:00","+84",".vn"
"VU","Vanuatu","Vanuatu","Vanuatu","Vanuatu","Vanuatu","https://en.wikipedia.org/wiki/Special:FilePath/Flag_of_Vanuatu_(official).svg?width=250","Vanuatu, officially the Republic of Vanuatu, is an archipelagic country in Melanesia located in the South Pacific Ocean. The archipelago, which is of volcanic origin, is east of northern Australia, northeast of New Caledonia, east of New Guinea, southeast of Solomon Islands, and west of Fiji.","A primeira ilha no grupo de Vanuatu descoberta foi a ilha de ""Espiritu Santo"" quando, em 1606, o explorador português Pedro Fernandes de Queirós, avistou-a e pensou tratar-se de um continente do sul. Os europeus não retornaram às ilhas até 1768, quando o explorador francês Louis Antoine de Bougainville redescobriu as ilhas. Em 1774, o Capitão Cook nomeou as ilhas de Novas Hébridas, o nome que permaneceu até a independência do arquipélago. Em 1825, o comerciante Peter Dillon descobriu madeira de sândalo na ilha de Erromango iniciando uma corrida que terminou em 1830 depois de um confronto entre trabalhadores imigrantes polinésios e melanésios autóctones. Durante a década de 1860, os fazendeiros da Austrália, Fiji, Nova Caledónia e as ilhas Samoa, que necessitavam de mão de obra, incentivaram o comércio de trabalhadores contratados por um longo tempo, chamado de ""blackbirding"". No auge da ""blackbirding"", mais de metade da população adulta masculina de várias ilhas trabalhou no exterior.","Le Vanuatu, en forme longue la république de Vanuatu ou république du Vanuatu, est un pays situé en mer de Corail et faisant partie de la Mélanésie. L'archipel est composé de pour la plupart d'origine volcanique, à au nord-nord-est de la Nouvelle-Calédonie.","Vanuatu, il cui nome ufficiale è Repubblica di Vanuatu è uno Stato insulare situato nell'Oceano Pacifico meridionale.","Vanuatu fue habitado por el pueblo melanesio durante miles de años. El archipiélago fue descubierto por una expedición liderada por Pedro Fernández de Quirós, quien partió del puerto del Callao en el Virreinato del Perú, en 1606. Otros europeos comenzaron a asentarse en la zona a finales del. En la década de 1880 Francia y Reino Unido reclamaron regiones del archipiélago, y en 1906 acordaron la creación de un marco para gestionar en común las Nuevas Hébridas, a través de un condominio anglo-francés. Durante la década de 1970 surgió un movimiento independentista, y en 1980 se fundó la República de Vanuatu. Cabe destacar que Vanuatu es el único país de Oceanía que tiene el francés como idioma oficial.","","","335908","12189","27.6","Unitary parliamentary republic","Bislama|English|French","Ni-Vanuatu","1.0642","0.621","Vatu","+11","+678",".vu"
"WS","Samoa","Samoa","Samoa","Samoa","Samoa","https://en.wikipedia.org/wiki/Special:FilePath/Flag_of_Samoa.svg?width=250","Samoa, officially the Independent State of Samoa, is an island country in Polynesia, part of Oceania, in the South Pacific Ocean. It consists of two main islands, two smaller, inhabited islands, and several smaller, uninhabited islands, including the Aleipata Islands. Samoa is located west of American Samoa, northeast of Tonga, northeast of Fiji, east of Wallis and Futuna, southeast of Tuvalu, south of Tokelau, southwest of Hawaii, and northwest of Niue. The capital and largest city is Apia.","Samoa é membro da Comunidade Britânica. O país conseguiu sua independência da Nova Zelândia em 1962, e foi admitida como Samoa Ocidental nas Nações Unidas em 15 de dezembro de 1976. Todo o arquipélago, que inclui Samoa Americana, foi chamado de ""Ilhas Navegadores"" por exploradores europeus antes do século XX por causa das habilidades marítimas dos samoanos.","Les Samoa, en forme longue lÉtat indépendant des Samoa, sont un État indépendant de Polynésie occidentale, situé dans l'ouest de l'océan Pacifique sud, appelé les Samoa-Occidentales jusqu’en 1997.","Le Samoa, ufficialmente Stato indipendente di Samoa, sono uno Stato indipendente dell'Oceania della Polinesia e membro del Commonwealth delle Nazioni, composto da un gruppo di isole dell'oceano Pacifico meridionale, all'interno dell'arcipelago delle Samoa, a metà strada tra le Isole Hawaii e la Nuova Zelanda. Le isole occupano, e contano circa 200.000 abitanti. La capitale, che sorge sull'isola di Upolu, è Apia. Lo stato era in passato una colonia neozelandese: L'indipendenza dalla Nuova Zelanda fu dichiarata il 1º gennaio 1962","Samoa, oficialmente Estado Independiente de Samoa, es un país soberano insular de Oceanía integrado dentro de la Polinesia. Su capital y ciudad más poblada es Apia, en la isla de Upolu.","Apia","Apia","205557","2831","70","Unitary parliamentary republic","Samoan|English","Samoan","908.5612","0.708","Tālā|(WS|$|)","+13","+685",".ws"
"XA","Cameroon","Camarões","Cameroun","Camerun","Camerún","https://en.wikipedia.org/wiki/Special:FilePath/Flag_of_Cameroon.svg?width=250","Cameroon, officially the Republic of Cameroon, is a country in Central Africa. It shares boundaries with Nigeria to the west and north, Chad to the northeast, the Central African Republic to the east, and Equatorial Guinea, Gabon, and the Republic of the Congo to the south. Its coastline lies on the Bight of Biafra, part of the Gulf of Guinea, and the Atlantic Ocean. Due to its strategic position at the crossroads between West Africa and Central Africa, it has been categorized as being in both geostrategic locations. Cameroon's population of nearly 31 million people speak 250 native languages, in addition to the national tongues of English and French. The capital city of the country is Yaoundé.","Os antigos habitantes do território incluem a civilização Sao em torno do Lago Chade e os caçadores-coletores Baka nas florestas tropicais do sudeste. Exploradores portugueses chegaram ao litoral no século XV e nomearam a área de Rio dos Camarões, que se tornou Cameroon em inglês e Cameroun em francês. Os soldados fulas fundaram o Emirado Adamawa, no norte, durante o século XIX, e vários grupos étnicos do oeste e noroeste estabeleceram tribos poderosas e fondoms. Os Camarões foram elevados à categoria de colônia alemã em 1884, sendo conhecidos então como ""Kamerun"".","Le Cameroun, en forme longue la république du Cameroun, est un État d'Afrique centrale et occidentale situé entre le Nigeria au nord-nord-ouest, le Tchad au nord-nord-est, la République centrafricaine à l'est, la république du Congo au sud-est, le Gabon au sud, la Guinée équatoriale au sud-ouest et le golfe de Guinée au sud-ouest. Les langues officielles sont le français et l'anglais pour un pays qui compte une multitude de langues locales.","Il Camerun, ufficialmente Repubblica del Camerun, è una repubblica unitaria dell'Africa equatoriale, la cui capitale è Yaoundé.","Los habitantes permanentes más antiguos de Camerún son grupos como los baka. La civilización sao alrededor del lago Chad floreció durante el primer milenio d. C y dio paso a su estado sucesor, el imperio Kanem-Bornu. Los fulani establecieron el emirato Adamawa en el norte en el, y grupos étnicos del oeste y noroeste establecieron cacicazgos. El partido Unión de los Pueblos del Camerún defendió la independencia, pero fue ilegalizado por Francia en la década de 1950, lo que condujo a una guerra entre fuerzas francesas y el UPC que duró hasta 1971.","Yaoundé","Douala","30987821","475442","39.7","Unitary|presidential republic|under an|authoritarian|dictatorship","French|English","Cameroonian","67.52","0.588","Central African CFA franc","+1","+237",".cm"
"XA","Chad","Chade","Tchad","Ciad","Chad","https://en.wikipedia.org/wiki/Special:FilePath/Flag_of_Chad.svg?width=250","Chad, officially the Republic of Chad, is a country in Central Africa. It is bordered by Libya to the north, Sudan to the east, the Central African Republic to the south, Cameroon to the southwest, Nigeria to the southwest, and Niger to the west. Chad has a population of 20 million, of which 1.6 million live in the capital and largest city of N'Djamena. With a total area of around 1,300,000, Chad is the fifth-largest country in Africa and the twentieth largest nation by area.","O território chadiano começou a ser ocupado de forma numerosa há nove mil anos, com vários estados e impérios desaparecendo na zona central do país por volta de três mil anos atrás - todos eles dedicados a controlar as rotas do comércio transaariano que cruzavam a região. No, com a Conferência de Berlim, a França conquistou e colonizou este território e o incorporou à África Equatorial Francesa. Em 11 de agosto de 1960, a independência foi proclamada, pela liderança de François Tombalbaye. Em 1965, revoltas contra a política do país fizeram com que os muçulmanos da região norte entrassem em uma guerra civil. Assim, em 1979, rebeldes tomaram a capital do país e puseram fim à hegemonia dos cristãos da região sul. Entretanto, comandantes rebeldes permaneceram em conflito constante até Hissène Habré se impor ante seus rivais, mas em 1990 Idriss Déby derrotou-o. Recentemente, o conflito de Darfur no Sudão atravessou a fronteira e gerou o conflito entre Chade e Sudão, com centenas e milhares de refugiados vivendo em acampamentos no leste do país.","Le, en forme longue la, est un pays d'Afrique centrale, sans accès à la mer, frontalier de la Libye au nord, du Soudan à l'est, de la République centrafricaine au sud, du Cameroun au sud-sud-ouest, du Nigeria à l'ouest-sud-ouest et du Niger à l'ouest. Sa capitale, N'Djaména, est également sa ville la plus peuplée.","Il Ciad, ufficialmente Repubblica del Ciad, è uno Stato dell'Africa centrale che confina a nord con la Libia, a est con il Sudan, a sud-ovest con Camerun e Nigeria, a ovest con il Niger e a sud con la Repubblica Centrafricana. Ha una superficie di 1.284.000 km² e una popolazione di 16.877.357 abitanti, per una densità di 8,9 ab/km².","Chad es un país sin litoral ubicado en África Central. Limita con Libia al norte, con Sudán al este, con la República Centroafricana al sur, Camerún y Nigeria al suroeste y con Níger al oeste. Chad se encuentra dividido en tres grandes regiones geográficas: la zona desértica del norte, el árido cinturón de Sahel en el centro y la sabana sudanesa fértil al sur. El lago Chad, por el cual el país obtuvo su nombre, es el cuerpo de agua más grande en Chad y el segundo más grande de África. El punto más alto de Chad es el volcán Emi Koussi, en el desierto del Sáhara. Yamena es la capital y la ciudad más grande del país. Chad es la patria de más de 200 etnias. El francés y el árabe son los idiomas oficiales, mientras las religiones con más seguidores en el país son el cristianismo y el islam.","N'Djamena","N'Djamena","20031602","1280000","15.1","Presidential republic","French|Arabic","Chadian","23560.202520251016","0.416","Central African CFA franc","+01:00","+235",".td"
"XA","Equatorial Guinea","Guiné Equatorial","Guinée équatoriale","Guinea Equatoriale","Guinea Ecuatorial","https://en.wikipedia.org/wiki/Special:FilePath/Flag_of_Equatorial_Guinea.svg?width=250","Equatorial Guinea, officially the Republic of Equatorial Guinea, is a country on the west coast of Central Africa and the only Spanish-speaking country in Africa. It has an area of. Formerly the colony of Spanish Guinea, its post-independence name refers to its location both near the Equator and in the African region of Guinea., the country has a population of 1,853,559,","Além do Gabão e São Tomé e Príncipe, a Guiné Equatorial tem fronteiras com os Camarões e com a Nigéria. A capital do país desde janeiro de 2026 é Cidade da Paz, uma cidade planejada. A cidade de Malabo, antigamente conhecida como Santa Isabel, era anteriormente a capital do país.","La Guinée équatoriale, en forme longue la république de Guinée équatoriale est un pays d'Afrique centrale. Elle est constituée de deux parties, l'une continentale, bordée par le Cameroun et le Gabon, où se trouve la capitale Ciudad de la Paz, l'autre insulaire avec l'île de Bioko et l'île d'Annobón.","La Guinea Equatoriale, ufficialmente Repubblica della Guinea Equatoriale, è uno Stato dell'Africa centrale.","Guinea Ecuatorial, oficialmente República de Guinea Ecuatorial, que reemplazó a la anterior capital, Malabo.","Ciudad de la Paz","Bata","1795834","28050","67","Unitary|presidential republic|under an authoritarian|hereditary dictatorship","","Equatorial Guinean","12.68","0.674","Central African CFA franc","+1","+240",".gq"
"XA","Gabon","Gabão","Gabon","Gabon","Gabón","https://en.wikipedia.org/wiki/Special:FilePath/Flag_of_Gabon.svg?width=250","Gabon, officially the Gabonese Republic, is a country on the Atlantic coast of Central Africa, on the equator, bordered by Equatorial Guinea to the northwest, Cameroon to the north, the Republic of the Congo to the east and south, and the Gulf of Guinea to the west. It has an area of and a population of million people. There are coastal plains, mountains, and a savanna in the east. Libreville is the country's capital and largest city.","Desde sua independência da França em 17 de agosto de 1960, o Gabão foi governado por apenas quatro presidentes. No início de 1990, o Gabão introduziu uma constituição nova e democrática que permitia um processo eleitoral transparente. O Gabão foi também membro não permanente do Conselho de Segurança das Nações Unidas no período 2010-2011. A baixa densidade populacional, juntamente com abundantes recursos naturais e investimentos privados estrangeiros têm ajudado a fazer do Gabão um dos países mais prósperos da região e com um dos maiores IDH da África Subsaariana.","Le Gabon est un pays situé en Afrique centrale, traversé par l'équateur, frontalier à l'est, au sud-est et au sud de la république du Congo, au nord-nord-ouest de la Guinée équatoriale et au nord du Cameroun. Sa capitale administrative est Libreville, et Port-Gentil la capitale économique.","Il Gabon, ufficialmente Repubblica Gabonese, è uno Stato dell'Africa centrale. Confina a nord con la Guinea Equatoriale e il Camerun, a nord-est, est e sud con la Repubblica del Congo, a occidente si affaccia sul golfo di Guinea. Occupa una superficie di km², conta abitanti e la sua capitale è Libreville. La lingua ufficiale è il francese.","Gabón, oficialmente la República Gabonesa, es un país situado en la costa oeste de África central. Limita con Guinea Ecuatorial y Camerún al norte, la República del Congo al este y sur y con el océano Atlántico al oeste. Tiene un área de 267667km², y su población se estima en 2,3 millones de personas. Su capital y mayor ciudad es Libreville. Hay llanuras costeras, montañas y una sabana al este.","Libreville","Libreville","2397368","267668","7.9","Unitary|presidential republic","French","Gabonese|Gabonaise","21.455","0.733","Central African CFA franc","+1","+241",".ga"
"XC","Antigua and Barbuda","Antígua e Barbuda","Antigua-et-Barbuda","Antigua e Barbuda","Antigua y Barbuda","https://en.wikipedia.org/wiki/Special:FilePath/Flag_of_Antigua_and_Barbuda.svg?width=250","Antigua and Barbuda is an archipelagic country in the Caribbean composed of Antigua, Barbuda, and dozens of other small islands. Antigua and Barbuda has a total area of 440 km, making it one of the smallest countries in the Caribbean. The country is mostly flat, with the highest points on Antigua being in the Shekerley Mountains and on Barbuda the Highlands. The country has a tropical savanna climate, with pockets of tropical monsoon in Antigua's southwest. Its most populated city is St. John's, followed by All Saints and Bolans. The sole settlement in Barbuda is Codrington. Most of the country resides in the Central Plain that stretches from St. John's to English Harbour.","Os primeiros habitantes das ilhas surgiram há cerca de, mas apenas em 1493, elas foram descobertas por Cristóvão Colombo que as batizou, e colonizou em nome do reino da Espanha. Tal estatuto durou até 1667, quando foram vendidas à Grã-Bretanha, tendo estado sob soberania britânica até à sua independência em 1981. Desde então Antígua e Barbuda se tornou um dos 196 países reconhecidos pela ONU, além de uma das últimas 44 monarquias da atualidade, um dos 25 microestados (países com uma área menor que, e um dos dezasseis reinos da Commonwealth of Nations, a liga de ex-colônias britânicas que reconhecem o monarca britânico como chefe de Estado.","Antigua-et-Barbuda ou Antigue-et-Barbude, est un État insulaire des Antilles en Amérique du Nord ayant pour capitale Saint John's, situé à une cinquantaine de kilomètres au nord de la Guadeloupe et au nord-est de l'île du territoire britannique d'outre-mer de Montserrat. Cet État est composé de deux îles principales, Antigua et Barbuda, ainsi que de quelques îles plus petites.","Antigua e Barbuda è uno Stato insulare dell'America centrale caraibica. La capitale è Saint John's.","Antigua y Barbuda es uno de los trece países que forman la América Insular, Antillas o Islas del mar Caribe, uno de los treinta y cinco que forman el continente americano. Está ubicado al norte de las Antillas Menores, limitando al sur con Guadalupe, al suroeste con Montserrat, al oeste con San Cristóbal y Nieves y al noroeste con San Martín. El país consta de dos islas principales, Antigua y Barbuda, que están separadas por aproximadamente 40 km, y varias islas más pequeñas. La población permanente es de aproximadamente 97 120 personas, de los cuales el 97 % reside en Antigua. Su capital, ciudad más poblada y puerto más grande es Saint John, situada en la isla de Antigua. Codrington es la ciudad más grande de Barbuda.","St. John's","St. John's","106365","440","186","Unitary parliamentary|constitutional monarchy","English|Spanish","Antiguan and Barbudan","2.37","0.851","Eastern Caribbean dollar","-04:00","+1",".ag"
"XC","Grenada","Granada (país)","Grenade (pays)","Grenada","Granada (país)","https://en.wikipedia.org/wiki/Special:FilePath/Flag_of_Grenada.svg?width=250","Grenada is an archipelagic country of the West Indies in the eastern Caribbean Sea. The southernmost of the Windward Islands, Grenada is directly south of Saint Vincent and the Grenadines and about north of Trinidad and the South American mainland.","Granada é também conhecida como a ""Ilha das Especiarias"", por causa da produção de noz-moscada, da qual é um dos maiores exportadores do mundo. Sua área territorial é de 344 km², com uma população estimada em cerca de habitantes. O pássaro nacional de Granada é a pomba-de-granada, que se encontra na lista de espécies em perigo crítico.","La Grenade est un pays des Antilles. Cet État insulaire de la mer des Caraïbes comprend l'île de Grenade, l'île Ronde, l'île de Carriacou et l'île de Petite Martinique, toutes situées dans la partie méridionale de l'archipel des Grenadines. En y incluant les îles désertes, le pays possède une superficie de. En 2015, l'île compte.","Grenada è uno Stato insulare nel mar dei Caraibi sud-orientale, che comprende anche le Grenadine meridionali. Grenada è il secondo più piccolo Stato indipendente del continente americano. Si estende per circa e si trova a nord di Trinidad e Tobago e a sud di Saint Vincent e Grenadine.","Granada es un país insular de América, que forma parte de las Antillas Menores, en el mar Caribe. Es el segundo país independiente más pequeño del hemisferio occidental por lo que es considerado un micro-Estado. Se encuentra en la zona sureste del mar Caribe, al sur de San Vicente y las Granadinas, a 160 km al norte de Trinidad y Tobago y al nordeste del territorio continental de Venezuela, y a 109 km al sur de San Vicente y las Granadinas.","St. George's","St. George's","114621","344","333","Constitutional monarchy","English","Grenadian","1.32","0.791","Eastern Caribbean dollar","−4","+1",".gd"
"XC","Saint Kitts and Nevis","São Cristóvão e Neves","Saint-Christophe-et-Niévès","Saint Kitts e Nevis","San Cristóbal y Nieves","https://en.wikipedia.org/wiki/Special:FilePath/Flag_of_Saint_Kitts_and_Nevis.svg?width=250","Saint Kitts and Nevis, officially the Federation of Saint Christopher and Nevis, is an island country located in the Caribbean consisting of the two islands of Saint Kitts and Nevis, in the Leeward Islands chain of the Lesser Antilles. With 261 of territory, and roughly 48,000 inhabitants, it is the smallest sovereign state in the Western Hemisphere, in both area and population, as well as the world's smallest sovereign federation. The country is a Commonwealth realm, with Charles III as king and head of state.","São Cristóvão e Neves, ou São Cristóvão e Névis, oficialmente Federação de São Cristóvão e Neves ou Névis é um país das Caraíbas, localizado entre as ilhas de Barlavento, é uma federação constituída por 14 paróquias, nove localizadas em São Cristóvão e cinco localizadas em Neves. É também o menor Estado soberano da América, tanto em extensão territorial quanto em número de habitantes.","Saint-Christophe-et-Niévès, Saint-Christophe-et-Nevis ou Saint-Kitts-et-Nevis, en forme longue la fédération de Saint-Christophe-et-Niévès, et, est un État situé dans les Petites Antilles, en mer des Caraïbes, composé des îles Saint-Christophe et Niévès, associées sous forme de fédération. D'une superficie de, Saint-Christophe-et-Niévès est le plus petit pays d'Amérique.","La Federazione di Saint Kitts e Nevis è uno Stato federale insulare dell'America centrale che sorge su un arcipelago delle Piccole Antille formato dalle isole di Saint Kitts e di Nevis. Vasto e con una popolazione di meno di abitanti, è lo Stato sovrano più piccolo dell'emisfero occidentale nonché la più piccola federazione del mondo.","San Cristóbal y Nieves o Saint Kitts y Nevis, oficialmente Federación de San Cristóbal y Nieves, es un país insular del norte antillano, en concreto de las Islas de Barlovento, debiendo su nombre precisamente a este par de islas. Cristóbal Colón colonizó estas islas en su segundo viaje a este continente, llamando a la mayor San Cristóbal en honor al colonizador de América y Nieves a la segunda por la nieve de su cumbre, en alusión a un milagro de la Virgen María con la advocación de Nuestra Señora de las Nieves y ocurrido en el monte Esquilino, en Roma, en el.","Basseterre","Basseterre","54338","261","164","Federal|parliamentary|constitutional monarchy","English","Kittitian|Nevisian","1","0.84","East Caribbean dollar","-4","+1",".kn"
"XC","Saint Vincent and the Grenadines","São Vicente e Granadinas","Saint-Vincent-et-les-Grenadines","Saint Vincent e Grenadine","San Vicente y las Granadinas","https://en.wikipedia.org/wiki/Special:FilePath/Flag_of_Saint_Vincent_and_the_Grenadines.svg?width=250","Saint Vincent and the Grenadines, sometimes known simply as Saint Vincent, is an archipelagic country in the eastern Caribbean. It is located in the southeast Windward Islands of the Lesser Antilles, which lie in the West Indies, at the southern end of the eastern border between the Caribbean Sea and the Atlantic Ocean. To the north lies Saint Lucia, to the east is Barbados and Grenada lies to the south.","Com uma área de 389 km², seu território consiste principalmente na ilha de São Vicente e os dois terços restantes em Granadinas, que são uma cadeia de ilhas menores que se estende ao sul da Ilha de São Vicente, em direção a Granada. A ilha principal de São Vicente mede 18 km de comprimento, 11 km de largura e 344 km² de área. As ilhas Granadinas, em sua totalidade, abrangem 60,4 quilómetros, com uma área total de 45 km². A maior parte da nação se encontra dentro do Cinturão de furacões.","Saint-Vincent-et-les-Grenadines, parfois désigné par le sigle SVG, est un État des Petites Antilles, situé en mer des Caraïbes, entre Sainte-Lucie et la Grenade et à l'ouest de Barbade. Saint-Vincent-et-les-Grenadines est membre de l'Organisation des États de la Caraïbe orientale depuis 1981.","Saint Vincent e Grenadine è uno stato insulare dell'America centrale facente parte delle Piccole Antille. L'isola principale è Saint Vincent di, in cui è ubicata la capitale Kingstown.","Con una superficie de 387 km², la mayor parte de su territorio consiste en la isla más septentrional de San Vicente, que incluye la capital y ciudad más grande, Kingstown. Al sur se encuentran dos tercios de la parte norte de las Granadinas, una cadena de 32 islas más pequeñas; el tercio sur restante conforma Granada. Siete de las islas están habitadas, de las cuales las más grandes y pobladas son Bequia, Mustique, Canouan y Unión.","Kingstown","Kingstown","110872","389","307","Unitary|parliamentary constitutional monarchy","English","Vincentian Grenadinian|Saint VincentianVincy (colloquial)","1","0.798","East Caribbean dollar","-4","+1",".vc"
"XO","Benin","Benim","Bénin","Benin","Benín","https://en.wikipedia.org/wiki/Special:FilePath/Flag_of_Benin.svg?width=250","Benin, officially the Republic of Benin, formerly known as Dahomey, is a country in West Africa. It is bordered by Togo to the west, Nigeria to the east, Burkina Faso to the northwest, and Niger to the northeast. The majority of its population lives on the southern coastline of the Bight of Benin, part of the Gulf of Guinea in the northernmost tropical portion of the Atlantic Ocean. The capital is Porto-Novo, and the seat of government is in Cotonou, the most populous city and economic capital. Benin covers an area of, and its population in 2026 was estimated to be approximately. It is a tropical country with an economy heavily dependent on agriculture and the exports of palm oil and cotton.","A língua oficial do Benim é o francês, sendo que o fon, bariba, iorubá e dendi também são falados. O maior grupo religioso no Benim é o catolicismo romano, seguido pelo islamismo, vodum e protestantismo. Benim é integrante de várias organizações internacionais, como as Nações Unidas, a Organização para a Cooperação Islâmica, Organização Internacional da Francofonia e Zona de Paz e Cooperação do Atlântico Sul, sendo membro, também, de organizações regionais como a União Africana, Comunidade Econômica dos Estados da África Ocidental, Comunidade dos Estados do Sahel-Saara, Organização Africana de Produtores de Petróleo e a Autoridade da Bacia do Níger.","Le Bénin, en forme longue la république du Bénin, historiquement connu sous le nom de Dahomey, est un État d'Afrique de l'Ouest, qui couvre une superficie de et s'étend sur, du fleuve Niger au nord à la côte atlantique au sud. Le Bénin comptait en 2025. Le pays fait partie des États membres de la CEDEAO et a comme voisins le Togo à l'ouest, le Nigeria à l'est, le Niger au nord-est et le Burkina Faso au nord-ouest.","Il Benin, ufficialmente Repubblica del Benin, è uno Stato dell'Africa occidentale, fino al 1975 conosciuto con il nome di Dahomey.","La lengua oficial de Benín es el francés.","Porto-Novo","Cotonou","15170420","114763","94.8","Unitary|presidential republic","French","Beninese|Beninoise","27450.202520251016","0.515","West African CFA franc","+1","+229",".bj"
"XO","Mali","Mali","Mali","Mali","Mali","https://en.wikipedia.org/wiki/Special:FilePath/Flag_of_Mali.svg?width=250","Mali, officially the Republic of Mali, is a landlocked country in West Africa. It is the eighth-largest country in Africa and the 23rd largest country in the world, with an area of 1240192.","Formado por oito regiões, o Mali tem fronteiras ao norte, no meio ao Deserto do Saara, enquanto a região sul, onde vive a maioria de seus habitantes, está próximo aos rios Níger e Senegal. Alguns dos recursos naturais no Mali são o ouro, o urânio e o sal.","Le Mali, en forme longue la république du Mali, est un État d'Afrique de l'Ouest, frontalier de la Mauritanie au nord-ouest, de l'Algérie au nord-est, du Niger à l'est, du Burkina Faso au sud-est, de la Côte d'Ivoire au sud, de la Guinée au sud-ouest et du Sénégal à l'ouest. Sa capitale est Bamako, dont l'aire urbaine compte d'habitants en 2019 suspendu de cette organisation en raison de la dictature militaire.","Il Mali, ufficialmente Repubblica del Mali, è uno Stato situato nell'Africa occidentale e senza sbocco al mare. È l'ottavo Stato più esteso dell'Africa, con un'area di oltre ; la popolazione ammonta a 21,3 milioni di abitanti, il 67% dei quali veniva stimato essere al di sotto dei 25 anni nel 2017. A nord confina con l'Algeria, a est con il Niger, a sud con il Burkina Faso e la Costa d'Avorio, a sud-ovest con la Guinea e a ovest con il Senegal e la Mauritania; la capitale è Bamako, che è anche la maggiore città del Paese. Lo Stato consiste di otto regioni, e il suo confine settentrionale raggiunge le profondità del deserto del Sahara, mentre la parte meridionale del Paese è compresa nella savana sudanese, attraverso la quale scorrono sia il fiume Niger sia il fiume Senegal, e dove vive la maggior parte degli abitanti. L'economia nazionale è centrata sull'agricoltura e l'estrazione mineraria: una delle principali risorse naturali del Mali è l'oro, di cui è il terzo produttore nel continente africano; esporta anche il sale.","Mali o Malí, cuyo nombre oficial es República de Mali, es un Estado sin litoral situado en África Occidental. Su capital y ciudad más poblada es Bamako.","Bamako","Bamako","25200000","1240192","18","Unitary|presidential republic|under a|military junta","13 national languages|Bambara|Bobo|Hassaniya Arabic|Bozo|Dogon, Toro So|Fula|Kassonke|Maninke|Minyanka|Senufo, Senara|Songhay, Koyraboro Senni|Soninke|Tamasheq","Malian","23.21","0.419","West African CFA franc","±00:00","+223",".ml"
"XO","Senegal","Senegal","Sénégal","Senegal","Senegal","https://en.wikipedia.org/wiki/Special:FilePath/Flag_of_Senegal.svg?width=250","Senegal, officially the Republic of Senegal, is the westernmost country of mainland West Africa, situated along the Atlantic Ocean coast. It borders Mauritania to the north, Mali to the east, Guinea to the southeast and Guinea-Bissau to the southwest. Senegal nearly surrounds the Gambia, a country occupying a narrow strip of land along the banks of the Gambia River, which separates Senegal's southern region of Casamance from the rest of the country. It also shares a maritime border with Cape Verde. The capital and largest city of Senegal is Dakar.","O atual território do Senegal tem visto o desenvolvimento de vários reinos, como o Império Uolofe, vassalo dos impérios sucessivos de Gana, Mali e Songai. Depois de 1591, ele sofreu a fragmentação política do Oeste Africano consecutivo na Batalha de Tondibi. No, vários contadores pertencentes a vários impérios coloniais europeus se estabeleceram ao longo da costa, eles servem para apoiar o comércio triangular. A França assumiu ascendência gradual para os outros poderes e ergueu São Luís, Goreia, Dacar e Rufisque em comunas francesas regidas pelo estatuto dos quatro municípios. Com a Revolução Industrial, a França queria construir uma ferrovia para ligar e Lat Dior entrou em conflito com o rei Damel do Caior. Este conflito fez com que a França elevasse o Reino de Caior à categoria de protetorado em 1886, um ano após a Conferência de Berlim. A colonização de toda a África Ocidental é então preparada e São Luís e Dacar vão-se tornar duas capitais sucessivas da África Ocidental Francesa, criada em 1895. Dacar mais tarde se tornou a capital da República do Senegal, no momento da independência em 1960.","Le Sénégal, en forme longue la république du Sénégal, est un État d'Afrique de l'Ouest bordé à l'ouest par l'océan Atlantique. Les pays qui lui sont frontaliers sont la Mauritanie au nord, le Mali à l'est, la Guinée au sud-est, la Guinée-Bissau au sud-ouest, et enfin la Gambie, qui est presque entièrement enclavée au sein du territoire sénégalais dans l'embouchure du fleuve Gambie.","Il Senegal, ufficialmente Repubblica del Senegal è uno Stato dell'Africa occidentale, con capitale Dakar.","Debe su nombre al río Senegal, que marca la frontera este y norte del país. Senegal limita con el océano Atlántico al oeste, con Mauritania al norte, con Malí al este, y con Guinea y Guinea-Bisáu al sur. Gambia forma un enclave virtual dentro de Senegal, siguiendo el río Gambia durante más de 300 km tierra adentro. Las islas de Cabo Verde se encuentran a 560 km mar adentro, frente a la costa senegalesa. La población del país se estima en aproximadamente 16 millones de personas. El clima es tropical con dos estaciones, una seca y otra lluviosa.","Dakar","Dakar","18847519","196722","18847519","Unitary|semi-presidential republic","French","Senegalese","34.728","0.53","West African CFA franc","±00:00","+221",".sn"
"XO","Togo","Togo","Togo","Togo","Togo","https://en.wikipedia.org/wiki/Special:FilePath/Flag_of_Togo.svg?width=250","Togo, officially the Togolese Republic, is a country located in West Africa. It is bordered by Ghana to the west, Benin to the east and Burkina Faso to the north. It is one of the least developed countries in the world. It extends north from the Gulf of Guinea to the Burkina Faso-Togo border. It is a small, tropical country, spanning 57,000 with a population of approximately 8 million. It has a width of less than between Ghana and its eastern neighbour Benin.","Localizado no oeste da África, Togo é constituído por um estreito território que reúne povos de diferentes origens. O grupo étnico euê, o mais numeroso, concentra-se no sul, perto do litoral, a região mais desenvolvida.","Le Togo, en forme longue la République togolaise, est un pays d'Afrique de l'Ouest dont la population est estimée à 8 095 498 d'habitants en 2023 pour une densité de population avoisinant les. Le Togo tire son nom de l'actuel Togoville. Bordé au nord par le Burkina Faso, au sud par l'océan Atlantique, à l'est par le Bénin et à l'ouest par le Ghana, le Togo présente une grande diversité de paysages : une côte de sable au sud, au centre des collines, des vallées et les montagnes de l'Atacora traversant le centre du pays, et au nord des plaines arides et de grandes savanes.","Il Togo, ufficialmente Repubblica Togolese, è uno Stato dell'Africa occidentale. Confina a ovest con il Ghana, a est con il Benin, a nord con il Burkina Faso. Si affaccia per un breve tratto sul golfo di Guinea a sud; in questo tratto di costa si trova la capitale Lomé. Lo Stato è vasto ed è abitato da circa 8 milioni di abitanti con una densità di. La lingua ufficiale è il francese ma vi si parlano anche molte lingue africane. Col nome di Togoland fu colonia prima della Germania e poi della Francia, da cui ottenne l'indipendenza nel 1960.","Entre los siglos y, la región costera fue un importante centro en el comercio atlántico de esclavos, lo que le valió a Togo y la región circundante el nombre «costa de los esclavos». En 1884, Alemania declaró una región que incluía al actual Togo como parte del protectorado de Togolandia, que fue transferido a Francia después de la Primera Guerra Mundial. En 1960, el país obtuvo su independencia, y en 1967 Gnassingbé Eyadéma fue nombrado presidente tras liderar un golpe de Estado. Su régimen, que comenzó como un Estado unipartidista y anticomunista, permitió elecciones multipartidistas a partir de 1993, que se vieron afectadas por irregularidades. Eyadéma llegó a ser el líder nacional más longevo en la historia africana moderna, siendo presidente durante 38 años. En 2005, su hijo Faure Gnassingbé fue elegido presidente.","Lomé","Lomé","9583381","56785","125.9","Unitary parliamentary republic|under an|authoritarian|dictatorship","French","Togolese","10020.202520259203","0.571","West African CFA franc","+00:00","+228",".tg"
"YE","Yemen","Iémen","Yémen","Yemen","Yemen","https://en.wikipedia.org/wiki/Special:FilePath/Flag_of_Yemen.svg?width=250","Yemen, officially the Republic of Yemen, is a country in the southern part of West Asia. Including the Socotra Archipelago, mainland Yemen is located in southern Arabia; bordering Saudi Arabia to the north, Oman to the northeast, the south-eastern part of the Arabian Sea to the east, the Gulf of Aden to the south, and the Red Sea to the west, sharing maritime borders with Djibouti, Eritrea, Somaliland and Somalia across the Horn of Africa. Covering roughly 455,503 square kilometres, and the second-largest by population.","A capital e cidade mais populosa do país é Saná.","Le Yémen, en forme longue la république du Yémen, est un pays d’Asie de l’Ouest, plus précisément du Moyen-Orient, il est situé à la pointe sud-ouest de la péninsule d'Arabie. Il possède une frontière terrestre avec l’Arabie saoudite au nord et avec Oman au nord-est, et une frontière maritime avec Djibouti et l'Érythrée à l'ouest et la Somalie au sud. Il présente une importante façade maritime sur le golfe d'Aden, une moindre sur la mer Rouge, et contrôle, avec Djibouti, le détroit de Bab-el-Mandeb qui mène vers le canal de Suez. Sa capitale, Sanaa, se situe dans l'ouest du pays, et son principal port est Aden.","La repubblica, oltre al territorio continentale, comprende l'arcipelago di Socotra, composto da quattro isole fra cui l'isola di Socotra nell'Oceano Indiano, e gli arcipelaghi di Perim, Kamaran e Zuqur-Hānīsh nel Mar Rosso. Confina a nord con l'Arabia Saudita, a est con l'Oman, a ovest con il Mar Rosso, a sud con il golfo di Aden. La sua capitale è Sana'a.","Yemen, oficialmente la República de Yemen, es un país bicontinental situado en el Oriente Próximo asiático, que comparte fronteras con Omán y Arabia Saudita. La parte asiática está situada en el Mashreq, al sur de la península arábiga, limitado por el golfo de Adén y el mar Rojo ; la isla de Socotora está en la plataforma continental africana, más allá del cuerno de África. Es la única república de la península arábiga. Su capital y ciudad más poblada es Saná.","Sanaa","Sanaa","32684503","455503","71.8","Unitary|semi-presidential republic|under a|provisional government","Arabic","Yemeni|Yemenite","17.4","0.47","Yemeni rial","+3","+967",""
"ZA","South Africa","África do Sul","Afrique du Sud","Sudafrica","Sudáfrica","https://en.wikipedia.org/wiki/Special:FilePath/Flag_of_South_Africa.svg?width=250","South Africa, officially the Republic of South Africa, is the southernmost country in Africa. Its nine provinces are bounded to the south by of coastline that stretches along the South Atlantic, and Indian Ocean; to the north by the neighbouring countries of Namibia, Botswana, and Zimbabwe to the east and northeast by Mozambique, and Eswatini, and it encloses Lesotho. Covering an area of 1221037, the country has a population of over 63 million people, making it the sixth-most populated country in Africa.","África do Sul, oficialmente República da África do Sul e mais raramente referida como Suláfrica, é um país localizado no extremo sul da África, entre os oceanos Atlântico e Índico, com quilômetros de litoral. É limitado pela Namíbia, Botsuana e Zimbábue ao norte; Moçambique e Essuatíni a leste; e com o Lesoto, um enclave totalmente rodeado pelo território sul-africano. O país é conhecido por sua biodiversidade e pela grande variedade de culturas, idiomas e crenças religiosas. A Constituição reconhece 11 línguas oficiais. Duas dessas línguas são de origem europeia: o africâner, uma língua que se originou principalmente a partir do neerlandês e que é falado pela maioria dos brancos e mestiços sul-africanos, e o inglês sul-africano, que é a língua mais falada na vida pública oficial e comercial, mas é apenas o quinto idioma mais falado em casa.","LAfrique du Sud, en forme longue la république d'Afrique du Sud, est un pays d'Afrique australe. Sa capitale administrative est Pretoria. Il est frontalier à l'ouest-nord-ouest avec la Namibie, au nord et au nord-nord-est avec le Botswana, au nord-est avec le Zimbabwe et à l'est-nord-est avec le Mozambique et l'Eswatini. Le Lesotho est pour sa part un État enclavé dans le territoire sud-africain.","Il Sudafrica, ufficialmente Repubblica del Sudafrica, è uno Stato indipendente dell'Africa australe.","Posee 2798 kilómetros de costa en los océanos Atlántico e Índico. Limita al norte con Namibia, Botsuana y Zimbabue, al este con Mozambique y Suazilandia, mientras que Lesoto es un país rodeado por el territorio sudafricano.","Pretoria","Johannesburg","63015904","1221037","50.8","Unitary|parliamentary republic with an executive presidency","12 languages","South African","479.964","0.741","South African rand","+2","+27",".za"
"ZM","Zambia","Zâmbia","Zambie","Zambia","Zambia","https://en.wikipedia.org/wiki/Special:FilePath/Flag_of_Zambia.svg?width=250","Zambia, officially the Republic of Zambia, is a landlocked country in Southern Africa. It is bordered to the north by the Democratic Republic of the Congo, Tanzania to the northeast, Malawi to the east, Mozambique to the southeast, Zimbabwe and Botswana to the south, Namibia to the southwest, and Angola to the west. The capital city of Zambia is Lusaka, located in the south-central part of Zambia. The population is concentrated mainly around Lusaka in the south and the Copperbelt Province to the north, the core economic hubs of Zambia.","Zâmbia, oficialmente República da Zâmbia, é um país sem costa marítima localizado na África Austral. Faz fronteira a norte com a República Democrática do Congo, a nordeste com a Tanzânia, a leste com o Malawi, a sudeste com Moçambique, a sul com o Zimbabwe e Botswana, a sudoeste com a Namíbia e a oeste com Angola. A capital da Zâmbia é Lusaka, localizada na parte centro-sul do país. A população concentra-se principalmente em torno de Lusaka, no sul, e na província de Copperbelt, no norte, os principais centros económicos do país.","La Zambie, en forme longue la république de Zambie, et Republic of Zambia, est un pays d'Afrique australe, sans accès à la mer. Sa population est estimée à d'habitants en 2023. Il s'agit d'une république démocratique, dont la capitale est Lusaka. Son nom provient du nom du fleuve Zambèze.","Confinante a nord con la Repubblica Democratica del Congo, a nord-est con la Tanzania, a est con il Malawi, a sud con Mozambico, Zimbabwe, Botswana e Namibia, e a ovest con l'Angola, lo Zambia non ha sbocchi sul mare. In passato noto con il nome di Rhodesia Settentrionale, il suo nome attuale si riferisce invece al fiume Zambesi.","Habitada originalmente por pueblos joisán, la región se vio alterada por la expansión bantú durante el. Siguiendo a los exploradores europeos en el, los británicos colonizaron la región y formaron los protectorados de Rodesia del Nordeste y Barotselandia hacia finales del. Estos se fusionaron en 1911 para formar Rodesia del Norte. Durante la mayor parte del período colonial, Zambia estuvo gobernada por una administración designada desde Londres con el asesoramiento de la Compañía Británica de Sudáfrica.","Lusaka","Lusaka","20216029","752617","17.2","Unitary|presidential republic","English","Zambian","29.536","0.595","Zambian kwacha","+2","+260",".zm"
"ZW","Zimbabwe","Zimbabwe","Zimbabwe","Zimbabwe","Zimbabue","https://en.wikipedia.org/wiki/Special:FilePath/Flag_of_Zimbabwe.svg?width=250","Zimbabwe, officially the Republic of Zimbabwe, is a landlocked country in Southeast Africa, between the Zambezi and Limpopo River, bordered by South Africa to the south, Botswana to the southwest, Zambia to the north, and Mozambique to the east. The capital and largest city is Harare, and the second largest is Bulawayo.","Desde o século XI, o atual Zimbábue tem sido o local de vários estados e reinos organizados, além de uma rota importante para a migração e o comércio. A Companhia Britânica da África do Sul de Cecil Rhodes demarcou o território atual durante a década de 1890; tornou-se a colônia britânica autônoma da Rodésia do Sul em 1923. Em 1965, o governo da minoria branca conservadora declarou unilateralmente a independência como a Rodésia. O Estado sofreu isolamento internacional e uma guerra de guerrilha de 15 anos com forças nacionalistas negras; isso culminou em um acordo de paz que estabeleceu a emancipação universal e a soberania de jure em abril de 1980. Robert Mugabe tornou-se primeiro ministro do Zimbábue em 1980, quando seu partido ZANU-PF ganhou as eleições após o fim do domínio da minoria branca, e tornou-se presidente do Zimbábue em 1987. Segundo o Departamento de Estado dos Estados Unidos, durante a era Mugabe o aparelho de segurança do estado foi responsável por violações generalizadas dos direitos humanos. Na década de 1990, a situação económica deteriorou-se significativamente sob o peso das sanções internacionais, levando o regime a aceitar uma política de ""reajustamento estrutural"" defendida pelas instituições financeiras internacionais. Em 15 de novembro de 2017, após mais de um ano de protestos contra seu governo, bem como a economia em declínio rápido de Zimbábue, Mugabe foi preso pelo exército nacional do país em um golpe de estado. Em 19 de novembro de 2017, o ZANU-PF demitiu Robert Mugabe como líder do partido e nomeou o ex-vice-presidente Emmerson Mnangagwa em seu lugar. Robert Mugabe acabaria por demitir-se na tarde de 21 de novembro de 2017, pressionado pelas manifestações populares, pelos militares e pela comunidade internacional.","Le Zimbabwe ou Zimbabwé, en forme longue la république du Zimbabwe ou république du Zimbabwé, est un pays situé en Afrique australe. Enclavé entre les fleuves Zambèze et Limpopo, le pays est entouré par l'Afrique du Sud au sud, le Botswana à l'ouest, le Mozambique à l'est et la Zambie au nord. La capitale, Harare, est située dans le nord-est et possède le statut de ville-province. Y résident d'habitants, avec l'aire urbaine, sur les que compte le pays, qui possède seize langues officielles dont principalement l'anglais, le shona et le ndébélé. La monnaie était auparavant le dollar zimbabwéen, jusqu'à son remplacement par le dollar américain et quelques autres monnaies adossées au dollar à la suite de la crise d'hyperinflation de 2009. La monnaie actuelle est l’or du Zimbabwe.","Lo Zimbabwe, ufficialmente Repubblica dello Zimbabwe, è uno Stato dell'Africa meridionale, situato tra il fiume Zambesi e il fiume Limpopo; è uno stato senza sbocco al mare e confina a nord con lo Zambia, a est con il Mozambico, a sud con il Sudafrica e a ovest con il Botswana. Fino al 1979 era noto come Rhodesia Meridionale o più semplicemente Rhodesia.","Zimbabue ―oficialmente República de Zimbabue es un país sin litoral situado en el sudeste de África, entre el río Zambeze, las cataratas Victoria y el río Limpopo. Limita al oeste con Botsuana, al norte con Zambia, al sur con Sudáfrica y al este con Mozambique.","Harare","Harare","17166852","390757","45","Unitary|parliamentary republic with an executive presidency","16 languages|Chewa|Chibarwe|English|Kalanga|Khoisan|Nambya|Ndau|Ndebele|Shangani|Shona|Sotho|Tonga|Tswana|Venda|Xhosa|Zimbabwean sign language","Zimbabwean","53.31","0.598","Zimbabwe Gold|(|ZAR|)|United States dollar|South African rand|);|Other currencies","+2","+263",".zw"